machine_name,category,first_report_date,data_count,avg_operation,max_operation,min_operation,avg_sales,max_sales,avg_gross_profit,max_gross_profit,latest_report_date,latest_operation,latest_sales,latest_gross_profit,operation_contribution_weeks,avg_operation_4w,avg_sales_4w,avg_gross_profit_4w,recent_week_count,avg_operation_12w,avg_gross_profit_12w,recent12_week_count,machine_id,formal_machine_name,maker_name,series_name,sub_series_name,machine_type,is_smart,is_lt,is_active,latest_operation_score,recent4_operation_score,recent12_operation_score,recent_profit_score,long_lifecycle_score,latest_rank_in_category,recent_rank_penalty,active_popularity_score,legend_score,asset_score,active_grade,legend_grade,asset_grade,ai_comment
Lスロット ソードアート・オンラインⅡ,S,2026-06-17,2,23476.0,24160,22792,94257.0,95926,17361.0,18382,2026-06-24,22792,92588,16340,2,23476.0,94257.0,17361.0,2.0,23476.0,17361.0,2.0,S_10dbf8b240,Lスロット ソードアート・オンラインⅡ,大都技研,ソードアート・オンライン,,スマスロ,True,False,True,52.33,48.78,48.98,100.0,0.88,3.0,0,52.6,43.11,70.41,C,C,A,Lスロット ソードアート・オンラインⅡは最新稼働22792、直近4週平均稼働23476、稼働貢献週2週。現役人気指数52.6、長期名機指数43.1、ホール資産指数70.4。
L戦国乙女5 業火を穿つ宿焔の双刃,S,2026-06-17,2,24078.0,24933,23223,77799.5,78850,10571.0,10602,2026-06-24,23223,76749,10540,2,24078.0,77799.5,10571.0,2.0,24078.0,10571.0,2.0,S_51e27eda14,L戦国乙女5 業火を穿つ宿焔の双刃,オリンピア,戦国乙女,,スマスロ,True,False,True,53.37,50.39,50.58,62.66,0.88,2.0,0,50.06,38.1,51.4,C,D,C,L戦国乙女5 業火を穿つ宿焔の双刃は最新稼働23223、直近4週平均稼働24078、稼働貢献週2週。現役人気指数50.1、長期名機指数38.1、ホール資産指数51.4。
Lスマスロ ミリオンゴッド-神々の軌跡-,S,2026-04-29,9,18444.777777777777,25831,13303,75354.44444444444,105058,18651.88888888889,31730,2026-06-24,13303,55564,12259,9,15372.5,63445.333333333336,13828.5,6.0,18444.777777777777,18651.88888888889,9.0,S_898752fa3b,Lスマスロ ミリオンゴッド-神々の軌跡-,ミズホ,ゴッド,,スマスロ,True,False,True,29.41,27.08,35.56,80.57,3.98,19.0,0,33.24,42.22,62.51,D,C,B,Lスマスロ ミリオンゴッド-神々の軌跡-は最新稼働13303、直近4週平均稼働15372、稼働貢献週9週。現役人気指数33.2、長期名機指数42.2、ホール資産指数62.5。
マイジャグラーⅤ,S,2021-12-22,226,13528.398230088496,16697,11735,23759.58407079646,28532,3113.20796460177,5719,2026-06-24,13892,24246,2714,226,13507.5,23428.166666666668,2455.3333333333335,6.0,13744.538461538461,2784.3076923076924,13.0,S_c20b177fd4,マイジャグラーⅤ,北電子,ジャグラー,,Aタイプ/ノーマル,False,False,True,30.83,22.08,23.02,18.03,100.0,14.0,0,28.34,50.53,36.97,D,C,D,マイジャグラーⅤは最新稼働13892、直近4週平均稼働13508、稼働貢献週226週。現役人気指数28.3、長期名機指数50.5、ホール資産指数37.0。
L真打 吉宗,S,2026-04-15,11,15577.363636363636,21102,12161,64265.36363636364,86415,11425.0,17605,2026-06-24,12161,50756,8269,11,13178.833333333334,54754.0,8996.0,6.0,15577.363636363636,11425.0,11.0,S_43d2165990,L真打 吉宗,大都技研,吉宗,,スマスロ,True,False,True,26.65,21.2,27.91,54.0,4.87,25.0,0,26.31,32.34,43.81,D,D,C,L真打 吉宗は最新稼働12161、直近4週平均稼働13179、稼働貢献週11週。現役人気指数26.3、長期名機指数32.3、ホール資産指数43.8。
Lスマスロ 甲鉄城のカバネリ 海門決戦,S,2026-03-11,16,18261.8125,25917,12773,55547.125,73667,5504.875,10497,2026-06-24,12773,39827,2313,16,14038.333333333334,43232.666666666664,2190.8333333333335,6.0,16797.615384615383,4570.384615384615,13.0,S_6bbcd56426,Lスマスロ 甲鉄城のカバネリ 海門決戦,サミー,,海門決戦,スマスロ,True,False,True,28.12,23.5,31.16,16.58,7.08,22.0,0,24.52,31.91,26.57,D,D,D,Lスマスロ 甲鉄城のカバネリ 海門決戦は最新稼働12773、直近4週平均稼働14038、稼働貢献週16週。現役人気指数24.5、長期名機指数31.9、ホール資産指数26.6。
Lパチスロうみねこのなく頃に2,S,2026-02-11,20,17828.25,24203,12541,28101.7,35513,-341.05,899,2026-06-24,12541,21243,-690,20,13464.666666666666,22591.833333333332,-773.5,6.0,15433.76923076923,-648.1538461538462,13.0,S_6ebbb5041b,Lパチスロうみねこのなく頃に2,ｵｰｲｽﾞﾐ･ｱﾐｭｰｼﾞｵ,,,スマスロ,True,False,True,27.56,21.97,27.52,0.27,8.85,24.0,0,21.65,26.46,13.7,D,D,D,Lパチスロうみねこのなく頃に2は最新稼働12541、直近4週平均稼働13465、稼働貢献週20週。現役人気指数21.6、長期名機指数26.5、ホール資産指数13.7。
SBニューキングハナハナV-30,S,2026-01-14,24,13007.125,17810,11496,23424.541666666668,29478,2108.5416666666665,3252,2026-06-24,12669,22839,1745,24,12279.833333333334,22168.333333333332,1801.5,6.0,12534.076923076924,2180.230769230769,13.0,S_271044d750,SBニューキングハナハナV-30,パイオニア,ハナハナ,,Aタイプ/ノーマル,False,False,True,27.87,18.79,19.79,14.44,10.62,23.0,0,20.82,22.96,20.35,D,D,D,SBニューキングハナハナV-30は最新稼働12669、直近4週平均稼働12280、稼働貢献週24週。現役人気指数20.8、長期名機指数23.0、ホール資産指数20.4。
沖ドキ!ゴージャス-30,S,2024-12-11,76,11811.184210526315,16053,10365,44392.31578947369,58930,6488.289473684211,11017,2026-06-24,11090,41477,5625,76,10689.333333333334,40016.166666666664,5468.333333333333,6.0,11101.615384615385,6079.846153846154,13.0,S_261aa58496,沖ドキ!ゴージャス-30,エレコ,沖ドキ,,沖スロ,False,False,True,24.06,14.53,15.96,34.6,33.63,36.0,0,20.57,31.98,34.27,D,D,D,沖ドキ!ゴージャス-30は最新稼働11090、直近4週平均稼働10689、稼働貢献週76週。現役人気指数20.6、長期名機指数32.0、ホール資産指数34.3。
ゴーゴージャグラー3,S,2023-07-12,148,10972.601351351352,21613,9398,20222.432432432433,33774,2825.5810810810813,4797,2026-06-24,11045,20278,2524,127,10603.0,19449.0,2430.1666666666665,6.0,10926.153846153846,2592.230769230769,13.0,S_d538e468e0,ゴーゴージャグラー3,北電子,ジャグラー,,Aタイプ/ノーマル,False,False,True,23.95,14.3,15.5,17.89,56.19,38.0,0,19.83,37.36,27.99,D,D,D,ゴーゴージャグラー3は最新稼働11045、直近4週平均稼働10603、稼働貢献週127週。現役人気指数19.8、長期名機指数37.4、ホール資産指数28.0。
キングハナハナ-30(2023年),S,2023-03-29,162,10939.5,18239,9370,17840.53086419753,27005,1925.0802469135801,5189,2026-06-24,10784,17227,1227,140,10483.833333333334,16691.833333333332,1137.1666666666667,6.0,10765.076923076924,1418.3076923076924,13.0,S_788d47b589,キングハナハナ-30(2023年),パイオニア,ハナハナ,,Aタイプ/ノーマル,False,False,True,23.32,13.98,15.07,10.78,61.95,43.0,0,19.02,36.9,25.66,D,D,D,キングハナハナ-30(2023年)は最新稼働10784、直近4週平均稼働10484、稼働貢献週140週。現役人気指数19.0、長期名機指数36.9、ホール資産指数25.7。
Lスマスロ スーパーリオエース2,S,2026-05-20,6,13987.666666666666,20080,8993,49382.666666666664,69105,8152.5,12091,2026-06-24,8993,32052,4673,5,13987.666666666666,49382.666666666664,8152.5,6.0,13987.666666666666,8152.5,6.0,S_66221f3729,Lスマスロ スーパーリオエース2,山佐ネクスト,,,スマスロ,True,False,True,18.99,23.37,23.66,49.36,2.21,103.0,20,3.64,27.2,37.93,D,D,D,Lスマスロ スーパーリオエース2は最新稼働8993、直近4週平均稼働13988、稼働貢献週5週。現役人気指数3.6、長期名機指数27.2、ホール資産指数37.9。
Lタクトオーパス デスティニー,S,2026-05-20,6,13702.666666666666,19554,8652,41864.0,57635,7086.5,9535,2026-06-24,8652,27286,4548,4,13702.666666666666,41864.0,7086.5,6.0,13702.666666666666,7086.5,6.0,S_223d5cf369,Lタクトオーパス デスティニー,アムテックス,,,スマスロ,True,False,True,18.17,22.6,22.9,43.5,1.77,118.0,20,2.36,25.75,34.63,D,D,D,Lタクトオーパス デスティニーは最新稼働8652、直近4週平均稼働13703、稼働貢献週4週。現役人気指数2.4、長期名機指数25.8、ホール資産指数34.6。
Lスマスロ BIRDIE WING -Golf Girls’ Story-,S,2026-06-17,2,12381.5,14424,10339,48126.0,55834,7408.5,9048,2026-06-24,10339,40418,5769,2,12381.5,48126.0,7408.5,2.0,12381.5,7408.5,2.0,S_d010fcde4c,Lスマスロ BIRDIE WING -Golf Girls’ Story-,ユニバーサルブロス,,,スマスロ,True,False,True,22.24,19.06,19.38,45.27,0.88,57.0,20,1.77,22.67,34.53,D,D,D,Lスマスロ BIRDIE WING -Golf Girls’ Story-は最新稼働10339、直近4週平均稼働12382、稼働貢献週2週。現役人気指数1.8、長期名機指数22.7、ホール資産指数34.5。
デカスタP戦国無双 100ver.,S,2026-05-20,6,13656.666666666666,20520,9410,24083.833333333332,35329,4745.0,5976,2026-06-24,9410,16557,2822,4,13656.666666666666,24083.833333333332,4745.0,6.0,13656.666666666666,4745.0,6.0,S_1f82051059,デカスタP戦国無双 100ver.,ニューギン,,無双,スロット,False,False,True,20.0,22.48,22.78,30.62,1.77,82.0,20,1.56,24.13,27.9,D,D,D,デカスタP戦国無双 100ver.は最新稼働9410、直近4週平均稼働13657、稼働貢献週4週。現役人気指数1.6、長期名機指数24.1、ホール資産指数27.9。
L A-SLOT+ ディスクアップ ULTRAREMIX,S,2025-01-29,46,13428.760869565218,23016,9947,28286.282608695652,44403,-330.0652173913044,1522,2026-06-24,9947,21691,-612,45,10104.0,21906.5,-823.5,2.0,10097.666666666666,-714.3333333333334,3.0,S_b9be424c14,L A-SLOT+ ディスクアップ ULTRAREMIX,サミー,,,スマスロ,True,True,True,21.3,12.96,13.29,0.0,19.91,68.0,20,0.0,26.14,13.06,D,D,D,L A-SLOT+ ディスクアップ ULTRAREMIXは最新稼働9947、直近4週平均稼働10104、稼働貢献週45週。現役人気指数0.0、長期名機指数26.1、ホール資産指数13.1。
L ToLOVEるダークネス TRANCE ver.8.7,S,2025-05-28,51,9028.529411764706,20577,6690,45051.117647058825,95410,3897.764705882353,10713,2026-06-24,7404,37368,1524,12,7120.166666666667,36009.666666666664,2433.3333333333335,6.0,7392.0,2807.7272727272725,11.0,S_2496d8b5d9,L ToLOVEるダークネス TRANCE ver.8.7,オリンピアエステート,,,スマスロ,True,False,True,15.15,4.97,6.07,17.91,5.31,195.0,20,0.0,21.18,19.62,D,D,D,L ToLOVEるダークネス TRANCE ver.8.7は最新稼働7404、直近4週平均稼働7120、稼働貢献週12週。現役人気指数0.0、長期名機指数21.2、ホール資産指数19.6。
L アズールレーン THE ANIMATION,S,2025-08-13,41,10913.609756097561,20623,6661,40804.756097560974,72979,4899.634146341464,11272,2026-06-10,7177,27565,2804,24,6928.25,26642.25,2682.0,4.0,7933.818181818182,3077.090909090909,11.0,S_eda259c939,L アズールレーン THE ANIMATION,京楽産業．,,,スマスロ,True,False,True,14.6,4.46,7.51,19.28,10.62,218.0,20,0.0,24.99,22.12,D,D,D,L アズールレーン THE ANIMATIONは最新稼働7177、直近4週平均稼働6928、稼働貢献週24週。現役人気指数0.0、長期名機指数25.0、ホール資産指数22.1。
L スマスロバジリスク～甲賀忍法帖～絆2 天膳 BLACK EDITION,S,2023-12-27,38,9880.868421052632,24144,5587,34495.60526315789,78223,3836.157894736842,12821,2026-06-17,6369,23838,2805,12,6369.0,23838.0,2805.0,1.0,6369.0,2805.0,1.0,S_b34ae9caec,L スマスロバジリスク～甲賀忍法帖～絆2 天膳 BLACK EDITION,ミズホ,バジリスク,天膳,スマスロ,True,False,True,12.65,2.96,3.34,19.95,5.31,280.0,20,0.0,23.22,19.54,D,D,D,L スマスロバジリスク～甲賀忍法帖～絆2 天膳 BLACK EDITIONは最新稼働6369、直近4週平均稼働6369、稼働貢献週12週。現役人気指数0.0、長期名機指数23.2、ホール資産指数19.5。
L 東京喰種,S,2025-02-12,68,15364.764705882353,23893,10404,58810.35294117647,87404,6477.867647058823,13480,2026-06-24,10590,40954,3206,68,10777.833333333334,40942.333333333336,2747.8333333333335,6.0,11724.923076923076,3463.6153846153848,13.0,S_1bc7ae6a97,L 東京喰種,スパイキー,東京喰種,,スマスロ,True,False,True,22.85,14.77,17.63,19.64,30.09,52.0,20,0.0,36.72,30.05,D,D,D,L 東京喰種は最新稼働10590、直近4週平均稼働10778、稼働貢献週68週。現役人気指数0.0、長期名機指数36.7、ホール資産指数30.1。
LB A-SLOT+ 異世界かるてっと BT,S,2026-04-15,11,11363.727272727272,17968,7562,28268.909090909092,41080,3565.6363636363635,5790,2026-06-24,7562,20049,2075,5,8705.666666666666,22756.833333333332,2615.8333333333335,6.0,11363.727272727272,3565.6363636363635,11.0,S_a1a90deb0e,LB A-SLOT+ 異世界かるてっと BT,サミー,,,スマスロ,True,False,True,15.53,9.22,16.66,18.91,2.21,187.0,20,0.0,20.56,19.97,D,D,D,LB A-SLOT+ 異世界かるてっと BTは最新稼働7562、直近4週平均稼働8706、稼働貢献週5週。現役人気指数0.0、長期名機指数20.6、ホール資産指数20.0。
LB SHAKE BONUS TRIGGER,S,2025-10-29,33,10767.242424242424,18546,8247,25045.909090909092,39350,2276.212121212121,4302,2026-06-24,8340,20277,1706,18,8627.166666666666,20757.166666666668,1604.8333333333333,6.0,8974.5,1691.0833333333333,12.0,S_2029a55693,LB SHAKE BONUS TRIGGER,大都技研,,,スマスロ,True,False,True,17.41,9.01,10.29,13.35,7.96,134.0,20,0.0,21.0,17.48,D,D,D,LB SHAKE BONUS TRIGGERは最新稼働8340、直近4週平均稼働8627、稼働貢献週18週。現役人気指数0.0、長期名機指数21.0、ホール資産指数17.5。
LBクレアの秘宝伝 ～はじまりの扉と太陽の石～ ボーナストリガーver.,S,2025-09-17,34,9968.0,21766,6463,22295.323529411766,42867,3741.264705882353,8272,2026-06-24,6463,15607,2552,14,6585.75,15634.5,2326.25,4.0,6774.0,2491.75,8.0,S_03fb21c116,LBクレアの秘宝伝 ～はじまりの扉と太陽の石～ ボーナストリガーver.,大都技研,,,スマスロ,True,False,True,12.88,3.54,4.42,17.32,6.19,268.0,20,0.0,22.48,19.01,D,D,D,LBクレアの秘宝伝 ～はじまりの扉と太陽の石～ ボーナストリガーver.は最新稼働6463、直近4週平均稼働6586、稼働貢献週14週。現役人気指数0.0、長期名機指数22.5、ホール資産指数19.0。
LBスマスロ サンダーV(2026年),S,2026-03-11,16,11429.75,17645,9150,24277.0,34164,2052.8125,2977,2026-06-24,9150,20288,1657,10,9619.666666666666,21120.5,1593.5,6.0,10607.846153846154,1898.923076923077,13.0,S_d72f4f9910,LBスマスロ サンダーV(2026年),エレコ,,,スマスロ,True,False,True,19.37,11.67,14.65,13.29,4.42,98.0,20,0.0,19.85,17.27,D,D,D,LBスマスロ サンダーV(2026年)は最新稼働9150、直近4週平均稼働9620、稼働貢献週10週。現役人気指数0.0、長期名機指数19.9、ホール資産指数17.3。
LBスマート沖スロ ニューキングハナハナV,S,2026-01-14,24,9989.375,15718,8560,18755.583333333332,27333,2062.9166666666665,2805,2026-06-24,9233,17538,1749,8,9061.666666666666,17119.166666666668,1679.8333333333333,6.0,9336.615384615385,1952.1538461538462,13.0,S_38ec471f18,LBスマート沖スロ ニューキングハナハナV,パイオニア,ハナハナ,,スマスロ,True,False,True,19.57,10.17,11.26,13.77,3.54,93.0,20,0.0,17.76,16.9,D,D,D,LBスマート沖スロ ニューキングハナハナVは最新稼働9233、直近4週平均稼働9062、稼働貢献週8週。現役人気指数0.0、長期名機指数17.8、ホール資産指数16.9。
LBスロットGALFY,S,2026-06-03,4,11698.75,16148,8492,27469.0,35433,2914.25,3811,2026-06-24,8492,21468,1981,2,11698.75,27469.0,2914.25,4.0,11698.75,2914.25,4.0,S_4c408a22a6,LBスロットGALFY,ｵｰｲｽﾞﾐ･ｱﾐｭｰｼﾞｵ,,,スマスロ,True,False,True,17.78,17.24,17.56,20.55,0.88,131.0,20,0.0,19.09,21.22,D,D,D,LBスロットGALFYは最新稼働8492、直近4週平均稼働11699、稼働貢献週2週。現役人気指数0.0、長期名機指数19.1、ホール資産指数21.2。
LB不二子BT,S,2025-12-31,21,11348.142857142857,21343,6990,22411.238095238095,37970,2765.5714285714284,5977,2026-05-27,6990,14543,1604,11,7125.0,14829.0,1572.0,2.0,8230.625,1801.875,8.0,S_e29fa4c740,LB不二子BT,アムテックス,,,スマスロ,True,False,True,14.15,4.99,8.3,13.17,4.87,231.0,20,0.0,22.07,16.69,D,D,D,LB不二子BTは最新稼働6990、直近4週平均稼働7125、稼働貢献週11週。現役人気指数0.0、長期名機指数22.1、ホール資産指数16.7。
Lアクダマドライブ,S,2026-04-15,10,9788.6,18728,5037,44466.3,82397,7783.6,15182,2026-06-24,5037,24289,4735,5,6077.4,28429.2,4788.6,5.0,9788.6,7783.6,10.0,S_34df333997,Lアクダマドライブ,サンスリー,,,スマスロ,True,False,True,9.43,2.18,12.46,30.86,2.21,383.0,20,0.0,23.32,27.46,D,D,D,Lアクダマドライブは最新稼働5037、直近4週平均稼働6077、稼働貢献週5週。現役人気指数0.0、長期名機指数23.3、ホール資産指数27.5。
Lアニマルスロットドッチ,S,2026-04-29,9,11999.222222222223,15856,8503,40991.11111111111,52747,7840.444444444444,11592,2026-06-24,8503,30131,5823,7,10193.666666666666,35696.833333333336,6610.666666666667,6.0,11999.222222222223,7840.444444444444,9.0,S_e7e8129746,Lアニマルスロットドッチ,北電子,,,スマスロ,True,False,True,17.81,13.2,18.36,40.88,3.1,130.0,20,0.0,24.03,32.94,D,D,D,Lアニマルスロットドッチは最新稼働8503、直近4週平均稼働10194、稼働貢献週7週。現役人気指数0.0、長期名機指数24.0、ホール資産指数32.9。
Lスマスロ シャーマンキング,S,2025-02-12,53,7720.471698113208,19845,5272,30996.245283018867,79365,5011.2830188679245,14519,2026-06-17,6065,23826,3270,5,6399.5,25100.25,3474.75,4.0,6742.777777777777,3733.3333333333335,9.0,S_8b8f0825a6,Lスマスロ シャーマンキング,エレコ,,,スマスロ,True,False,True,11.92,3.04,4.33,23.64,2.21,308.0,20,0.0,19.95,21.76,D,D,D,Lスマスロ シャーマンキングは最新稼働6065、直近4週平均稼働6400、稼働貢献週5週。現役人気指数0.0、長期名機指数19.9、ホール資産指数21.8。
Lスマスロ ハナビ(2026年),S,2026-02-11,20,10654.85,19150,7797,19040.7,30309,2483.0,3607,2026-06-24,7797,14972,2024,9,8103.333333333333,15296.166666666666,1978.5,6.0,8935.615384615385,2194.3076923076924,13.0,S_ae8b7639c6,Lスマスロ ハナビ(2026年),アクロス,,,スマスロ,True,False,True,16.1,7.61,10.19,15.41,3.98,169.0,20,0.0,20.15,17.36,D,D,D,Lスマスロ ハナビ(2026年)は最新稼働7797、直近4週平均稼働8103、稼働貢献週9週。現役人気指数0.0、長期名機指数20.1、ホール資産指数17.4。
Lスマスロ バイオハザードRE:3,S,2026-05-20,6,11873.0,19152,6817,43526.0,68859,7234.333333333333,11311,2026-06-24,6817,24976,3920,4,11873.0,43526.0,7234.333333333333,6.0,11873.0,7234.333333333333,6.0,S_55142f4b90,Lスマスロ バイオハザードRE:3,エンターライズ,,,スマスロ,True,False,True,13.73,17.7,18.02,44.31,1.77,242.0,20,0.0,24.39,33.82,D,D,D,Lスマスロ バイオハザードRE:3は最新稼働6817、直近4週平均稼働11873、稼働貢献週4週。現役人気指数0.0、長期名機指数24.4、ホール資産指数33.8。
Lスマスロ ビッグドリーム THE GOLDEN PUSHER,S,2026-05-20,6,11269.833333333334,17776,6330,61924.5,96008,11074.666666666666,16614,2026-06-24,6330,35464,6955,4,11269.833333333334,61924.5,11074.666666666666,6.0,11269.833333333334,11074.666666666666,6.0,S_d8d534f374,Lスマスロ ビッグドリーム THE GOLDEN PUSHER,サミー,,,スマスロ,True,False,True,12.56,16.09,16.41,65.43,1.77,284.0,20,0.0,26.65,44.4,D,D,C,Lスマスロ ビッグドリーム THE GOLDEN PUSHERは最新稼働6330、直近4週平均稼働11270、稼働貢献週4週。現役人気指数0.0、長期名機指数26.6、ホール資産指数44.4。
Lスマスロ マギアレコード 魔法少女まどか☆マギカ外伝,S,2025-04-16,58,10899.310344827587,24210,7035,32160.896551724138,67387,3343.7413793103447,9730,2026-06-17,7172,21977,2099,23,7423.4,22404.0,2132.2,5.0,8185.583333333333,2507.5833333333335,12.0,S_f333047b40,Lスマスロ マギアレコード 魔法少女まどか☆マギカ外伝,ミズホ,まどか☆マギカ,,スマスロ,True,False,True,14.59,5.78,8.18,16.25,10.18,219.0,20,0.0,25.02,19.32,D,D,D,Lスマスロ マギアレコード 魔法少女まどか☆マギカ外伝は最新稼働7172、直近4週平均稼働7423、稼働貢献週23週。現役人気指数0.0、長期名機指数25.0、ホール資産指数19.3。
Lスマスロ 化物語,S,2025-12-10,23,13143.652173913044,25041,6832,40059.217391304344,72744,4951.608695652174,11619,2026-05-20,6832,21185,1782,14,6832.0,21185.0,1782.0,1.0,8906.875,2623.375,8.0,S_a08b205a79,Lスマスロ 化物語,サミー,,,スマスロ,True,False,True,13.77,4.2,10.11,14.33,6.19,239.0,20,0.0,27.14,20.23,D,D,D,Lスマスロ 化物語は最新稼働6832、直近4週平均稼働6832、稼働貢献週14週。現役人気指数0.0、長期名機指数27.1、ホール資産指数20.2。
Lスマスロ 北斗の拳 転生の章2,S,2026-01-14,21,13470.52380952381,23410,8164,47201.380952380954,77132,3794.190476190476,9028,2026-06-24,8164,29890,842,18,8727.666666666666,31403.666666666668,587.0,3.0,10720.2,1712.0,10.0,S_6d815bde2d,Lスマスロ 北斗の拳 転生の章2,サミー,北斗の拳,転生,スマスロ,True,False,True,16.99,9.28,14.95,7.76,7.96,144.0,20,0.0,26.25,18.4,D,D,D,Lスマスロ 北斗の拳 転生の章2は最新稼働8164、直近4週平均稼働8728、稼働貢献週18週。現役人気指数0.0、長期名機指数26.2、ホール資産指数18.4。
Lスマスロ 攻殻機動隊(2026年),S,2026-02-11,20,14087.75,22509,9585,45136.95,68014,5862.4,11034,2026-06-24,9585,31930,3259,18,10523.5,34609.0,3516.8333333333335,6.0,12018.923076923076,4457.2307692307695,13.0,S_e2c4202520,Lスマスロ 攻殻機動隊(2026年),サミー,,,スマスロ,True,False,True,20.42,14.09,18.41,23.87,7.96,78.0,20,0.0,28.07,26.7,D,D,D,Lスマスロ 攻殻機動隊(2026年)は最新稼働9585、直近4週平均稼働10524、稼働貢献週18週。現役人気指数0.0、長期名機指数28.1、ホール資産指数26.7。
Lスマスロ 沖ドキ!DUO アンコール,S,2025-12-31,21,8454.333333333334,13610,6272,35810.28571428572,55501,3136.904761904762,5129,2026-05-27,6272,27202,2826,3,6272.0,27202.0,2826.0,1.0,7277.875,3188.75,8.0,S_f96627ea99,Lスマスロ 沖ドキ!DUO アンコール,メーシー,沖ドキ,,スマスロ,True,False,True,12.42,2.7,5.76,20.07,1.33,287.0,20,0.0,16.03,17.87,D,D,D,Lスマスロ 沖ドキ!DUO アンコールは最新稼働6272、直近4週平均稼働6272、稼働貢献週3週。現役人気指数0.0、長期名機指数16.0、ホール資産指数17.9。
Lスマスロキン肉マン～7人の悪魔超人編～,S,2023-08-16,53,8756.811320754718,19268,5336,39596.622641509435,86050,2797.622641509434,8403,2026-06-10,6970,31749,4127,9,6970.0,31749.0,4127.0,1.0,7694.0,4027.0,3.0,S_353929a755,Lスマスロキン肉マン～7人の悪魔超人編～,セブンリーグ,,,スマスロ,True,False,True,14.1,4.57,6.87,27.22,3.98,233.0,20,0.0,19.11,20.01,D,D,D,Lスマスロキン肉マン～7人の悪魔超人編～は最新稼働6970、直近4週平均稼働6970、稼働貢献週9週。現役人気指数0.0、長期名機指数19.1、ホール資産指数20.0。
LスマスロモンキーターンⅤ,S,2023-12-13,119,12491.672268907563,21854,7775,38549.49579831933,63355,3040.361344537815,9526,2026-06-24,7775,25311,1157,94,7775.0,25311.0,1157.0,1.0,8557.6,1390.6,5.0,S_e535b48685,LスマスロモンキーターンⅤ,山佐,モンキーターン,,スマスロ,True,False,True,16.05,6.73,9.18,10.89,41.59,172.0,20,0.0,34.35,22.47,D,D,D,LスマスロモンキーターンⅤは最新稼働7775、直近4週平均稼働7775、稼働貢献週94週。現役人気指数0.0、長期名機指数34.4、ホール資産指数22.5。
Lスマスロヨルムンガンド,S,2026-04-15,6,12419.0,19824,6131,43685.833333333336,68616,8029.166666666667,13388,2026-05-20,6131,21787,3143,5,6131.0,21787.0,3143.0,1.0,12419.0,8029.166666666667,6.0,S_152edba129,Lスマスロヨルムンガンド,山佐ネクスト,,,スマスロ,True,False,True,12.08,2.32,19.48,21.81,2.21,298.0,20,0.0,25.87,25.6,D,D,D,Lスマスロヨルムンガンドは最新稼働6131、直近4週平均稼働6131、稼働貢献週5週。現役人気指数0.0、長期名機指数25.9、ホール資産指数25.6。
Lスロット ソードアート・オンライン,S,2023-05-24,48,8523.9375,22409,4656,24854.583333333332,60807,3168.8541666666665,9302,2026-06-17,8683,24420,1822,9,8261.6,22983.4,1563.0,5.0,8395.625,2196.0,8.0,S_c800a516f3,Lスロット ソードアート・オンライン,大都技研,ソードアート・オンライン,,スマスロ,True,False,True,18.24,8.03,8.74,13.12,3.98,117.0,20,0.0,20.56,17.91,D,D,D,Lスロット ソードアート・オンラインは最新稼働8683、直近4週平均稼働8262、稼働貢献週9週。現役人気指数0.0、長期名機指数20.6、ホール資産指数17.9。
Lチバリヨ2,S,2024-03-13,114,9063.657894736842,18401,6708,39333.42105263158,75745,5543.043859649123,11952,2026-06-24,6971,30960,5138,26,6888.833333333333,30219.166666666668,3776.3333333333335,6.0,7315.923076923077,4069.769230769231,13.0,S_fa8541ac46,Lチバリヨ2,ネット,,,スマスロ,True,False,True,14.11,4.35,5.86,25.3,11.5,232.0,20,0.0,23.55,24.68,D,D,D,Lチバリヨ2は最新稼働6971、直近4週平均稼働6889、稼働貢献週26週。現役人気指数0.0、長期名機指数23.6、ホール資産指数24.7。
Lチバリヨ2プラス,S,2025-01-15,28,6124.357142857143,11784,5157,26661.464285714286,49420,4517.642857142857,8438,2026-05-27,5234,23059,3911,1,5263.5,23114.0,3899.0,2.0,5485.75,4378.25,4.0,S_4a18fceb05,Lチバリヨ2プラス,ネット,,,スマスロ,True,False,True,9.91,0.0,0.98,25.97,0.44,374.0,20,0.0,14.51,20.58,D,D,D,Lチバリヨ2プラスは最新稼働5234、直近4週平均稼働5264、稼働貢献週1週。現役人気指数0.0、長期名機指数14.5、ホール資産指数20.6。
Lパチスロ 機動戦士ガンダムユニコーン 覚醒DRIVE,S,2026-04-29,4,12124.75,17976,5856,48534.75,71117,7616.25,11127,2026-05-20,5856,24211,3354,3,5856.0,24211.0,3354.0,1.0,12124.75,7616.25,4.0,S_7cc6df8785,Lパチスロ 機動戦士ガンダムユニコーン 覚醒DRIVE,ビスティ,,,スマスロ,True,False,True,11.41,1.59,18.69,22.97,1.33,328.0,20,0.0,24.28,24.96,D,D,D,Lパチスロ 機動戦士ガンダムユニコーン 覚醒DRIVEは最新稼働5856、直近4週平均稼働5856、稼働貢献週3週。現役人気指数0.0、長期名機指数24.3、ホール資産指数25.0。
Lパチスロ 炎炎ノ消防隊2,S,2026-02-11,20,13901.25,23410,9121,45292.1,73563,6367.3,12848,2026-06-24,9391,30581,3160,14,9495.166666666666,30941.0,3395.8333333333335,6.0,11205.307692307691,4501.2307692307695,13.0,S_47316507f2,Lパチスロ 炎炎ノ消防隊2,SANKYO,,,スマスロ,True,False,True,19.95,11.33,16.24,23.2,6.19,84.0,20,0.0,28.21,26.33,D,D,D,Lパチスロ 炎炎ノ消防隊2は最新稼働9391、直近4週平均稼働9495、稼働貢献週14週。現役人気指数0.0、長期名機指数28.2、ホール資産指数26.3。
Lパチスロ 革命機ヴァルヴレイヴ2,S,2025-11-12,28,10527.5,21592,7021,41667.5,81340,3687.9285714285716,8728,2026-06-24,7126,28547,2092,11,7441.333333333333,29586.333333333332,2112.6666666666665,3.0,7679.777777777777,2342.777777777778,9.0,S_49fedbdf76,Lパチスロ 革命機ヴァルヴレイヴ2,SANKYO,,,スマスロ,True,False,True,14.48,5.83,6.83,16.15,4.87,224.0,20,0.0,22.37,19.02,D,D,D,Lパチスロ 革命機ヴァルヴレイヴ2は最新稼働7126、直近4週平均稼働7441、稼働貢献週11週。現役人気指数0.0、長期名機指数22.4、ホール資産指数19.0。
Lプリズムナナ(2025年),S,2025-12-10,26,9500.615384615385,19305,5835,38839.807692307695,75346,5700.538461538462,12669,2026-06-17,5835,25332,4397,6,6428.5,27033.25,3360.75,4.0,7467.909090909091,4072.3636363636365,11.0,S_d26dd811c8,Lプリズムナナ(2025年),カルミナ,,,スマスロ,True,False,True,11.36,3.12,6.27,23.01,2.65,332.0,20,0.0,21.72,22.71,D,D,D,Lプリズムナナ(2025年)は最新稼働5835、直近4週平均稼働6428、稼働貢献週6週。現役人気指数0.0、長期名機指数21.7、ホール資産指数22.7。
Lラブ嬢3～Wご指名はいかがですか?～,S,2023-12-13,74,7578.175675675676,19075,5432,25255.5,54898,4000.135135135135,9201,2026-06-17,5760,21317,4354,6,5760.0,21317.0,4354.0,1.0,6726.0,4564.0,2.0,S_e1b0c93427,Lラブ嬢3～Wご指名はいかがですか?～,アムテックス,,,スマスロ,True,False,True,11.18,1.33,4.29,28.47,2.65,339.0,20,0.0,18.81,21.1,D,D,D,Lラブ嬢3～Wご指名はいかがですか?～は最新稼働5760、直近4週平均稼働5760、稼働貢献週6週。現役人気指数0.0、長期名機指数18.8、ホール資産指数21.1。
L少女☆歌劇 レヴュースタァライト -The SLOT-,S,2025-03-12,55,10702.781818181818,22657,6461,24631.21818181818,48801,3872.2363636363634,8535,2026-06-03,7135,16841,2632,23,7135.0,16841.0,2632.0,1.0,7654.666666666667,2886.1666666666665,6.0,P_e95b11e381,L少女☆歌劇 レヴュースタァライト -The SLOT-,オーイズミ,,,パチンコ,False,False,True,14.5,5.01,6.77,19.0,10.18,222.0,20,0.0,24.68,20.6,D,D,D,L少女☆歌劇 レヴュースタァライト -The SLOT-は最新稼働7135、直近4週平均稼働7135、稼働貢献週23週。現役人気指数0.0、長期名機指数24.7、ホール資産指数20.6。
L戦国乙女4 戦乱に閃く炯眼の軍師,S,2023-09-13,98,10025.5,22599,6102,31716.01020408163,68527,3780.4285714285716,9433,2026-06-17,7373,23457,1899,35,7614.0,24211.0,2169.0,2.0,7614.0,2169.0,2.0,S_d6953837bc,L戦国乙女4 戦乱に閃く炯眼の軍師,オリンピアエステート,戦国乙女,,スマスロ,True,False,True,15.08,6.3,6.66,16.46,15.49,198.0,20,0.0,25.69,20.94,D,D,D,L戦国乙女4 戦乱に閃く炯眼の軍師は最新稼働7373、直近4週平均稼働7614、稼働貢献週35週。現役人気指数0.0、長期名機指数25.7、ホール資産指数20.9。
L聖闘士星矢 海皇覚醒 CUSTOM EDITION,S,2024-06-12,26,9657.846153846154,21775,4620,41967.846153846156,90225,4710.807692307692,11684,2026-06-03,6049,28544,3947,9,5820.5,27022.0,3649.5,2.0,5786.0,3833.0,4.0,S_a5511e6383,L聖闘士星矢 海皇覚醒 CUSTOM EDITION,サンスリー,,,スマスロ,True,False,True,11.88,1.49,1.78,24.6,3.98,310.0,20,0.0,22.42,21.43,D,D,D,L聖闘士星矢 海皇覚醒 CUSTOM EDITIONは最新稼働6049、直近4週平均稼働5820、稼働貢献週9週。現役人気指数0.0、長期名機指数22.4、ホール資産指数21.4。
L虚構推理,S,2026-04-15,11,13232.0,21268,8049,45979.27272727273,72399,7427.181818181818,13807,2026-06-24,8049,28583,3644,8,9603.0,33919.833333333336,4705.833333333333,6.0,13232.0,7427.181818181818,11.0,S_941a72e6d8,L虚構推理,ディ・ライト,,,スマスロ,True,False,True,16.71,11.62,21.65,30.41,3.54,153.0,20,0.0,26.94,29.38,D,D,D,L虚構推理は最新稼働8049、直近4週平均稼働9603、稼働貢献週8週。現役人気指数0.0、長期名機指数26.9、ホール資産指数29.4。
アイムジャグラーEX(2020年),S,2021-01-04,231,9613.87012987013,13477,7231,18539.619047619046,24730,2504.5151515151515,4609,2026-06-24,7937,15726,2229,71,7517.166666666667,14812.166666666666,2100.8333333333335,6.0,7872.461538461538,2265.846153846154,13.0,S_86e7f26173,アイムジャグラーEX(2020年),北電子,ジャグラー,,Aタイプ/ノーマル,False,False,True,16.44,6.04,7.35,16.08,31.42,160.0,20,0.0,25.3,21.28,D,D,D,アイムジャグラーEX(2020年)は最新稼働7937、直近4週平均稼働7517、稼働貢献週71週。現役人気指数0.0、長期名機指数25.3、ホール資産指数21.3。
ウルトラミラクルジャグラー,S,2024-12-11,76,9678.25,19249,7715,18134.065789473683,32929,2726.592105263158,5161,2026-06-24,8880,16817,2408,21,8651.166666666666,16224.0,2235.3333333333335,6.0,8914.461538461539,2454.076923076923,13.0,S_37ccca2a32,ウルトラミラクルジャグラー,北電子,ジャグラー,,Aタイプ/ノーマル,False,False,True,18.72,9.07,10.13,16.82,9.29,110.0,20,0.0,21.29,19.23,D,D,D,ウルトラミラクルジャグラーは最新稼働8880、直近4週平均稼働8651、稼働貢献週21週。現役人気指数0.0、長期名機指数21.3、ホール資産指数19.2。
ジャグラーガールズSS,S,2024-04-17,109,9675.201834862386,21587,7663,17666.67889908257,34689,2653.6422018348626,4928,2026-06-24,8769,16260,2339,26,8518.333333333334,15622.666666666666,2110.1666666666665,6.0,8826.23076923077,2295.6923076923076,13.0,S_8b62ab2976,ジャグラーガールズSS,北電子,ジャグラー,,Aタイプ/ノーマル,False,False,True,18.45,8.72,9.89,16.13,11.5,113.0,20,0.0,22.87,19.19,D,D,D,ジャグラーガールズSSは最新稼働8769、直近4週平均稼働8518、稼働貢献週26週。現役人気指数0.0、長期名機指数22.9、ホール資産指数19.2。
スターハナハナ-30,S,2025-01-15,54,10561.185185185184,19761,7612,15480.055555555555,26397,1348.2222222222222,4341,2026-06-24,7935,11920,904,24,7935.0,11920.0,904.0,1.0,8812.5,1246.0,2.0,S_af93e0ab88,スターハナハナ-30,パイオニア,ハナハナ,,Aタイプ/ノーマル,False,False,True,16.44,7.16,9.86,9.5,10.62,161.0,20,0.0,21.37,15.08,D,D,D,スターハナハナ-30は最新稼働7935、直近4週平均稼働7935、稼働貢献週24週。現役人気指数0.0、長期名機指数21.4、ホール資産指数15.1。
デカスタP STEINS；GATE 0 まゆしぃば～じょん,S,2025-10-29,31,12020.645161290322,27270,8120,17631.16129032258,36406,3813.1612903225805,7072,2026-06-24,8120,12423,3001,19,8320.0,12625.5,2817.75,4.0,8815.0,2987.1,10.0,P_76a5b7509c,デカスタP STEINS；GATE 0 まゆしぃば～じょん,ニューギン,,,パチンコ,False,False,True,16.88,8.19,9.86,20.02,8.41,148.0,20,0.0,26.96,21.29,D,D,D,デカスタP STEINS；GATE 0 まゆしぃば～じょんは最新稼働8120、直近4週平均稼働8320、稼働貢献週19週。現役人気指数0.0、長期名機指数27.0、ホール資産指数21.3。
ドラゴンハナハナ～閃光～-30,S,2023-12-27,125,11595.16,17168,9311,17888.504,26803,1367.76,4321,2026-06-24,9628,14959,1135,114,9565.666666666666,14904.333333333334,1112.0,6.0,10037.0,1237.6153846153845,13.0,S_338d43a32a,ドラゴンハナハナ～閃光～-30,パイオニア,ハナハナ,,Aタイプ/ノーマル,False,False,True,20.53,11.52,13.12,10.64,50.44,76.0,20,0.0,33.0,22.45,D,D,D,ドラゴンハナハナ～閃光～-30は最新稼働9628、直近4週平均稼働9566、稼働貢献週114週。現役人気指数0.0、長期名機指数33.0、ホール資産指数22.4。
ネオアイムジャグラーEX,S,2025-09-10,40,11025.525,18781,9464,20581.925,31150,2320.775,4367,2026-06-24,10294,19637,2205,30,9849.333333333334,18685.833333333332,2039.5,6.0,10160.76923076923,2338.153846153846,13.0,S_a90ab18ec6,ネオアイムジャグラーEX,北電子,ジャグラー,,Aタイプ/ノーマル,False,False,True,22.13,12.28,13.45,15.74,13.27,60.0,20,0.0,22.92,19.76,D,D,D,ネオアイムジャグラーEXは最新稼働10294、直近4週平均稼働9849、稼働貢献週30週。現役人気指数0.0、長期名機指数22.9、ホール資産指数19.8。
ハイビリターン-30,S,2025-07-16,47,8315.0,15162,6604,30042.85106382979,47181,3531.851063829787,6091,2026-06-24,7208,26393,2873,6,7023.166666666667,25845.666666666668,3168.0,6.0,7303.461538461538,3323.6153846153848,13.0,S_0428d9a575,ハイビリターン-30,パイオニア,,,スロット,False,False,True,14.68,4.71,5.83,21.95,2.65,215.0,20,0.0,17.31,19.62,D,D,D,ハイビリターン-30は最新稼働7208、直近4週平均稼働7023、稼働貢献週6週。現役人気指数0.0、長期名機指数17.3、ホール資産指数19.6。
ハッピージャグラーVⅢ,S,2022-11-02,183,8923.459016393443,20951,6800,16699.775956284153,31932,2609.7322404371585,4588,2026-06-24,8132,15587,2458,31,7799.0,14896.333333333334,2263.6666666666665,6.0,8092.076923076923,2454.3846153846152,13.0,S_06b19afd94,ハッピージャグラーVⅢ,北電子,ジャグラー,,Aタイプ/ノーマル,False,False,True,16.91,6.79,7.93,16.98,13.72,147.0,20,0.0,22.69,19.19,D,D,D,ハッピージャグラーVⅢは最新稼働8132、直近4週平均稼働7799、稼働貢献週31週。現役人気指数0.0、長期名機指数22.7、ホール資産指数19.2。
パチスロ この素晴らしい世界に祝福を!,S,2022-04-13,201,8431.228855721392,19126,6725,19735.691542288558,44114,2397.2139303482586,6664,2026-06-24,7443,18008,2377,20,7611.5,18177.5,2246.3333333333335,6.0,7961.0,2451.846153846154,13.0,S_9a4f8103b2,パチスロ この素晴らしい世界に祝福を!,サミー,,,パチスロ,False,False,True,15.25,6.29,7.58,16.88,8.85,192.0,20,0.0,19.94,17.99,D,D,D,パチスロ この素晴らしい世界に祝福を!は最新稼働7443、直近4週平均稼働7612、稼働貢献週20週。現役人気指数0.0、長期名機指数19.9、ホール資産指数18.0。
ファンキージャグラー2,S,2021-10-20,228,9699.429824561403,14020,7509,18450.026315789473,25108,2806.7763157894738,4824,2026-06-24,9179,17754,2624,79,8865.833333333334,17001.166666666668,2406.3333333333335,6.0,9111.923076923076,2587.5384615384614,13.0,S_ee835a181e,ファンキージャグラー2,北電子,ジャグラー,,Aタイプ/ノーマル,False,False,True,19.44,9.65,10.66,17.76,34.96,95.0,20,0.0,26.9,23.58,D,D,D,ファンキージャグラー2は最新稼働9179、直近4週平均稼働8866、稼働貢献週79週。現役人気指数0.0、長期名機指数26.9、ホール資産指数23.6。
ミスタージャグラー,S,2024-07-31,94,10278.627659574468,21108,8044,19577.627659574468,35114,2646.031914893617,5749,2026-06-24,8955,17397,2200,41,8785.666666666666,16920.333333333332,2032.5,6.0,9061.846153846154,2265.4615384615386,13.0,S_86592b4dd9,ミスタージャグラー,北電子,ジャグラー,,Aタイプ/ノーマル,False,False,True,18.9,9.43,10.52,15.71,18.14,108.0,20,0.0,25.09,20.25,D,D,D,ミスタージャグラーは最新稼働8955、直近4週平均稼働8786、稼働貢献週41週。現役人気指数0.0、長期名機指数25.1、ホール資産指数20.2。
沖ドキ!BLACK,S,2024-07-10,97,10157.247422680412,16385,8332,38646.32989690721,58632,5268.2474226804125,8467,2026-06-24,8880,34276,4698,41,8555.666666666666,32793.5,4342.333333333333,6.0,8915.384615384615,4724.615384615385,13.0,S_95c57f7f2d,沖ドキ!BLACK,ミズホ,沖ドキ,,沖スロ,False,False,True,18.72,8.82,10.13,28.41,18.14,110.0,20,0.0,25.26,27.17,D,D,D,沖ドキ!BLACKは最新稼働8880、直近4週平均稼働8556、稼働貢献週41週。現役人気指数0.0、長期名機指数25.3、ホール資産指数27.2。
沖ドキ!GOLD,S,2023-01-11,171,9050.69590643275,14950,6090,33590.87719298246,52192,4695.619883040936,7734,2026-06-24,6463,25221,3803,59,6237.0,24212.8,3454.8,5.0,6543.5,3738.25,12.0,S_b585010de3,沖ドキ!GOLD,ユニバーサルブロス,沖ドキ,,沖スロ,False,False,True,12.88,2.61,3.8,23.53,26.11,268.0,20,0.0,25.78,24.74,D,D,D,沖ドキ!GOLDは最新稼働6463、直近4週平均稼働6237、稼働貢献週59週。現役人気指数0.0、長期名機指数25.8、ホール資産指数24.7。
沖ドキ!GOLD-30,S,2023-01-11,173,9856.843930635838,17900,6296,36692.260115606936,62882,4859.450867052024,9413,2026-06-24,6590,25078,3052,79,6387.0,24331.0,3131.0,6.0,6754.461538461538,3515.3076923076924,13.0,S_86150a4734,沖ドキ!GOLD-30,ミズホ,沖ドキ,,沖スロ,False,False,True,13.19,3.01,4.37,21.75,34.96,253.0,20,0.0,30.37,25.97,D,D,D,沖ドキ!GOLD-30は最新稼働6590、直近4週平均稼働6387、稼働貢献週79週。現役人気指数0.0、長期名機指数30.4、ホール資産指数26.0。
沖ドキ!ゴージャス,S,2024-12-11,76,10169.263157894737,13215,8650,36880.69736842105,47116,5445.1578947368425,8815,2026-06-24,9381,33961,4494,40,9049.333333333334,32800.333333333336,4574.5,6.0,9410.153846153846,5010.461538461538,13.0,S_24819c8235,沖ドキ!ゴージャス,ミズホ,沖ドキ,,沖スロ,False,False,True,19.93,10.14,11.45,29.68,17.7,87.0,20,0.0,23.96,28.01,D,D,D,沖ドキ!ゴージャスは最新稼働9381、直近4週平均稼働9049、稼働貢献週40週。現役人気指数0.0、長期名機指数24.0、ホール資産指数28.0。
