machine_id,machine_name,latest_data_date,data_count,is_new_machine,avg_out_4w,avg_sales_4w,avg_profit_4w,market_power_score,trend_score,trend_strength,new_machine_score,new_machine_judge
241,SLOTバジリスク～甲賀忍法帖～絆2,2025-09-10,86,0,3951.5,10124.25,1831.5,4.1,20.0,強い下降,,対象外
253,パチスロ ケロット4,2025-09-10,81,0,4338.5,9806.5,2642.5,8.2,52.2,横ばい,,対象外
293,サンダーVライトニング,2025-09-10,2,1,6449.5,11636.0,1874.5,13.1,24.9,強い下降,13.9,厳しい
307,パチスロ モンキーターンⅣ,2025-09-10,21,0,4014.0,12215.75,1122.5,3.6,21.6,強い下降,,対象外
337,シャア専用パチスロ 逆襲の赤い彗星,2025-12-10,54,0,5965.5,20894.75,4514.5,37.1,70.7,上昇,,対象外
395,アイムジャグラーEX(2020年),2026-06-24,232,0,7554.0,14893.75,2150.0,21.4,31.8,下降,,対象外
397,パチスロひぐらしのなく頃に祭2,2025-09-10,17,1,7810.75,14465.25,1226.5,20.2,26.1,強い下降,21.2,厳しい
411,パチスロ頭文字D,2025-09-10,91,0,4984.75,12588.5,1151.0,5.9,26.2,強い下降,,対象外
432,パチスロ BIOHAZARD 7 resident evil,2025-09-10,91,0,4794.5,14341.0,1536.5,7.2,24.7,強い下降,,対象外
442,PAわんわんパラダイスV GBA,2024-10-30,183,0,9760.0,14815.75,2610.25,39.6,32.4,下降,,対象外
453,パチスロ北斗の拳 宿命,2025-09-10,18,1,3540.75,11422.0,1569.5,2.8,0.0,強い下降,2.5,厳しい
469,ニューパルサーSPⅢ,2025-09-10,73,0,3746.75,8654.5,2134.5,4.4,37.6,下降,,対象外
492,P大海物語4 スペシャル BLACK SCA,2024-09-25,140,0,11582.5,16792.25,2284.5,49.9,46.0,横ばい,,対象外
503,チバリヨ-30(2021年),2025-09-10,110,0,4251.0,14106.5,1827.0,6.9,31.0,下降,,対象外
511,P NEW TOKIO ハカマタイプ,2026-06-24,184,0,15182.5,9451.5,834.75,47.0,48.0,横ばい,,対象外
533,SLOT劇場版魔法少女まどか☆マギカ[前編]始まりの物語／[後編]永遠の物語,2025-09-10,8,1,6655.5,16662.75,2049.5,20.4,0.0,強い下降,19.5,厳しい
554,PA乗物娘 WITH CYBERJAPAN(R) DANCERS 77ver.,2025-05-07,168,0,9792.5,13805.5,2846.75,40.1,51.9,横ばい,,対象外
567,ファンキージャグラー2,2026-06-24,229,0,8940.75,17156.0,2449.0,36.7,37.4,下降,,対象外
569,Pうまい棒 4500～10500,2025-04-09,121,0,7897.5,17930.25,5832.0,43.6,56.3,横ばい,,対象外
576,P 009 RE:CYBORG ACCELERATOR EDITION M4-K,2026-06-10,141,0,7345.0,14619.25,3551.5,27.7,24.9,強い下降,,対象外
599,P野生の王国GO 99ver.,2025-12-03,152,0,8312.5,12472.25,2680.5,26.5,37.3,下降,,対象外
604,パチスロうまい棒(2021年),2025-09-10,14,1,3309.75,7619.5,1645.25,2.1,19.2,強い下降,2.8,厳しい
605,マイジャグラーⅤ,2026-06-24,227,0,13567.75,23563.25,2548.75,67.5,40.7,下降,,対象外
611,パチスロ 戦姫絶唱シンフォギア 勇気の歌,2025-09-10,75,0,3876.75,12256.25,1703.75,4.4,21.8,強い下降,,対象外
612,沖ドキ!DUO,2025-09-10,103,0,3968.0,16022.0,3047.0,14.7,39.5,下降,,対象外
613,沖ドキ!DUO-30,2025-09-10,91,0,3464.5,13879.0,2402.25,7.3,4.7,強い下降,,対象外
615,P Re:ゼロから始める異世界生活 鬼がかりver.,2025-02-05,139,0,8970.0,19773.0,3503.0,47.1,25.4,強い下降,,対象外
621,バーサスリヴァイズ,2025-09-10,111,0,7382.0,12151.5,558.0,15.6,53.7,横ばい,,対象外
628,パチスロ ディスクアップ2,2025-09-10,134,0,9632.75,17503.75,-168.5,38.4,36.0,下降,,対象外
630,パチスロアラジンAクラシック,2025-09-10,41,0,3205.0,11742.0,2003.25,4.0,0.0,強い下降,,対象外
633,押忍!番長ZERO,2025-09-10,104,0,5095.25,15243.75,2393.5,12.1,33.0,下降,,対象外
642,ハナハナホウオウ～天翔～,2025-09-10,71,0,4471.75,8054.5,2200.0,5.8,59.8,横ばい,,対象外
643,ハナハナホウオウ～天翔～-30,2026-01-07,183,0,7967.25,12448.75,2044.75,21.4,54.7,横ばい,,対象外
650,SLOTマッピー,2025-09-10,35,0,8089.0,13895.0,-535.5,20.8,21.4,強い下降,,対象外
665,ニューパルサーDXⅢ,2025-09-10,38,0,4116.0,8751.75,1847.25,4.4,59.3,横ばい,,対象外
670,沖ドキ!2-30,2025-09-10,18,1,3903.25,10474.25,2379.0,6.1,28.9,強い下降,6.9,厳しい
681,パチスロ この素晴らしい世界に祝福を!,2026-06-24,202,0,7700.5,18357.0,2313.25,28.8,40.0,下降,,対象外
684,新ハナビ,2025-12-10,96,0,8664.0,13304.75,98.0,24.6,48.7,横ばい,,対象外
705,PAコマコマ倶楽部with坂本冬美 99ver.,2024-11-20,125,0,8607.5,12656.25,2973.25,30.2,33.8,下降,,対象外
723,スーパーハナハナ2-30,2026-04-08,121,0,6567.5,19752.5,4242.25,36.8,33.3,下降,,対象外
724,ニューゲッターマウス,2025-09-10,33,0,4646.0,8162.5,1068.75,3.5,13.4,強い下降,,対象外
727,パチスロ 甲鉄城のカバネリ,2025-09-10,98,0,6059.25,18808.75,1508.5,19.1,13.4,強い下降,,対象外
740,黄門ちゃま喝2,2025-09-10,62,0,3596.25,11441.0,2307.5,5.3,17.0,強い下降,,対象外
744,パチスロ 新鬼武者2,2025-09-10,77,0,5166.5,15881.25,1691.5,11.2,5.7,強い下降,,対象外
747,PA新海物語 ARBB,2025-10-22,65,0,10472.5,12041.25,1667.0,38.4,30.7,下降,,対象外
764,パチスロペルソナ5,2025-09-10,31,0,4174.25,11027.25,1490.25,3.7,5.6,強い下降,,対象外
774,パチスロ バイオハザード RE:2,2025-09-10,68,0,5244.25,14828.25,1851.75,9.9,14.7,強い下降,,対象外
776,パチスロハードボイルド(2022年),2025-09-10,32,0,4809.25,11446.0,1239.25,4.7,13.2,強い下降,,対象外
783,ハッピージャグラーVⅢ,2026-06-24,184,0,7859.5,15022.25,2309.25,24.2,35.2,下降,,対象外
795,花火絶景,2025-09-10,16,1,3565.5,12419.5,1609.25,3.8,0.0,強い下降,3.5,厳しい
798,Lパチスロ 革命機ヴァルヴレイヴ,2025-11-12,132,0,6149.75,24796.25,2961.25,35.6,43.7,下降,,対象外
799,L HEY!エリートサラリーマン鏡,2025-09-10,31,0,5143.25,14921.25,2184.25,10.6,14.9,強い下降,,対象外
816,沖ドキ!GOLD,2026-06-24,172,0,6256.0,24234.5,3395.25,37.8,28.3,強い下降,,対象外
817,沖ドキ!GOLD-30,2026-06-24,174,0,6421.5,24477.75,3179.75,37.9,31.7,下降,,対象外
820,Pスーパー海物語IN沖縄5 夜桜超旋風 99ver.,2026-06-24,171,0,10427.5,15686.25,2789.25,46.6,37.5,下降,,対象外
828,パチスロ モンスターハンターワールド:アイスボーン,2025-09-10,42,0,4304.25,12435.0,1778.75,5.8,6.4,強い下降,,対象外
830,P大海物語5 MTE2,2026-06-24,168,0,16402.5,26635.75,2047.75,72.6,36.0,下降,,対象外
831,P宇宙戦艦ヤマト2202 -ONLY ONE- LIGHT ver.,2026-06-24,137,0,8585.0,16615.25,2981.75,34.3,38.7,下降,,対象外
841,パチスロ盾の勇者の成り上がり,2025-09-10,14,1,3900.5,11286.25,1361.25,3.1,0.0,強い下降,2.9,厳しい
849,パチスロ機動戦士ガンダムユニコーン,2025-09-10,22,0,3746.5,12458.75,1529.25,4.0,10.8,強い下降,,対象外
850,戦国コレクション5,2025-09-10,36,0,3688.5,15479.5,2315.25,9.5,0.0,強い下降,,対象外
851,P 009 RE:CYBORG ACCELERATOR EDITION 99ver.,2026-06-24,162,0,11022.5,17328.25,3983.0,58.2,43.1,下降,,対象外
854,キングハナハナ-30(2023年),2026-06-24,163,0,10596.5,16845.5,1120.5,43.7,36.7,下降,,対象外
858,Lスマスロ北斗の拳,2025-09-10,117,0,7360.25,24133.25,1526.5,34.9,29.4,強い下降,,対象外
864,Lゴブリンスレイヤー,2026-02-11,46,0,5887.5,25115.25,5003.25,44.9,84.7,強い上昇,,対象外
866,Pフィーバー炎炎ノ消防隊 G,2024-09-04,68,0,10410.0,22707.75,3626.75,63.2,31.2,下降,,対象外
868,アナザーゴッドハーデス-解き放たれし槍撃ver.-,2025-09-10,18,1,4085.5,18280.75,2426.25,15.3,12.5,強い下降,14.7,厳しい
870,L主役は銭形4,2025-09-10,61,0,6021.0,23389.75,2314.75,30.1,33.5,下降,,対象外
875,P北斗の拳 暴凶星 SFPA,2026-01-14,133,0,10930.0,23036.75,3730.0,67.2,46.7,横ばい,,対象外
878,パチスロ 炎炎ノ消防隊,2025-09-10,65,0,5270.5,16731.5,2223.25,14.2,0.0,強い下降,,対象外
880,Lスロット ソードアート・オンライン,2026-06-17,48,0,8477.25,23541.5,1629.75,41.0,78.9,強い上昇,,対象外
899,パチスロコードギアス 反逆のルルーシュ3 C.C.&Kallen ver.,2025-09-10,31,0,6671.25,13444.75,1171.75,14.5,19.1,強い下降,,対象外
906,Lパチスロ からくりサーカス,2025-10-29,115,0,6176.0,25058.25,2770.5,35.1,13.4,強い下降,,対象外
907,PA大海物語5 Withアグネス・ラム ARBC,2026-06-24,148,0,11710.0,14067.0,1921.5,45.2,34.6,下降,,対象外
914,ゴーゴージャグラー3,2026-06-24,149,0,10698.0,19629.75,2497.75,52.7,37.7,下降,,対象外
916,パチスロナイツ,2025-09-10,27,0,7590.25,17368.25,1999.0,25.1,31.6,下降,,対象外
917,PフィーバークィーンⅡ30th ANNIVERSARY EDITION V,2026-04-22,21,0,8590.0,11647.5,2307.25,25.5,45.3,横ばい,,対象外
919,パチスロ 戦国†恋姫,2026-03-04,90,0,8231.5,15374.75,916.75,23.7,39.7,下降,,対象外
923,Lぱちスロ 乃木坂46,2025-09-10,41,0,4631.25,17060.25,2933.0,16.4,11.9,強い下降,,対象外
925,Lスマスロキン肉マン～7人の悪魔超人編～,2026-06-10,53,0,7690.5,34187.25,3699.0,53.4,60.4,上昇,,対象外
936,P新世紀エヴァンゲリオン～未来への咆哮～,2026-05-13,122,0,10707.5,23256.5,2807.0,61.6,8.5,強い下降,,対象外
938,L戦国乙女4 戦乱に閃く炯眼の軍師,2026-06-17,98,0,6960.0,22334.75,2319.0,32.9,45.0,横ばい,,対象外
943,パチスロ傷物語 -始マリノ刻-,2025-09-10,12,1,4262.5,15070.0,1844.0,8.4,0.0,強い下降,7.8,厳しい
944,ファミスタ回胴版!!,2025-09-10,41,0,5542.25,13014.0,1839.0,9.7,26.7,強い下降,,対象外
945,回胴式遊技機 グランベルム,2025-09-10,31,0,5287.75,15181.25,2759.75,14.5,2.0,強い下降,,対象外
946,L戦国コレクション5超極楽LOOP,2025-09-10,53,0,4642.75,18070.25,2609.0,16.7,21.4,強い下降,,対象外
947,L麻雀格闘倶楽部 覚醒,2025-09-10,67,0,6066.0,17448.5,2521.5,20.0,42.9,下降,,対象外
953,Lスマスロ転生したらスライムだった件,2025-09-10,15,1,6472.5,20534.25,2365.0,27.5,18.7,強い下降,26.9,厳しい
966,L ひぐらしのなく頃に 業,2025-09-10,9,1,6228.5,13262.25,2030.5,13.5,0.0,強い下降,12.9,厳しい
967,Lスマスロとある魔術の禁書目録,2025-09-10,28,0,5517.75,17477.0,2543.5,18.0,13.5,強い下降,,対象外
974,P真・北斗無双 第4章 下剋上闘 GRPJ,2024-07-24,34,0,8480.0,19214.5,3129.25,39.1,20.5,強い下降,,対象外
976,パチスロ交響詩篇エウレカセブン HI-EVOLUTION ZERO TYPE-ART,2025-12-03,64,0,7339.0,14059.5,1834.0,18.7,43.7,下降,,対象外
979,e Re:ゼロから始める異世界生活 season2 M13,2026-01-07,99,0,9380.0,21846.25,3183.75,52.1,42.7,下降,,対象外
982,LスマスロモンキーターンⅤ,2026-06-24,120,0,8615.25,27463.25,1382.0,46.0,35.7,下降,,対象外
983,Lマジカルハロウィン8,2025-09-10,37,0,5395.75,13413.75,2490.5,11.4,15.5,強い下降,,対象外
984,Lラブ嬢3～Wご指名はいかがですか?～,2026-06-17,74,0,6524.75,22958.0,4254.75,42.8,62.3,上昇,,対象外
985,L花の慶次～佐渡攻めの章～,2024-07-24,29,0,5049.25,20005.5,3843.75,27.6,6.1,強い下降,,対象外
988,P大海物語5 ブラック HCL,2026-06-24,116,0,8962.5,15802.75,2647.25,36.2,40.1,下降,,対象外
989,クランキークレスト,2025-09-10,77,0,7231.25,14346.75,1552.5,17.8,25.9,強い下降,,対象外
991,L スマスロバジリスク～甲賀忍法帖～絆2 天膳 BLACK EDITION,2026-06-17,38,0,5907.0,22156.75,2775.0,29.6,27.0,強い下降,,対象外
992,Pぱちんこ シン・エヴァンゲリオン Type レイ,2025-05-07,67,0,9842.5,21513.5,3011.5,54.6,38.8,下降,,対象外
996,ドラゴンハナハナ～閃光～-30,2026-06-24,126,0,9630.5,14983.5,1113.0,34.6,27.7,強い下降,,対象外
997,パチスロ ファイヤードリフト,2025-09-10,11,1,4744.0,13975.0,2605.0,10.6,0.0,強い下降,9.7,厳しい
998,L 仮面ライダー 7RIDERS,2024-07-10,25,0,5423.5,20556.0,3055.25,25.9,7.7,強い下降,,対象外
999,Lスマスロ バイオハザード:ヴィレッジ,2025-09-10,10,1,5853.25,18379.25,1928.5,18.2,0.0,強い下降,17.2,厳しい
1000,Lパチスロ マクロスフロンティア4,2025-09-10,18,1,5782.75,18791.0,2550.75,21.1,23.5,強い下降,20.9,厳しい
1004,Pとある魔術の禁書目録2 JMZ,2024-08-21,29,0,10000.0,21456.25,3315.5,57.2,15.8,強い下降,,対象外
1008,Pポチッと一発!おだてブタ2 V1,2026-06-24,122,0,17245.0,10181.75,892.25,48.9,41.7,下降,,対象外
1011,P弾球黙示録カイジ沼5 V1U,2024-10-09,34,0,8047.5,18176.25,3676.5,37.8,8.2,強い下降,,対象外
1012,P真・花の慶次3 99ver.,2024-07-31,21,0,8635.0,14126.75,2839.0,30.8,31.7,下降,,対象外
1013,L GⅠ優駿倶楽部黄金,2025-09-10,32,0,5445.0,18608.0,2563.5,19.8,8.4,強い下降,,対象外
1015,Lゴジラ対エヴァンゲリオン,2025-09-10,50,0,5729.75,21840.0,3289.75,30.5,13.1,強い下降,,対象外
1016,Lストライクウィッチーズ2,2024-08-06,26,0,5817.0,23185.5,3344.25,33.5,14.7,強い下降,,対象外
1017,Lスマスロ コードギアス 反逆のルルーシュ/復活のルルーシュ,2025-09-10,10,1,6809.0,21170.25,2418.25,30.8,0.0,強い下降,29.2,厳しい
1019,Lパチスロガールズ＆パンツァー 最終章,2025-12-03,21,0,6463.25,21602.5,2269.25,29.3,46.7,横ばい,,対象外
1023,P新世紀エヴァンゲリオン ～未来への咆哮～ PREMIUM MODEL,2024-09-11,30,0,11947.5,21413.5,4296.5,70.6,36.8,下降,,対象外
1025,P真・一騎当千～桃園の誓い～129ver.,2024-12-18,38,0,9145.0,18125.5,2953.0,42.7,22.7,強い下降,,対象外
1027,ワードオブライツⅡ,2025-09-10,10,1,5508.25,12303.5,1597.0,8.1,0.0,強い下降,7.8,厳しい
1029,Pニュートキオ GREEN V1,2024-11-27,20,1,10545.0,7359.75,1747.25,37.8,43.8,下降,39.7,弱い
1030,Pルパン三世 THE FIRST 99ver.,2025-05-28,54,0,8900.0,14218.0,3059.5,35.1,43.5,下降,,対象外
1031,Lスマスロキングパルサー,2025-09-10,18,1,4856.5,15522.5,2518.5,12.8,10.4,強い下降,12.3,厳しい
1032,Lチバリヨ2,2026-06-24,115,0,6974.0,30644.75,4000.25,50.1,35.3,下降,,対象外
1033,L南国育ち(2024年),2025-09-10,23,0,5259.75,22090.5,2635.5,25.8,22.7,強い下降,,対象外
1035,PLT OVERLORD魔導王光臨 ME,2024-07-10,14,1,9010.0,20305.75,3849.25,50.5,0.0,強い下降,47.8,弱い
1039,P世紀末・天才バカボン～福神SPEC～ LTH-JH,2024-09-04,24,0,9450.0,19197.75,3384.5,47.9,2.0,強い下降,,対象外
1040,P北斗の拳 強敵 LT SSPA,2025-04-02,48,0,9407.5,17037.75,3172.75,43.0,19.9,強い下降,,対象外
1042,P緋弾のアリア ～緋緋神降臨～ ラッキートリガーVer.,2024-09-04,25,0,13177.5,27709.5,4481.25,81.8,0.0,強い下降,,対象外
1045,パチスロ ガメラ2,2025-09-10,31,0,6726.0,17487.25,817.75,19.7,14.3,強い下降,,対象外
1047,Lスマート沖スロ ドラゴンハナハナ～閃光～,2025-09-10,51,0,7598.0,13062.0,2611.0,22.4,54.7,横ばい,,対象外
1048,L忍魂参 ～奥義皆伝ノ章～,2025-09-10,19,1,5226.5,18971.75,2868.25,21.0,21.5,強い下降,20.4,厳しい
1049,P sin 七つの大罪 強甘 2400Ver.,2024-08-28,20,1,8722.5,14944.0,3140.5,34.6,34.6,下降,34.9,弱い
1050,P咲-Saki-全国編 テンパイ即リーver.,2024-08-06,14,1,9415.0,17934.75,2876.0,43.2,13.3,強い下降,42.3,弱い
1052,Lうる星やつら(2024年),2025-09-10,23,0,4895.75,17299.5,2769.0,16.7,11.8,強い下降,,対象外
1053,Lスマスロ ゴールデンカムイ,2026-04-29,18,1,5597.0,18686.0,2742.5,21.3,21.7,強い下降,20.9,厳しい
1054,Lスマスロ ストライク・ザ・ブラッド,2025-09-10,10,1,5923.75,14420.5,1587.25,11.7,0.0,強い下降,11.3,厳しい
1056,Pひぐらしのなく頃に 輪廻転生 FM-JT,2024-07-10,11,1,9140.0,20400.75,3487.0,49.5,0.0,強い下降,47.1,弱い
1057,Pバイオハザード RE:2 LTver.,2024-10-09,25,0,8872.5,20158.75,3686.25,47.6,0.0,強い下降,,対象外
1060,P大工の源さん超韋駄天2 極源LighT,2024-10-09,25,0,8890.0,17474.0,3154.0,40.2,0.0,強い下降,,対象外
1061,ジャグラーガールズSS,2026-06-24,110,0,8597.0,15796.75,2218.25,29.8,35.5,下降,,対象外
1062,L押忍!番長4,2025-09-10,28,0,5317.0,17765.5,1951.5,15.4,0.0,強い下降,,対象外
1063,P FAIRY TAIL これが七炎竜の力だ FSA,2024-09-04,18,1,12117.5,26708.5,4510.5,78.9,16.1,強い下降,75.9,標準
1064,PAハイスクール・フリート オールスター すい～とでハッピー!2400,2024-09-04,18,1,11232.5,18744.25,3088.0,56.1,31.4,下降,55.8,弱い
1066,P牙狼11～冴島大河～XX MU,2025-01-08,22,0,9697.5,20509.5,3435.0,53.2,18.1,強い下降,,対象外
1068,e新・必殺仕置人 超斬撃199,2024-08-21,16,1,9507.5,21306.5,3911.5,56.0,20.8,強い下降,54.2,弱い
1069,パチスロ ダンジョンに出会いを求めるのは間違っているだろうか2,2025-09-10,12,1,6521.5,12284.25,1625.0,13.4,0.0,強い下降,13.1,厳しい
1070,Pこの素晴らしい世界に祝福を! 199LT「このラッキートリガーに祝福を!」,2024-07-31,13,1,8865.0,17726.0,3917.5,44.5,37.2,下降,43.9,弱い
1071,L ウルトラマンティガ,2024-07-10,9,1,5705.5,22903.0,3492.0,33.3,0.0,強い下降,30.6,厳しい
1073,Lパチスロ 炎炎ノ消防隊(2024年),2025-09-10,36,0,6426.5,21223.25,2877.75,31.0,24.8,強い下降,,対象外
1075,Pゴブリンスレイヤー ラッキートリガーVer,2024-09-11,17,1,10297.5,21393.0,3737.0,60.8,28.7,強い下降,59.5,弱い
1076,Pフィーバー炎炎ノ消防隊 Light ver.,2025-01-08,24,0,8990.0,18388.75,3546.75,45.3,1.7,強い下降,,対象外
1078,P七つの大罪2 神千斬りVER.,2024-07-03,7,1,10660.0,21312.25,3526.75,61.9,31.4,下降,61.0,弱い
1080,ニューパルサーSP4 with 太鼓の達人,2025-09-10,17,1,5406.25,12389.0,2147.75,9.2,23.6,強い下降,9.8,厳しい
1081,L ToLOVEるダークネス,2025-09-10,59,0,6493.25,31391.25,3039.25,43.1,30.5,下降,,対象外
1083,Lスマスロ痛いのは嫌なので防御力に極振りしたいと思います。,2025-09-10,42,0,6589.0,19657.5,2402.0,26.8,28.1,強い下降,,対象外
1084,L聖闘士星矢 海皇覚醒 CUSTOM EDITION,2026-06-03,26,0,5786.0,26808.75,3833.0,40.8,16.0,強い下降,,対象外
1085,P ToLOVEるダークネス H1YZ5,2024-12-04,24,0,8617.5,19304.75,3137.0,40.3,0.0,強い下降,,対象外
1086,Pうる星やつら～Eternal Love Song～ L2-K,2024-08-28,11,1,10467.5,22841.25,4868.0,70.0,0.0,強い下降,66.3,弱い
1087,Pギルティクラウン2 プレミアムライブチケット,2024-07-10,5,1,12447.5,26227.5,4952.0,80.5,38.8,下降,78.4,標準
1088,Pクイーンズブレイド4 UNLIMITED V1D,2024-07-31,8,1,10845.0,23895.25,4716.75,73.1,0.0,強い下降,69.3,弱い
1089,Pフィーバー三国戦騎 7500,2024-08-06,8,1,8640.0,20612.25,3898.25,47.7,0.0,強い下降,44.9,弱い
1090,P頭文字D 2nd GFPG,2024-06-26,3,1,11716.666666666666,26715.666666666668,4206.0,76.7,35.3,下降,74.9,弱い
1091,P魔法少女まどか☆マギカ3 LM3,2024-09-11,13,1,29410.0,63419.75,11524.5,99.5,22.7,強い下降,95.7,期待以上
1092,P魔王学院の不適合者 FMY,2024-08-06,9,1,9862.5,21865.5,3861.0,60.3,0.0,強い下降,57.5,弱い
1093,アオハル♪操 A-LIVE,2025-09-10,17,1,5071.75,15477.5,2374.5,12.3,8.3,強い下降,11.8,厳しい
1094,Pラブ嬢 ～極嬢のハーレム体験～ H1YZ6,2024-11-06,11,1,8362.5,19462.25,3990.75,43.9,38.7,下降,43.2,弱い
1095,沖ドキ!BLACK,2026-06-24,98,0,8638.75,33169.75,4455.5,63.2,35.4,下降,,対象外
1096,L アカメが斬る!2,2024-08-06,4,1,9490.75,35553.5,6150.0,74.4,31.9,下降,71.4,弱い
1097,Lスマスロ真・北斗無双(2024年),2025-09-10,11,1,5356.75,20607.5,2300.75,21.8,0.0,強い下降,20.3,厳しい
1098,Lパチスロ 戦姫絶唱シンフォギア 正義の歌,2025-09-10,15,1,4853.75,17285.5,2525.0,15.2,7.0,強い下降,14.3,厳しい
1099,Pアズールレーン THE ANIMATION 異次元トリガー M4,2024-09-11,8,1,21417.5,46011.25,8060.5,97.9,0.0,強い下降,93.0,良好
1100,Pフィーバーありふれた職業で世界最強 Light ver.,2024-08-06,4,1,15850.0,29221.0,5176.75,89.0,36.7,下降,86.6,標準
1101,P花の慶次～傾奇一転 L-MX,2024-09-11,8,1,11277.5,25070.0,5249.0,76.8,0.0,強い下降,72.8,弱い
1102,P貞子 FMD,2025-05-14,42,0,8907.5,18902.0,4327.25,50.1,22.1,強い下降,,対象外
1103,e花の慶次～傾奇一転 L2-MX,2024-09-25,10,1,9937.5,22974.0,4022.0,63.3,0.0,強い下降,60.2,弱い
1104,ご～やちゃんぷる～-25,2024-07-31,3,1,7085.333333333333,28304.333333333332,4507.666666666667,52.5,40.6,下降,50.6,厳しい
1105,ご～やちゃんぷる～-30,2024-07-31,3,1,5945.0,23312.666666666668,4135.333333333333,39.4,42.0,下降,38.2,厳しい
1106,バハマ30(2024年),2024-08-06,4,1,7698.5,17944.0,2840.0,30.6,38.1,下降,31.0,厳しい
1107,Lスマスロ ゴッドイーター リザレクション,2026-01-07,69,0,7957.75,28888.25,2515.75,45.7,52.0,横ばい,,対象外
1108,Lスロット ゾンビランドサガ,2026-05-06,28,0,6434.75,17871.0,3142.75,26.4,8.2,強い下降,,対象外
1109,L賞金首Angel,2024-08-06,2,1,11306.0,42924.0,6507.5,86.1,38.6,下降,83.3,弱い
1110,PAこの素晴らしい世界に祝福を! 「このゆる甘99に祝福を!」,2024-09-04,5,1,13750.0,20017.75,3850.5,68.3,35.4,下降,67.4,標準
1111,ミスタージャグラー,2026-06-24,95,0,8858.25,17061.5,2051.5,33.6,35.8,下降,,対象外
1112,L D4DJ Pachi-Slot Mix,2024-09-18,5,1,6621.25,19358.0,4048.75,35.2,37.5,下降,34.4,厳しい
1113,Lスマスロ ゲゲゲの鬼太郎 覚醒,2025-09-10,14,1,4273.25,19666.0,2603.75,18.9,4.3,強い下降,17.6,厳しい
1114,Lスマスロ トロピカーナ(2024年),2024-08-21,1,1,7171.0,26327.0,4387.0,50.5,50.0,横ばい,49.2,厳しい
1115,Lワンパンマン,2024-10-02,7,1,7279.25,25411.5,3025.0,42.3,33.1,下降,41.4,厳しい
1116,PAスーパー海物語 IN 地中海2 HLA,2024-10-23,9,1,12727.5,15483.5,2080.5,49.5,0.0,強い下降,48.8,標準
1117,Pフィーバー機動戦士ガンダムユニコーン 再来 -白き一角獣と黒き獅子- S,2024-10-09,8,1,11425.0,26976.5,3979.75,74.8,0.0,強い下降,71.3,弱い
1118,P百花繚乱 ご奉仕129ver.,2024-09-11,4,1,17830.0,35298.75,5406.75,93.1,37.9,下降,90.6,標準
1119,eフィーバー機動戦士ガンダムユニコーン 再来 -白き一角獣と黒き獅子- R,2025-03-19,29,0,9552.5,21902.0,3286.0,54.0,2.2,強い下降,,対象外
1120,e北斗の拳10 GHEG,2025-01-22,22,0,11100.0,24380.5,4318.25,72.8,51.1,横ばい,,対象外
1121,Pドラムだ!金ドン 花火外伝 MP,2024-12-04,15,1,8280.0,17464.25,3643.5,37.5,9.0,強い下降,35.8,弱い
1122,Pバンドリ! H1YZ4,2024-11-20,12,1,8407.5,18518.0,3082.5,37.5,0.0,強い下降,35.6,弱い
1123,Pリング 呪いの7日間3 ラッキートリガーVer.,2025-01-08,17,1,9082.5,19682.75,3666.0,48.5,28.5,強い下降,47.5,弱い
1124,P七つの美徳 ゴールデンエンジェルタイム スイート99Ver.,2024-09-18,4,1,15570.0,23534.0,5383.25,83.0,35.3,下降,80.9,標準
1125,デジハネP交響詩篇エウレカセブン ANEMONE 99ver.,2024-10-02,6,1,10575.0,16432.0,3444.5,51.9,31.9,下降,51.6,弱い
1126,L A-SLOT+ この素晴らしい世界に祝福を!,2025-09-10,14,1,5842.75,12946.0,1452.0,9.5,5.4,強い下降,9.4,厳しい
1127,Lパチスロ かぐや様は告らせたい,2026-05-06,82,0,6418.75,24840.0,4048.75,43.1,34.7,下降,,対象外
1128,Lパチスロ閃乱カグラ2 SHINOVI MASTER,2025-09-10,23,0,5884.25,17076.5,2625.75,19.1,12.6,強い下降,,対象外
1129,PAコマコマ倶楽部with坂本冬美 99確変ループver.,2024-12-18,13,1,8717.5,13062.75,3084.25,32.5,36.0,下降,33.0,弱い
1130,PAフィーバーかぐや様は告らせたい Light ver.,2024-10-30,8,1,9902.5,17805.5,2920.25,47.3,0.0,強い下降,45.7,弱い
1131,Pとある科学の超電磁砲2 JMB,2025-01-08,11,1,10620.0,23627.25,4090.75,68.8,0.0,強い下降,65.6,弱い
1132,Pルパン三世 銭形からの招待状 77Sweet Ver.,2025-01-08,17,1,9187.5,16511.25,3411.75,42.8,40.2,下降,43.0,弱い
1133,e 仮面ライダー電王 KL12,2025-01-22,19,1,10450.0,23419.75,4772.75,70.7,43.6,下降,69.1,弱い
1134,eキョンシー ライトミドル 新CタイムVer.,2024-09-25,3,1,14110.0,29535.666666666668,3533.3333333333335,79.8,36.8,下降,78.5,標準
1135,eゴッドイーター TRIPLE BURST MJ,2025-01-08,17,1,10242.5,23984.5,3714.5,64.4,35.3,下降,63.2,弱い
1136,パチスロL黄門ちゃま天,2024-10-09,5,1,9131.75,36248.0,4560.5,70.0,35.3,下降,67.6,弱い
1137,P アズールレーン THE ANIMATION 異次元トリガー M4,2025-05-07,22,0,9752.5,21664.75,4019.0,59.5,23.8,強い下降,,対象外
1138,P 新世紀エヴァンゲリオン ～未来への咆哮～ PREMIUM MODEL,2025-10-01,35,0,8135.0,15247.75,3126.75,30.3,33.2,下降,,対象外
1139,P 百花繚乱 ご奉仕129ver.,2024-12-04,9,1,9562.5,19603.5,3012.75,48.1,30.7,下降,47.7,弱い
1140,P 魔法少女まどか☆マギカ3 LM3,2025-08-13,46,0,9007.5,20125.0,3534.25,48.3,34.0,下降,,対象外
1141,P DD北斗の拳3 V1C,2024-10-09,3,1,14076.666666666666,29699.0,6546.0,88.4,39.2,下降,85.9,標準
1142,PAワンパンマン 99ver.,2024-10-09,3,1,13996.666666666666,25879.0,5121.666666666667,83.5,40.3,下降,81.5,標準
1143,Pいくさの子 織田三郎信長伝 GFPF,2024-10-16,4,1,17190.0,38580.75,5020.75,93.0,32.9,下降,90.2,標準
1144,Pメイドインアビス 虹の黄金域 MR,2024-10-16,4,1,17545.0,41818.25,7037.75,95.9,31.2,下降,92.7,標準
1145,P攻殻機動隊SAC_2045 199LTver.,2024-11-20,9,1,9795.0,20827.5,3972.75,57.9,0.0,強い下降,55.1,弱い
1146,パチスロハイパーラッシュ(2024年),2025-09-10,34,0,7110.75,15505.5,1289.25,19.1,14.7,強い下降,,対象外
1147,P大海物語4スペシャル BLACK SCA,2026-06-24,78,0,10292.5,15258.5,2198.25,41.6,32.0,下降,,対象外
1148,L 真・一騎当千,2025-09-10,29,0,6267.25,23286.0,2716.0,33.0,9.6,強い下降,,対象外
1149,Lスマスロ 鬼武者3(2024年),2025-09-10,7,1,5884.5,19827.75,2523.5,23.4,25.7,強い下降,23.2,厳しい
1150,Lスマスロ頭文字D 2nd,2025-09-10,15,1,6773.75,21937.75,3123.75,35.8,24.0,強い下降,34.7,厳しい
1151,L今日から俺は!! パチスロ編,2025-09-10,15,1,6678.75,19437.75,2298.25,26.2,19.4,強い下降,25.9,厳しい
1152,P CYBORG009 RULE OF SACRIFICE VS SCARL BODY EDITION 199,2024-12-04,8,1,8370.0,18371.0,4081.75,42.6,0.0,強い下降,40.0,弱い
1153,P 宇宙戦艦ヤマト2202 超波動 G,2024-11-06,4,1,16385.0,37186.25,7037.0,94.5,34.0,下降,91.4,標準
1154,PAわんわんパラダイスCELEBRATION AGBD,2026-06-24,75,0,10332.5,16157.0,2293.5,43.6,38.5,下降,,対象外
1155,Pフィーバー革命機ヴァルヴレイヴ3 Light ver.,2024-11-06,4,1,14380.0,24502.5,4201.75,79.4,37.9,下降,77.9,標準
1156,Pルパン三世 ONE COLLECTION H1YZ4,2025-02-19,16,1,9050.0,20684.25,3653.75,50.3,14.6,強い下降,48.6,弱い
1157,P中森明菜・歌姫伝説～BLACK DIVA 愛～ KD-NS,2025-11-05,27,0,8245.0,12613.75,2301.0,24.5,8.1,強い下降,,対象外
1158,e 乃木坂46 Ⅱ K4,2024-12-04,8,1,8727.5,18856.0,3913.75,45.5,0.0,強い下降,43.0,弱い
1159,P大海物語4スペシャル E,2024-10-23,1,1,10430.0,16685.0,2195.0,44.8,50.0,横ばい,46.4,弱い
1160,Lスロット Re:ゼロから始める異世界生活 season2,2025-09-10,11,1,5264.25,23505.5,4123.75,36.6,0.0,強い下降,33.3,厳しい
1161,P弾球黙示録カイジ沼5 ざわっ・・・79Ver.,2026-06-24,82,0,10700.0,15280.0,3488.75,51.2,39.3,下降,,対象外
1162,P江頭2:50inナナシーLT V3,2025-01-08,10,1,10817.5,20329.5,4265.25,64.8,0.0,強い下降,61.7,弱い
1163,L 新・必殺仕置人 回胴 CRASH SPEC,2024-12-18,6,1,7701.75,27073.25,4746.25,55.2,34.3,下降,52.9,厳しい
1164,Lバンドリ!,2026-03-25,9,1,6356.5,24175.75,2701.25,34.5,0.0,強い下降,32.4,厳しい
1165,Pモンスターハンターライズ GRPG,2025-01-22,10,1,10542.5,25168.75,4513.25,72.7,0.0,強い下降,68.9,弱い
1166,Pラブ嬢 ～極嬢のハーレム体験～ 129ver.,2025-02-05,12,1,9242.5,16963.0,3660.75,45.0,18.1,強い下降,43.8,弱い
1167,Pリング 呪いの7日間3 甘デジver.,2024-12-11,5,1,11850.0,21309.75,4063.5,68.8,36.8,下降,67.7,弱い
1168,P大海物語5スペシャル ALTA,2026-06-24,80,0,19607.5,30653.25,2656.0,79.5,31.9,下降,,対象外
1169,P義風堂々!!～兼続と慶次～3 199ver.,2025-01-08,8,1,10017.5,20592.25,4229.0,60.7,0.0,強い下降,57.6,弱い
1170,P転生したらスライムだった件 NB,2025-01-08,8,1,11405.0,22952.25,3447.0,66.5,0.0,強い下降,63.9,弱い
1171,e スマパチ SSSS.GRIDMAN XVSM,2024-12-11,5,1,12877.5,30656.25,5632.5,85.2,36.0,下降,82.7,標準
1172,eフィーバーからくりサーカス2 魔王ver.,2026-01-07,45,0,9180.0,20553.5,3336.5,49.4,0.0,強い下降,,対象外
1173,e大海物語5スペシャル ELTA4,2026-06-24,72,0,13295.0,23087.75,1301.5,62.6,44.0,下降,,対象外
1174,Lスマスロ モンスターハンターライズ,2026-01-07,52,0,7712.5,25082.0,2840.75,43.1,51.6,横ばい,,対象外
1175,Lスマート沖スロ 超華祭,2024-12-11,3,1,11357.0,25541.666666666668,4065.3333333333335,73.4,37.2,下降,71.9,弱い
1176,Lダブルアタック2 withOZS-1000＆RAPHAEL,2024-12-04,2,1,9815.5,33926.0,7273.0,77.5,39.5,下降,74.8,弱い
1177,P にゃんこ大戦争 多様性のネコ M4,2025-07-30,33,0,9030.0,19810.0,3447.25,47.4,6.9,強い下降,,対象外
1178,PA銀河英雄伝説 Die Neue These 遊パチスペック,2024-12-25,5,1,10625.0,18051.0,5093.0,62.7,34.2,下降,61.3,弱い
1179,L 犬夜叉2,2025-09-10,7,1,6121.5,26116.75,4210.5,44.0,27.1,強い下降,41.8,厳しい
1180,Lスマスロ 聖戦士ダンバイン,2025-09-10,13,1,5795.5,22328.5,2282.5,26.4,0.0,強い下降,24.8,厳しい
1181,Lルパン三世 大航海者の秘宝,2025-09-10,18,1,6252.25,24168.0,3130.0,36.3,17.3,強い下降,34.7,厳しい
1182,L桃太郎電鉄 ～パチスロも定番!～,2025-09-10,11,1,6141.0,19292.75,2724.75,24.6,0.0,強い下降,23.0,厳しい
1183,P ToLOVEるダークネス 199ver.,2025-02-05,8,1,9792.5,21477.75,3426.25,56.1,0.0,強い下降,53.6,弱い
1184,P ゴジラ対エヴァンゲリオン セカンドインパクト G R,2025-02-05,8,1,10345.0,24165.5,4435.0,69.2,0.0,強い下降,65.6,弱い
1185,Pえとたま2 神祭 MY,2025-01-08,4,1,14365.0,31471.5,5489.5,88.5,37.3,下降,86.0,標準
1186,Pフィーバー機動戦士ガンダムSEED LT-Light ver.,2025-01-15,5,1,13270.0,28024.25,5787.5,85.2,35.4,下降,82.7,標準
1187,P盾の勇者の成り上がり GFPC,2025-02-05,8,1,11447.5,25415.75,3485.75,70.4,0.0,強い下降,67.5,弱い
1188,P真・一騎当千～桃園の誓い～ 199LTver.,2025-02-19,9,1,9530.0,20455.25,4256.0,56.4,0.0,強い下降,53.4,弱い
1189,e大工の源さん超韋駄天2 フルスイングLT,2025-01-08,4,1,16297.5,36834.75,7342.0,94.5,37.4,下降,91.6,標準
1190,ウルトラミラクルジャグラー,2026-06-24,77,0,8706.0,16354.75,2293.75,32.0,35.8,下降,,対象外
1191,沖ドキ!ゴージャス,2026-06-24,77,0,9194.0,33282.5,4689.5,69.9,37.3,下降,,対象外
1192,沖ドキ!ゴージャス-30,2026-06-24,77,0,10799.0,40420.5,5559.75,83.4,37.2,下降,,対象外
1193,Lスマスロ 一方通行 とある魔術の禁書目録,2025-09-10,6,1,6298.75,22776.75,3517.25,36.8,25.9,強い下降,35.4,厳しい
1194,Lスーパービンゴネオ(2024年),2026-04-29,35,0,5201.5,25057.5,4861.75,41.4,21.0,強い下降,,対象外
1195,Lパチスロ ダンベル何キロ持てる?,2025-09-10,10,1,6450.0,29202.0,2146.25,37.5,0.0,強い下降,35.4,厳しい
1196,P STEINS；GATE 0 L2-K,2025-03-05,10,1,10057.5,22158.25,4012.0,62.7,0.0,強い下降,59.7,弱い
1197,e ゴジラ対エヴァンゲリオン セカンドインパクト G～破壊神覚醒～ bA,2025-02-05,6,1,10995.0,24241.75,3754.5,69.4,29.6,強い下降,67.8,弱い
1198,e ソードアート・オンライン 閃光の軌跡 K7,2026-06-24,39,0,7985.0,18479.5,3416.0,36.5,20.5,強い下降,,対象外
1199,L サラリーマン金太郎(2025年),2025-09-10,12,1,5734.75,23221.25,3542.5,34.4,0.0,強い下降,31.6,厳しい
1200,Lチバリヨ2プラス,2026-05-27,29,0,5485.75,24056.25,4378.25,39.5,45.5,横ばい,,対象外
1201,PA世紀末・天才バカボン～神SPEC凱旋～ 99ver.,2025-02-12,5,1,12742.5,24744.0,4237.0,76.5,35.7,下降,74.8,標準
1202,PLTジューシーハニー極嬢 MA,2025-03-12,9,1,9582.5,20901.5,4294.0,58.3,0.0,強い下降,55.1,弱い
1203,Pネオモンスターハウス 99Ver.,2025-08-13,30,0,9660.0,14586.75,3476.75,43.4,35.7,下降,,対象外
1204,P世界最高の暗殺者、異世界貴族に転生する JMB,2025-03-19,9,1,9675.0,22100.25,4666.5,63.1,0.0,強い下降,59.6,弱い
1205,P戦国乙女7 終焉の関ケ原 L9YY7,2025-07-09,22,0,8352.5,18653.5,3213.5,38.2,19.9,強い下降,,対象外
1206,P清流物語4 ヌシを求めて4000匹 HLC,2025-04-09,12,1,9610.0,17054.0,3021.75,44.3,2.9,強い下降,42.9,弱い
1207,e ULTRAMAN 2400★80,2025-02-05,4,1,15010.0,34833.75,6652.5,92.0,32.2,下降,89.0,標準
1208,eぱちんこ押忍!番長 漢の頂 L09,2026-02-04,50,0,9752.5,21758.5,4209.25,60.7,47.7,横ばい,,対象外
1209,eフィーバー戦姫絶唱シンフォギア4 キャロルver.,2025-03-05,8,1,11482.5,25796.25,3915.5,73.3,0.0,強い下降,70.0,弱い
1210,スターハナハナ-30,2026-06-24,55,0,8413.5,12646.75,1314.25,23.1,26.2,強い下降,,対象外
1211,L A-SLOT+ ディスクアップ ULTRAREMIX,2026-06-24,47,0,10255.75,22108.25,-680.0,50.5,40.7,下降,,対象外
1212,L にゃんこ大戦争 超神速,2025-09-10,8,1,5996.5,24804.5,3808.0,39.8,0.0,強い下降,36.7,厳しい
1213,Lスマート沖スロ スターハナハナ,2025-09-10,22,0,7532.0,12033.5,2367.0,19.6,33.4,下降,,対象外
1214,Lパチスロ シン・エヴァンゲリオン,2025-09-10,7,1,6079.5,20935.75,2782.5,28.2,25.7,強い下降,27.6,厳しい
1215,L七つの魔剣が支配する,2026-04-01,42,0,6074.25,19278.25,2877.75,25.1,19.6,強い下降,,対象外
1216,L島娘(2025年),2025-09-10,11,1,5737.5,31276.5,2578.75,36.3,11.5,強い下降,34.4,厳しい
1217,PA花の慶次 裂 99ver.,2025-04-09,10,1,9610.0,16712.5,3104.75,44.3,0.9,強い下降,42.7,弱い
1218,Pゲゲゲの鬼太郎 獅子奮迅 99ver.,2025-05-07,15,1,9555.0,16333.0,3273.5,43.9,35.0,下降,43.9,弱い
1219,Pハネモノ ファミリースタジアム MD,2026-06-24,57,0,11425.0,7967.75,1321.25,40.3,28.4,強い下降,,対象外
1220,Pブラックラグーン4 EXTRA BULLET 129ver.,2025-04-23,13,1,8875.0,19403.0,3359.25,44.3,7.2,強い下降,42.5,弱い
1221,P花の慶次 裂 蓮極129ver.,2025-04-09,11,1,8870.0,18654.25,3736.0,45.3,0.0,強い下降,42.9,弱い
1222,L 東京喰種,2026-06-24,69,0,10944.5,41770.25,2938.25,73.0,25.7,強い下降,,対象外
1223,Lスマスロ シャーマンキング,2026-06-17,54,0,6399.5,25100.25,3474.75,40.0,34.9,下降,,対象外
1224,Lスマスロスーパーブラックジャック(2025年),2026-04-01,50,0,6302.5,21600.5,3433.25,34.3,21.2,強い下降,,対象外
1225,Lパチスロ ありふれた職業で世界最強,2025-09-10,13,1,5877.25,20494.5,2637.5,25.0,11.7,強い下降,23.9,厳しい
1226,P 冬のソナタ My Memory M7,2025-03-26,7,1,11360.0,20828.25,3544.5,63.0,35.9,下降,62.3,弱い
1227,PLT OVERLORD魔導王光臨 129ver.,2025-03-12,5,1,14357.5,31796.5,4927.5,87.6,39.9,下降,85.4,標準
1228,Pとある魔術の禁書目録2 Light PREMIUM 2000 ver.,2025-11-05,35,0,7590.0,15031.5,2954.0,25.8,26.4,強い下降,,対象外
1229,Pぱちんこ シン・エヴァンゲリオン 129 LT ver.,2025-10-01,32,0,8200.0,17003.5,3207.5,34.0,14.9,強い下降,,対象外
1230,Pフィーバー戦姫絶唱シンフォギア4 199ver.,2025-04-09,9,1,9175.0,20137.75,3690.5,50.6,0.0,強い下降,48.1,弱い
1231,P愛の不時着 MF,2025-02-26,3,1,14020.0,31258.666666666668,5313.333333333333,87.4,37.3,下降,85.0,標準
1232,eルパン三世 ONE COLLECTION 超ブチヌキLT ver.,2025-05-07,12,1,8562.5,19807.75,4281.0,47.2,12.3,強い下降,44.9,弱い
1233,e蒼天の拳 羅龍 SREN,2025-04-23,11,1,10352.5,24106.25,4170.25,68.0,0.0,強い下降,64.6,弱い
1234,e閃乱カグラ LTM-JF,2025-05-07,11,1,10105.0,23783.75,4259.5,67.0,3.5,強い下降,63.7,弱い
1235,Pクイーンズブレイド4 ナナエルver.,2025-09-10,23,0,8770.0,15439.25,3670.5,38.9,52.7,横ばい,,対象外
1236,Pデビルマン THE FINAL N4-S,2025-04-09,6,1,11525.0,23767.5,4154.5,72.4,33.7,下降,70.8,弱い
1237,P緋弾のアリア ～緋緋神降臨～ 199Ver.,2025-04-16,8,1,9782.5,21270.25,4488.0,61.4,0.0,強い下降,58.1,弱い
1238,L Sister Quest(2025年),2025-09-10,11,1,6556.5,24818.5,3224.25,39.9,0.0,強い下降,37.2,厳しい
1239,L スマスロ バイオハザード5(2025年),2025-09-17,27,0,6184.5,20061.25,3205.75,29.1,0.0,強い下降,,対象外
1240,Lてぃだどんどん,2025-03-19,2,1,6745.0,27433.5,4955.0,51.9,40.1,下降,49.8,厳しい
1241,L回胴黙示録カイジ 狂宴,2025-09-10,14,1,5420.25,18688.75,2585.75,19.9,0.0,強い下降,18.5,厳しい
1242,L少女☆歌劇 レヴュースタァライト -The SLOT-,2026-06-03,56,0,7601.75,17894.5,2947.5,30.6,44.4,下降,,対象外
1243,P FAIRY TAIL 89Ver.,2025-11-05,27,0,7482.5,15438.75,3129.5,26.8,4.5,強い下降,,対象外
1244,P リングにかけろ1 L5-S,2025-03-26,3,1,14456.666666666666,29015.0,5341.333333333333,87.3,33.8,下降,84.7,標準
1245,P 俺の妹がこんなに可愛いわけがない。 M3,2025-04-02,4,1,16102.5,33152.25,5385.25,91.0,31.4,下降,88.2,標準
1246,PA大海物語5 ブラック LT99ver.,2026-06-24,64,0,13767.5,21351.25,3398.75,68.5,45.6,横ばい,,対象外
1247,Pバンドリ! Light ver.,2025-04-09,5,1,13065.0,20478.5,3605.75,66.2,36.8,下降,65.6,標準
1248,eフィーバーダンジョンに出会いを求めるのは間違っているだろうか2 G,2025-04-09,5,1,14465.0,31973.5,4836.0,87.7,33.5,下降,85.2,標準
1249,L 仮面ライダー電王,2025-09-10,5,1,5911.0,22978.25,3317.75,34.0,26.7,強い下降,32.8,厳しい
1250,P モモキュンソード 速撃3000+,2025-05-07,7,1,11977.5,28541.0,4625.5,81.0,31.9,下降,78.6,弱い
1251,PAひぐらしのなく頃に 輪廻転生 99Ver.,2025-06-11,12,1,9115.0,15570.5,2464.25,36.1,1.9,強い下降,35.2,弱い
1252,PA魔王学院の不適合者 魔王再臨 99Ver,2025-08-06,14,1,7955.0,14374.5,3796.0,31.7,11.0,強い下降,30.3,厳しい
1253,Pうまい棒2 V3,2025-12-31,36,0,7960.0,18444.75,3878.25,38.9,40.8,下降,,対象外
1254,Pうる星やつら～Eternal Love Song～ 129ver.,2025-05-07,7,1,10505.0,19050.5,4206.0,60.3,36.0,下降,59.3,弱い
1255,e真・北斗無双 第5章 ドデカSTART,2025-10-01,23,0,8360.0,17836.5,3877.75,40.4,25.6,強い下降,,対象外
1256,Lうしおととら白面決戦VH,2025-09-10,4,1,8167.5,33185.0,3410.0,53.9,23.0,強い下降,51.9,弱い
1257,Lゴジラ(2025年),2025-09-10,7,1,8685.0,43136.25,2091.5,53.8,34.6,下降,53.2,弱い
1258,Lスマスロ マギアレコード 魔法少女まどか☆マギカ外伝,2026-06-17,59,0,7520.5,22736.75,2256.75,35.4,18.3,強い下降,,対象外
1259,Lスマート沖スロ アメイジングライブ,2025-04-23,2,1,9977.0,32465.5,4490.0,73.9,39.2,下降,71.8,弱い
1260,Pアナザーゴッドハーデス-獄炎- SB,2025-05-21,6,1,11505.0,24521.25,5061.0,77.0,32.3,下降,74.7,弱い
1261,Pフィーバーうたわれるもの 199ver.,2025-06-04,8,1,9090.0,20868.75,4007.25,53.1,0.0,強い下降,50.2,弱い
1262,P少女☆歌劇 レヴュースタァライト ラッキートリガー4500,2025-08-06,16,1,9260.0,20667.25,4068.75,54.4,43.6,下降,53.7,弱い
1263,e シン・ウルトラマン K3,2025-05-21,6,1,13187.5,32538.75,6042.75,87.3,30.5,下降,84.4,標準
1264,eフィーバーうたわれるもの Z,2025-05-07,4,1,15487.5,34810.0,5999.25,91.9,33.2,下降,89.0,標準
1265,e牙狼 神速神撃3000LT,2025-07-09,12,1,8685.0,21218.0,3504.0,47.0,0.0,強い下降,44.5,弱い
1266,Lスマスロ アイドルマスター ミリオンライブ! ネクストプロローグ,2025-09-10,5,1,7535.5,25811.75,4841.75,52.9,25.9,強い下降,50.3,厳しい
1267,L吉宗(2025年),2026-02-04,38,0,7002.0,29029.25,3713.25,48.2,19.0,強い下降,,対象外
1268,L麻雀物語(2025年),2025-09-10,12,1,6356.75,22968.25,2904.5,33.9,0.0,強い下降,31.7,厳しい
1269,Pゾンビランドサガ SCPC,2025-07-02,8,1,9290.0,20211.0,4341.5,55.1,0.0,強い下降,52.0,弱い
1270,P痛いのは嫌なので防御力に極振りしたいと思います。 FHZ,2025-07-09,9,1,8625.0,19782.25,3737.25,45.0,0.0,強い下降,42.5,弱い
1271,e 東京喰種 W,2026-06-24,57,0,20730.0,46283.25,4471.75,93.5,41.9,下降,,対象外
1272,Lスマスロ ようこそ実力至上主義の教室へ,2025-09-10,6,1,7876.25,27124.75,5082.25,56.9,28.5,強い下降,54.2,厳しい
1273,Lスマスロ 緑ドン VIVA!情熱南米編 REVIVAL,2025-09-10,8,1,7035.75,25187.75,2748.5,39.7,0.0,強い下降,37.4,厳しい
1274,Lパチスロ 機動戦士ガンダムSEED,2025-09-10,6,1,6765.25,30531.0,4201.75,50.4,28.0,強い下降,48.1,厳しい
1275,P ToLOVEるダークネス 100ver.,2025-06-11,5,1,13840.0,24185.0,4052.75,77.1,36.4,下降,75.7,標準
1276,P 宇宙戦艦ヤマト2202 超波動 森雪 199LT ver.,2025-06-04,4,1,13982.5,28002.5,5656.25,86.1,37.0,下降,83.7,標準
1277,P 織田信奈の野望 下剋上 V1D,2025-07-09,7,1,9860.0,21417.0,3952.0,59.9,31.6,下降,58.6,弱い
1278,PLT世界でいちばん強くなりたい!2 MQ,2025-06-04,4,1,12865.0,27931.5,5409.25,83.4,33.6,下降,80.9,標準
1279,Pフィーバー機動戦士ガンダムユニコーン再来 129ver.,2025-05-28,3,1,18370.0,37963.666666666664,6501.333333333333,95.5,42.9,下降,93.0,良好
1280,P乗物娘 with CYBER JAPAN DANCERS 2nd season LM3,2025-06-04,4,1,12282.5,22476.75,4645.5,74.5,38.9,下降,72.9,標準
1281,P攻殻機動隊SAC_2045 大入りLTver,2025-07-02,7,1,10140.0,20109.25,3772.75,57.6,33.9,下降,56.7,弱い
1282,P海物語 極JAPAN HTH,2025-11-05,23,0,8440.0,15406.5,2503.5,29.4,27.9,強い下降,,対象外
1283,e 仮面ライダーBLACK KRJ2,2025-07-02,7,1,9990.0,22343.5,4511.75,65.3,28.5,強い下降,63.3,弱い
1284,デジハネP北斗の拳 慈母 SSPC,2026-06-24,52,0,8070.0,12050.25,3146.5,27.1,28.7,強い下降,,対象外
1285,P【超甘LT】江頭2:50inナナシー 奇跡の99%,2025-06-04,3,1,17863.333333333332,26984.0,4336.333333333333,86.1,45.6,横ばい,84.6,標準
1286,L ToLOVEるダークネス TRANCE ver.8.7,2026-06-24,52,0,7308.0,36951.75,2327.25,45.4,34.6,下降,,対象外
1287,L花笠,2025-09-10,5,1,7200.75,28986.0,4846.75,54.3,26.9,強い下降,51.5,厳しい
1288,Pフィーバー機動戦士ガンダムユニコーン 再来 129ver.,2025-07-23,7,1,9990.0,20975.75,3960.0,59.7,44.7,下降,59.1,弱い
1289,L ULTRAMAN,2025-09-10,2,1,7255.0,26121.0,3091.5,43.2,11.8,強い下降,41.1,厳しい
1290,L スマスロ デビル メイ クライ 5 スタイリッシュトライブ,2025-10-29,19,1,5522.5,20320.0,3800.75,30.0,27.0,強い下降,28.8,厳しい
1291,LBスマスロニューパルサーBT,2025-09-10,5,1,6999.5,17625.5,2759.75,26.5,30.4,下降,26.6,厳しい
1292,LBパチスロ1000ちゃんA,2025-09-10,5,1,8220.0,18151.0,2199.5,30.9,32.6,下降,31.4,弱い
1293,LBプレミアムうまい棒,2025-09-10,6,1,6570.75,16391.25,3460.25,26.5,32.2,下降,26.3,厳しい
1294,LB翔べ!ハーレムエース,2025-09-10,11,1,6507.25,14930.75,2710.25,19.7,0.0,強い下降,18.6,厳しい
1295,Lいざ!番長,2026-02-04,32,0,7667.25,26742.0,3145.5,45.9,1.7,強い下降,,対象外
1296,Lスマスロ ギルティクラウン2,2025-09-10,7,1,6276.0,19316.75,3205.75,28.4,27.8,強い下降,27.7,厳しい
1297,P DD北斗の拳3 百突99ver.,2025-07-23,6,1,9997.5,16062.75,3703.75,49.8,38.2,下降,49.6,弱い
1298,PA海物語3R3 LBA(クリスタルシェル),2025-07-02,3,1,13656.666666666666,16522.0,2534.0,54.9,38.2,下降,55.7,標準
1299,PLT激デジ ジューシーハニー極嬢 77LT-ARB,2025-09-24,12,1,8765.0,17047.5,2950.25,37.2,23.5,強い下降,36.9,弱い
1300,Pフィーバーマクロスフロンティア5 LT-Light ver.,2025-07-30,6,1,10562.5,20313.25,3936.75,61.4,37.9,下降,60.6,弱い
1301,P緋弾のアリア ～緋緋神降臨～ 88Ver.,2025-09-10,12,1,8817.5,16451.5,3753.25,41.3,24.7,強い下降,40.4,弱い
1302,e 新・必殺仕置人S 超斬撃99,2025-07-16,5,1,10805.0,22445.25,4135.0,68.1,36.5,下降,66.8,弱い
1303,eフィーバー彼女、お借りします H,2025-09-10,11,1,9420.0,21567.5,3672.75,54.6,0.0,強い下降,52.0,弱い
1304,e冴えない彼女の育てかた LX04,2025-07-30,7,1,10967.5,25473.5,4355.5,74.2,34.5,下降,72.3,弱い
1305,e範馬刃牙 XAM2,2025-08-27,10,1,11540.0,27401.0,4878.75,79.8,0.0,強い下降,75.7,弱い
1306,デジハネPモンスターハンターライズ GSPB,2025-07-09,4,1,10265.0,20601.0,4734.5,63.8,36.9,下降,62.3,弱い
1307,L 絶対衝激～PLATONIC HEART～,2025-09-10,6,1,5962.75,14866.5,4326.75,25.7,28.7,強い下降,24.7,厳しい
1308,デカスタP戦国無双 HM3,2025-08-13,8,1,10372.5,21837.25,4560.25,66.5,0.0,強い下降,63.0,弱い
1309,LBアレックス ブライト,2026-04-29,37,0,7687.5,17663.75,1670.75,25.4,27.9,強い下降,,対象外
1310,LBパチスロ ヱヴァンゲリヲン ～約束の扉～,2025-11-05,16,1,7106.0,14550.5,2088.25,19.1,21.4,強い下降,19.5,厳しい
1311,Lわたしの幸せな結婚,2025-09-10,9,1,7445.5,25383.5,1802.5,37.5,0.0,強い下降,35.8,厳しい
1312,PA CYBORG009 RULE OF SACRIFICE LT99Ver,2025-09-10,8,1,9087.5,17265.25,3518.75,43.5,0.0,強い下降,41.5,弱い
1313,PAフィーバー機動戦士ガンダムユニコーン 再来 99ver.,2025-08-06,4,1,13277.5,23079.25,4236.5,75.6,39.2,下降,74.2,標準
1314,Pドラムだ!金ドン 花火外伝 99ver.,2025-08-06,4,1,12910.0,23939.75,5291.75,79.0,37.6,下降,77.0,標準
1315,e 犬夜叉3.0 LTM-TS,2025-07-30,3,1,15610.0,36116.666666666664,5949.666666666667,92.5,36.7,下降,89.7,標準
1316,eフィーバー炎炎ノ消防隊2 シンラver.,2025-09-17,9,1,8747.5,20978.25,3692.25,48.7,0.0,強い下降,46.1,弱い
1317,eフィーバー炎炎ノ消防隊2 紅丸ver.,2025-11-05,15,1,8762.5,20963.25,3202.25,46.0,0.8,強い下降,43.8,弱い
1318,e一方通行 とある魔術の禁書目録 JKZ,2025-11-05,15,1,8607.5,19360.75,3500.0,42.1,16.3,強い下降,40.7,弱い
1319,e冒険島 EHLC2,2025-08-06,4,1,15647.5,37283.5,5670.25,92.7,40.6,下降,90.2,標準
1320,e東京リベンジャーズ GFEC,2026-01-07,23,0,9605.0,22694.0,3792.25,59.0,49.9,横ばい,,対象外
1321,ハイビリターン-30,2026-06-24,48,0,7066.25,25888.75,2948.5,41.4,33.1,下降,,対象外
1322,PAコマコマ倶楽部with坂本冬美 89STver.,2025-09-10,6,1,10605.0,14634.5,3188.25,48.2,38.0,下降,48.6,弱い
1323,e マギアレコード 魔法少女まどか☆マギカ外伝 KRJ1,2025-09-03,5,1,15712.5,36655.0,6302.0,93.2,25.1,強い下降,89.8,標準
1324,デカスタe花の慶次～傾奇一転 H6,2025-09-17,7,1,9555.0,20695.5,3432.5,52.4,28.4,強い下降,51.5,弱い
1325,L アズールレーン THE ANIMATION,2026-06-10,42,0,6928.25,26642.25,2682.0,40.1,2.7,強い下降,,対象外
1326,L ダーリン・イン・ザ・フランキス,2025-10-01,8,1,7530.75,31474.25,3948.25,52.6,0.0,強い下降,49.0,厳しい
1327,LBマタドールⅢ,2025-09-10,5,1,6973.25,15499.0,3507.75,27.2,39.4,下降,27.3,厳しい
1328,Lパチスロ 転生したら剣でした,2025-10-22,10,1,6881.5,22408.75,2962.0,36.1,0.1,強い下降,33.9,厳しい
1329,L咲-Saki- 頂上決戦,2025-10-01,8,1,7802.5,26779.25,4433.0,53.9,0.0,強い下降,50.1,厳しい
1330,Pクイーンズブレイド奈落 5400,2025-09-10,4,1,11232.5,24889.0,4754.25,75.5,36.5,下降,73.4,弱い
1331,Pフィーバー戦姫絶唱シンフォギア4 LT-Light ver.,2025-12-03,15,1,8137.5,15617.0,3053.75,30.9,38.8,下降,31.4,弱い
1332,Pフィーバー戦姫絶唱シンフォギア4 Light ver.,2025-10-29,8,1,8737.5,14558.25,3004.5,33.5,0.0,強い下降,32.2,弱い
1333,eシャーマンキング MH,2025-09-17,5,1,11622.5,28177.5,4550.75,79.5,32.7,下降,77.2,弱い
1334,eシャーマンキング でっけぇえなver.,2025-10-22,9,1,8142.5,18747.0,4125.25,42.0,0.0,強い下降,39.3,弱い
1335,e牙狼12黄金騎士極限 XX-MJ,2026-06-24,43,0,17450.0,40611.0,4537.0,92.0,34.9,下降,,対象外
1336,e真・一騎当千～軍神覚醒～ 319大入りver.,2026-06-24,43,0,9502.5,22342.75,4408.0,60.7,20.6,強い下降,,対象外
1337,e黄門ちゃま寿限無 LLサイズ 9HC3,2026-01-07,16,1,7842.5,19333.75,4353.0,42.1,35.4,下降,40.9,厳しい
1338,e GODZILLA7 TYPE-CRASH,2025-09-24,5,1,14880.0,33974.75,5480.75,90.2,31.7,下降,87.4,標準
1339,e女神のカフェテラス JLZ,2026-06-24,25,0,13665.0,32917.5,5010.0,87.0,0.0,強い下降,,対象外
1340,LBトリプルクラウン(2025年),2025-09-10,1,1,3197.0,7631.0,1217.0,1.1,50.0,横ばい,3.5,厳しい
1341,もっと!クレアの秘宝伝～女神の歌声と太陽の子供達～,2025-09-10,1,1,3744.0,7058.0,1955.0,3.3,50.0,横ばい,5.5,厳しい
1342,ドンちゃん2(2019年),2025-09-10,1,1,2580.0,5299.0,824.0,0.4,50.0,横ばい,2.9,厳しい
1343,ネオアイムジャグラーEX,2026-06-24,41,0,9925.0,18834.25,2095.25,45.4,35.9,下降,,対象外
1344,LBクレアの秘宝伝 ～はじまりの扉と太陽の石～ ボーナストリガーver.,2026-06-24,34,0,6585.75,15634.5,2326.25,20.2,20.2,強い下降,,対象外
1345,Lスマスロ ドルアーガの塔,2025-11-12,8,1,6225.0,16261.75,3026.75,21.8,0.0,強い下降,20.3,厳しい
1346,Lスマスロ 東京リベンジャーズ,2026-01-21,17,1,8642.0,28243.5,3556.75,56.4,44.6,下降,55.4,弱い
1347,P FAIRY TAIL 超一夜Ver.,2025-11-12,8,1,8407.5,17669.0,3772.75,40.1,0.0,強い下降,37.7,弱い
1348,P アズールレーン THE ANIMATION 異次元トリガー 79ver.,2026-06-03,36,0,8865.0,15783.0,3032.0,36.7,29.8,強い下降,,対象外
1349,PAぱちんこ シン・エヴァンゲリオン PREMIUM MODEL,2025-10-16,4,1,12382.5,22119.5,3651.5,68.5,37.7,下降,67.7,標準
1350,P戦国乙女7 終焉の関ケ原 LLサイズ 299ver.,2026-04-08,20,1,8232.5,18217.5,3944.5,40.5,18.0,強い下降,38.9,弱い
1351,SLOTドルアーガの塔,2025-11-19,9,1,6218.75,15480.5,2931.0,19.9,0.0,強い下降,18.6,厳しい
1352,eパリピ孔明 NB,2025-09-24,2,1,13995.0,31074.0,4875.0,86.4,38.2,下降,84.1,標準
1353,eフィーバーブルーロック MZ,2026-01-07,15,1,10102.5,24546.75,4452.0,68.9,50.8,横ばい,67.8,弱い
1354,デジハネP 頭文字D せかんど GCPC,2025-10-16,4,1,11722.5,24301.25,4307.0,74.9,35.7,下降,73.2,弱い
1355,LBマジカルハロウィン ボーナストリガー,2025-12-03,9,1,6543.0,16127.5,3582.0,26.8,0.0,強い下降,24.8,厳しい
1356,P【超甘LT】豊丸のとあるパチンコにしみけん参戦 感度UP1/39,2025-10-01,1,1,14610.0,26792.0,5604.0,86.3,50.0,横ばい,84.6,標準
1357,Pルパン三世 ONE COLLECTION 100ver.,2026-01-21,15,1,9647.5,18384.5,4380.5,54.8,48.0,横ばい,54.3,弱い
1358,デカスタPデビルマン THE FINAL 179ver.,2025-10-01,1,1,10210.0,21091.0,2533.0,53.0,50.0,横ばい,53.8,弱い
1359,Lスマスロ バベル(2025年),2025-10-22,2,1,8898.0,34167.5,6743.5,70.1,38.2,下降,67.4,弱い
1360,Lスマスロ 新鬼武者3,2026-02-18,18,1,7858.25,27130.0,3197.5,47.9,14.5,強い下降,45.8,厳しい
1361,L主役は銭形5,2026-02-25,18,1,6891.0,30610.25,3330.25,45.8,19.2,強い下降,43.8,厳しい
1362,P 冬のソナタ My Memory SWEET Version,2025-11-05,4,1,12332.5,17578.25,2711.0,54.9,41.1,下降,55.5,標準
1363,PAフィーバーダンジョンに出会いを求めるのは間違っているだろうか2 LT-Light ver.,2025-11-05,4,1,12992.5,25168.75,5076.5,80.7,38.3,下降,78.6,標準
1364,Pスーパー海物語IN沖縄6 LTP,2026-06-24,34,0,10505.0,16871.25,1797.0,44.5,16.4,強い下降,,対象外
1365,e ベルセルク無双 第2章 H3,2025-11-05,4,1,14027.5,32158.25,5705.5,88.7,33.5,下降,85.9,標準
1366,e 聖戦士ダンバイン3 ZEROSONIC GREA,2025-12-10,9,1,8960.0,21439.75,4139.0,54.3,0.0,強い下降,51.2,弱い
1367,eとある科学の超電磁砲 PHASE NEXT LTRSY,2025-11-05,4,1,28462.5,67810.0,10827.25,99.5,42.1,下降,96.6,期待以上
1368,eガールズ＆パンツァー 最終章 LAH1,2026-01-07,12,1,10385.0,25325.0,4581.75,72.2,15.5,強い下降,69.1,弱い
1369,L 荒野のコトブキ飛行隊,2025-11-19,4,1,10317.25,34363.25,6997.5,80.1,33.6,下降,77.1,弱い
1370,LB SHAKE BONUS TRIGGER,2026-06-24,33,0,8713.25,20988.25,1683.75,38.8,30.1,下降,,対象外
1371,PA義風堂々!!～兼続と慶次～3 99Ver.,2026-01-28,10,1,8245.0,15503.0,3650.75,34.6,13.9,強い下降,33.3,弱い
1372,Pゴッドイーター199 ゴッドトリガーVER.,2025-11-19,4,1,15467.5,35939.5,4762.0,90.2,31.1,下降,87.5,標準
1373,デカスタP STEINS；GATE 0 まゆしぃば～じょん,2026-06-24,31,0,8320.0,12625.5,2817.75,27.6,16.0,強い下降,,対象外
1374,L 絶対衝激Ⅳ,2025-12-24,6,1,7673.25,27247.75,5912.25,56.9,34.7,下降,54.3,厳しい
1375,Lスマスロ とある科学の超電磁砲2,2026-04-08,17,1,7082.75,23632.75,3593.5,42.4,23.6,強い下降,40.7,厳しい
1376,Lパチスロ 革命機ヴァルヴレイヴ2,2026-06-24,28,0,7766.5,30741.5,2236.5,44.5,27.7,強い下降,,対象外
1377,P Re:ゼロから始める異世界生活 鬼がかり 199ver.,2026-03-04,16,1,9127.5,21510.0,4572.5,58.1,25.5,強い下降,56.0,弱い
1378,P Re:ゼロから始める異世界生活 鬼がかり 99ver.,2026-02-04,12,1,8895.0,17509.0,4250.25,46.6,3.2,強い下降,44.1,弱い
1379,P いくさの子 戦極最強 ドデカ199ver.,2025-12-03,4,1,13342.5,28974.5,7305.25,87.2,39.5,下降,84.6,標準
1380,Pはねものファインプレー H3,2026-04-15,20,1,11367.5,8520.0,1595.75,40.5,32.0,下降,41.9,弱い
1381,P転生したらスライムだった件 129ver.,2025-12-10,5,1,14710.0,24489.75,2763.75,71.9,39.0,下降,71.6,標準
1382,e ノーゲーム・ノーライフ 199Ver.,2026-01-07,8,1,9812.5,24058.75,4420.25,66.1,0.0,強い下降,62.5,弱い
1383,e ノーゲーム・ノーライフ 319Ver.,2025-12-24,6,1,10905.0,26445.25,5807.25,78.2,29.7,強い下降,75.4,弱い
1384,e 仮面ライダー電王 デカヘソ239,2026-03-04,15,1,8125.0,18867.75,4462.5,43.8,18.6,強い下降,41.7,弱い
1385,eとある科学の超電磁砲 PHASE NEXT LT RSY,2026-02-11,13,1,9837.5,23729.25,3938.0,63.3,15.9,強い下降,60.9,弱い
1386,eフィーバーもののがたり F,2026-04-08,21,0,8272.5,20040.25,3683.25,42.3,29.3,強い下降,,対象外
1387,eルパン三世VSキャッツ・アイ MAH4,2026-02-04,12,1,8732.5,20671.5,4109.25,50.1,0.0,強い下降,47.1,弱い
1388,e源外伝 EPISODE OF -大龍- EHLG,2025-12-03,4,1,12587.5,28050.25,4543.5,81.4,36.3,下降,79.2,標準
1389,e花の慶次～黄金の一撃 H4,2026-05-13,20,1,8305.0,19635.0,3756.25,42.3,32.4,下降,41.4,弱い
1390,Lスマスロネオプラネット,2026-01-14,7,1,9007.5,29849.25,4564.25,66.3,36.2,下降,64.1,弱い
1391,Pメイドインアビス 奈落の連環蝕 SL,2025-12-10,3,1,14803.333333333334,30626.0,5513.333333333333,88.7,34.5,下降,86.0,標準
1392,e女神のカフェテラス FLX,2026-03-25,17,1,17735.0,42673.75,7259.75,96.2,37.4,下降,93.2,標準
1393,Lスマスロ 化物語,2026-05-20,23,0,8612.0,26195.5,2437.5,47.7,37.0,下降,,対象外
1394,Lバーニングエクスプレス,2026-01-14,5,1,10551.25,38335.25,5001.0,81.2,41.2,下降,78.8,弱い
1395,Lプリズムナナ(2025年),2026-06-17,26,0,6428.5,27033.25,3360.75,41.8,0.0,強い下降,,対象外
1396,L銀河英雄伝説 Die Neue These,2026-02-04,8,1,8607.75,27820.5,3210.25,53.5,0.0,強い下降,50.6,弱い
1397,PAフィーバーからくりサーカス2 Light ver.,2026-01-21,6,1,11735.0,22845.0,4194.0,72.0,37.1,下降,70.6,弱い
1398,PA海物語 極JAPAN Withナギナミ HBD,2026-04-01,9,1,10722.5,14786.75,2522.75,45.3,0.0,強い下降,44.3,弱い
1399,PA野生の王国Ⅵ N2,2026-04-22,16,1,8880.0,13526.5,3012.75,33.9,34.9,下降,34.4,弱い
1400,e アズールレーン2 THE ANIMATION 超次元 K6,2026-03-25,13,1,9485.0,21962.25,4175.75,58.6,13.8,強い下降,56.2,弱い
1401,e 北斗の拳11 暴凶星 SHEF,2026-06-24,28,0,9462.5,22317.75,3506.5,55.0,0.0,強い下降,,対象外
1402,eうしおととら～神のせSPEC～ 150ver.,2026-02-04,8,1,9960.0,23313.0,3814.0,62.9,0.0,強い下降,59.9,弱い
1403,e地獄少女 7500Ver.,2026-06-10,26,0,7982.5,19640.75,3329.0,37.8,0.0,強い下降,,対象外
1404,L 無職転生 ～異世界行ったら本気だす～,2026-05-13,17,1,7736.75,26827.5,4108.5,52.1,22.6,強い下降,49.7,厳しい
1405,LB不二子BT,2026-05-27,21,0,7980.25,16243.0,1623.0,24.7,37.7,下降,,対象外
1406,Lスマスロ 沖ドキ!DUO アンコール,2026-05-27,21,0,7565.75,32516.75,3360.25,49.7,56.3,横ばい,,対象外
1407,Lスマスロ 秘宝伝(2025年),2026-03-11,11,1,7011.75,22676.25,4027.0,43.0,0.0,強い下降,39.9,厳しい
1408,P沖ドキ!ドキドキ弾丸ツアー LG,2026-05-13,20,1,7970.0,16986.25,5616.0,42.1,41.3,下降,41.0,厳しい
1409,e 新世紀エヴァンゲリオン ～はじまりの記憶～ R,2026-06-24,26,0,12385.0,29502.75,3163.75,74.2,0.0,強い下降,,対象外
1410,LBスマート沖スロ ニューキングハナハナV,2026-06-24,24,0,9181.5,17363.0,1771.75,36.6,26.4,強い下降,,対象外
1411,Lスマスロ 北斗の拳 転生の章2,2026-06-24,21,0,9456.75,33743.0,980.0,55.2,26.1,強い下降,,対象外
1412,Lスマスロ鉄拳6,2026-04-08,13,1,7921.0,28016.5,2829.0,46.7,7.5,強い下降,44.6,厳しい
1413,P ゴジラ対エヴァンゲリオン2 超デカシルバー,2026-02-25,7,1,11257.5,22688.5,3633.25,66.5,36.4,下降,65.6,弱い
1414,PA清流物語4 ウキウキ79ver.,2026-03-18,10,1,10377.5,15541.0,2714.75,45.6,3.3,強い下降,44.6,弱い
1415,Pフィーバーうたわれるもの LT-Light ver.,2026-02-04,4,1,14472.5,27283.75,4955.25,85.8,38.2,下降,83.6,標準
1416,Pフィーバー彼女、お借りします LT-Light ver.,2026-03-04,8,1,10517.5,21323.75,4117.5,64.5,0.0,強い下降,61.4,弱い
1417,SBニューキングハナハナV-30,2026-06-24,24,0,12448.25,22468.0,1885.75,61.2,35.3,下降,,対象外
1418,e ゴジラ対エヴァンゲリオン2 超デカゴールド,2026-03-18,10,1,9607.5,22658.25,3441.5,56.6,0.0,強い下降,54.1,弱い
1419,e ソードアート・オンライン 閃光の軌跡 99Ver.,2026-06-24,15,1,8697.5,17541.75,2891.25,36.9,32.3,下降,37.0,弱い
1420,e 盾の勇者の成り上がり アルティメット199ver.,2026-02-25,7,1,9510.0,24433.25,5285.0,66.4,33.2,下降,64.1,弱い
1421,eようこそ実力至上主義の教室へ MA,2026-06-10,22,0,8920.0,21259.75,3185.25,48.1,12.5,強い下降,,対象外
1422,e吉宗 極乗3000ver.,2026-04-22,15,1,8317.5,19420.5,3744.25,42.1,22.1,強い下降,40.7,弱い
1423,P【超甘LT】華牌RR 1/49×99de遊タイム,2026-02-25,5,1,10112.5,17557.5,4206.75,55.5,42.2,下降,55.0,弱い
1424,P閃乱カグラ 189大入りver.,2026-06-24,21,0,7947.5,16478.25,3671.5,33.9,23.6,強い下降,,対象外
1425,e ULTRAMAN 4500超ライト,2026-02-11,3,1,15046.666666666666,34657.666666666664,5670.666666666667,91.2,34.3,下降,88.4,標準
1426,e範馬刃牙 199ver.,2026-03-25,8,1,10435.0,26106.25,4452.0,72.4,0.0,強い下降,68.6,弱い
1427,Lスマスロ ゴブリンスレイヤーⅡ,2026-03-18,6,1,8498.25,37878.0,6131.0,67.2,32.7,下降,64.2,弱い
1428,Lスマスロ ハナビ(2026年),2026-06-24,20,1,8042.75,15229.25,1978.5,24.4,29.9,強い下降,25.3,弱い
1429,Lスマスロ 攻殻機動隊(2026年),2026-06-24,20,1,10349.5,34119.75,3316.0,69.8,23.6,強い下降,67.9,弱い
1430,Lパチスロ 炎炎ノ消防隊2,2026-06-24,20,1,9481.0,31002.75,3497.0,63.5,23.9,強い下降,61.5,弱い
1431,Lパチスロうみねこのなく頃に2,2026-06-24,20,1,13261.25,22367.25,-800.25,60.3,27.7,強い下降,60.5,標準
1432,L範馬刃牙,2026-04-01,8,1,7286.75,25910.5,4693.25,51.7,0.0,強い下降,47.8,厳しい
1433,PA乗物娘 with CYBER JAPAN DANCERS 2nd season 77ver.,2026-03-04,4,1,13150.0,18571.75,3859.25,64.5,40.8,下降,64.1,標準
1434,P俺の妹がこんなに可愛いわけがない。 攻略!!スキップ159ver.,2026-02-25,3,1,16896.666666666668,35901.666666666664,4703.666666666667,91.3,40.3,下降,89.0,標準
1435,P冴えない彼女の育てかた 99ver.,2026-06-10,14,1,9600.0,20114.5,3710.75,53.3,37.4,下降,52.6,弱い
1436,P黄門ちゃま寿限無 99ver.,2026-04-15,10,1,9157.5,18438.0,2992.0,43.6,0.0,強い下降,41.9,弱い
1437,e 真・北斗無双 第5章 夢幻闘双 SCEA,2026-04-01,8,1,8025.0,20993.0,4079.25,45.4,0.0,強い下降,42.4,弱い
1438,eフィーバーBASTARD!! -暗黒の破壊神- G,2026-04-08,8,1,8440.0,20768.25,3760.5,45.9,0.0,強い下降,43.2,弱い
1439,e異世界でチート能力を手にした俺は現実世界をも無双する ～レベルアップは人生を変えた～ FSZ,2026-04-15,10,1,8172.5,18854.0,3680.25,39.8,0.0,強い下降,37.4,弱い
1440,P黄門ちゃま寿限無 LLサイズ 259ver.,2026-02-18,1,1,9520.0,17747.0,4560.0,53.1,50.0,横ばい,52.7,弱い
1441,P 俺の妹がこんなに可愛いわけがない。 攻略!!スキップ159ver.,2026-03-25,2,1,10375.0,22342.0,3546.0,62.0,41.4,下降,61.4,弱い
1442,LBスマスロ サンダーV(2026年),2026-06-24,16,1,9561.0,20984.75,1536.5,45.1,32.9,下降,45.6,弱い
1443,Lスマスロ 甲鉄城のカバネリ 海門決戦,2026-06-24,16,1,14022.5,43185.25,2153.25,76.5,27.6,強い下降,75.5,標準
1444,P Re:ゼロから始める異世界生活 season2 129ver.,2026-06-24,16,1,10017.5,22403.0,4250.25,64.5,20.0,強い下降,62.2,弱い
1445,P Re:ゼロから始める異世界生活 season2 249ver.,2026-06-03,12,1,9092.5,21113.0,3936.75,53.4,18.1,強い下降,51.5,弱い
1446,P戦国乙女7 終焉の関ケ原 99ver.,2026-06-24,16,1,8737.5,15767.25,2864.75,34.9,30.1,下降,35.0,弱い
1447,P痛いのは嫌なので防御力に極振りしたいと思います。 極振り129ver,2026-06-10,12,1,8907.5,19763.0,4070.75,49.9,23.2,強い下降,48.2,弱い
1448,e 甲鉄城のカバネリ2 咲かせや燦然 GFEA,2026-05-13,10,1,10352.5,25532.75,4711.5,72.4,0.0,強い下降,68.5,弱い
1449,e 魔法少女まどか☆マギカ3 時間遡行～始まりの願い～ LPM1,2026-06-17,15,1,8935.0,21097.5,3690.0,50.7,0.0,強い下降,48.1,弱い
1450,eアクダマドライブ EHLT,2026-05-13,10,1,9792.5,23389.75,4563.0,65.8,2.7,強い下降,62.3,弱い
1451,eフィーバーダンベル何キロ持てる？2 F,2026-06-03,13,1,8705.0,20857.25,3818.5,48.3,7.6,強い下降,46.0,弱い
1452,eワンパンマン2～正義執行 LM10,2026-06-10,14,1,9067.5,20227.75,4026.0,51.6,6.6,強い下降,49.1,弱い
1453,e牙狼11～冴島大河～ 魔戒BURST Ver.,2026-04-22,7,1,9765.0,22268.25,4297.5,62.3,32.8,下降,60.6,弱い
1454,P モモキュンソード 速撃99ver.,2026-05-13,8,1,9947.5,19745.75,4118.75,57.6,0.0,強い下降,54.8,弱い
1455,Pえとたま2 神祭 干支甘,2026-04-15,4,1,13570.0,26278.25,4881.75,82.7,35.8,下降,80.5,標準
1456,e スマパチ SSSS.GRIDMAN メガSTART 159ver.,2026-05-20,8,1,8787.5,18296.75,4801.25,49.4,0.0,強い下降,46.3,弱い
1457,e 乃木坂46 Ⅱ SWEET Version,2026-05-06,7,1,9632.5,18143.5,4768.0,55.7,32.3,下降,54.2,弱い
1458,LB A-SLOT+ 異世界かるてっと BT,2026-06-24,11,1,8333.0,21865.0,2529.25,40.5,7.0,強い下降,39.0,弱い
1459,Lアクダマドライブ,2026-06-24,10,1,5900.25,27606.5,4652.5,46.5,0.0,強い下降,42.5,厳しい
1460,Lスマスロヨルムンガンド,2026-05-20,6,1,9803.5,34464.25,6074.25,76.8,34.8,下降,74.0,弱い
1461,L真打 吉宗,2026-06-24,11,1,13151.5,54718.5,8800.75,91.8,26.4,強い下降,88.2,標準
1462,L虚構推理,2026-06-24,11,1,9110.0,32222.75,4488.5,67.6,0.0,強い下降,63.6,弱い
1463,P にゃんこ大戦争 多様性のネコ 神さまにおまかせ88ver.,2026-06-17,10,1,10670.0,20474.5,2753.75,55.7,0.0,強い下降,53.9,弱い
1464,P ウルトラマンメビウス デカヘソ319,2026-05-13,5,1,12995.0,29427.5,5451.0,84.8,34.7,下降,82.2,標準
1465,e 終末のワルキューレ EREA,2026-05-13,5,1,13282.5,34939.5,6972.75,89.6,34.6,下降,86.6,標準
1466,eラグナドール 妖しき皇帝と終焉の夜叉姫 CMB,2026-05-13,5,1,14107.5,32911.25,5959.5,89.3,36.4,下降,86.7,標準
1467,eリコリス・リコイル M3,2026-06-24,11,1,25060.0,58088.25,8313.25,98.8,16.5,強い下降,94.7,期待以上
1468,e転生したらスライムだった件2 MF,2026-06-24,11,1,11152.5,26270.75,4268.0,74.8,0.0,強い下降,71.2,弱い
1469,Lアニマルスロットドッチ,2026-06-24,9,1,9858.5,34595.5,6261.75,77.5,10.0,強い下降,73.4,弱い
1470,Lスマスロ ミリオンゴッド-神々の軌跡-,2026-06-24,9,1,14473.25,59823.5,12870.0,95.1,3.9,強い下降,90.3,標準
1471,Lパチスロ 機動戦士ガンダムユニコーン 覚醒DRIVE,2026-05-20,4,1,12124.75,48534.75,7616.25,89.7,33.2,下降,86.4,標準
1472,e86-エイティシックス- MAM2,2026-06-24,9,1,13727.5,33333.0,6603.5,89.2,0.0,強い下降,84.6,標準
1473,eフィーバーキン肉マン,2026-06-24,9,1,15782.5,37173.5,6361.75,93.5,0.0,強い下降,88.8,標準
1474,eリング 最恐領域 RHA,2026-06-24,9,1,11820.0,28899.25,5519.0,82.6,0.0,強い下降,78.3,弱い
1475,Lスマスロ スーパーリオエース2,2026-06-24,6,1,11815.75,42142.5,6813.75,88.1,38.3,下降,85.2,弱い
1476,Lスマスロ バイオハザードRE:3,2026-06-24,6,1,9300.5,34344.5,5678.5,72.6,34.4,下降,69.8,弱い
1477,Lスマスロ ビッグドリーム THE GOLDEN PUSHER,2026-06-24,6,1,8903.75,49403.5,9151.25,73.7,34.7,下降,70.5,弱い
1478,Lタクトオーパス デスティニー,2026-06-24,6,1,11631.0,36117.5,6110.5,86.0,38.2,下降,83.3,弱い
1479,Pクイーンズブレイド奈落 ナナエル79Ver.,2026-06-10,4,1,12920.0,26342.25,5191.0,82.0,39.9,下降,79.9,標準
1480,PフィーバークィーンⅡ YS,2026-06-24,6,1,12537.5,15101.25,2540.25,50.6,38.0,下降,51.5,標準
1481,e バイオハザード6 APN,2026-06-24,6,1,15457.5,37637.75,7319.25,93.6,35.5,下降,90.6,標準
1482,eひきこまり吸血姫の悶々 FHV,2026-06-24,6,1,22887.5,51795.25,8823.75,98.6,41.5,下降,95.7,良好
1483,eまわるん超ワープ ギンギラパラダイス VIVA FESTA HTA2,2026-06-10,4,1,15640.0,33046.5,4587.25,88.9,37.3,下降,86.6,標準
1484,eカケグルイ 7500ver,2026-06-24,6,1,15960.0,39982.5,6785.75,94.4,35.0,下降,91.4,標準
1485,eライザのアトリエ 常闇の女王と秘密の隠れ家 K3,2026-06-10,4,1,16745.0,38749.75,6901.75,94.9,33.9,下降,91.8,標準
1486,eルパン三世VSキャッツ・アイ 157ver. 極限突破ブッた斬り7500,2026-06-17,5,1,13237.5,31426.0,7010.5,87.7,36.6,下降,84.9,標準
1487,デカスタP戦国無双 100ver.,2026-06-24,6,1,11390.0,20245.25,4161.0,65.4,37.8,下降,64.4,弱い
1488,LBスロットGALFY,2026-06-24,4,1,11698.75,27469.0,2914.25,70.1,38.3,下降,69.5,弱い
1489,P 犬夜叉3.0 大入り 甘SPEC,2026-06-24,4,1,18277.5,35646.25,7081.5,95.2,34.8,下降,92.2,良好
1490,Lスマスロ BIRDIE WING -Golf Girls’ Story-,2026-06-24,2,1,12381.5,48126.0,7408.5,89.8,40.7,下降,87.0,標準
1491,Lスロット ソードアート・オンラインⅡ,2026-06-24,2,1,23476.0,94257.0,17361.0,99.5,48.4,横ばい,96.9,良好
1492,L戦国乙女5 業火を穿つ宿焔の双刃,2026-06-24,2,1,24078.0,77799.5,10571.0,99.2,48.0,横ばい,96.7,良好
1493,P 魔法少女まどか☆マギカ3 キュゥべえver.,2026-06-24,2,1,22330.0,43189.5,6764.0,97.3,44.6,下降,94.8,良好
1494,PAスーパー海物語IN沖縄6 Withえなこ RBD,2026-06-24,2,1,20390.0,24952.0,4094.0,83.2,43.2,下降,82.0,良好
1495,PA花の慶次～傾奇一転 87ver.,2026-06-24,2,1,18475.0,27197.5,5920.5,90.4,44.2,下降,88.3,良好
1496,e 化物語 鬼99ver.,2026-06-24,2,1,18115.0,41532.0,8326.5,96.7,43.8,下降,94.0,良好
1497,e 学園黙示録ハイスクール・オブ・ザ・デッド3 V1A,2026-06-24,2,1,17320.0,40680.5,8658.0,96.0,39.9,下降,93.2,標準
1498,e 東京喰種 超デカ 超一撃 ver.,2026-06-24,2,1,42600.0,93030.0,12211.5,99.9,48.2,横ばい,97.3,期待以上
1499,eソードアート・オンライン オルタナティブ ガンゲイル・オンライン M08,2026-06-24,2,1,26810.0,66822.5,10084.0,99.3,43.0,下降,96.5,期待以上
1500,eフィーバー デッドマウント・デスプレイ 魂神9000,2026-06-24,2,1,20905.0,50043.5,8846.0,98.3,43.9,下降,95.6,良好
1501,e冥妃転生 CMP,2026-06-24,2,1,18045.0,43146.0,7391.0,96.8,43.0,下降,94.1,良好
1502,遊moreLT PエガブレイブVVV AX4,2026-06-24,2,1,18550.0,24095.5,10986.5,88.4,40.2,下降,86.1,良好
