machine_id,machine_name,latest_out_per_unit,avg_out_4w,avg_out_8w,avg_out_12w,avg_out_26w,trend_rate_4w,trend_rate_12w,trend_rate_4w_vs_26w,volatility_12w,volatility_26w,trend_score,trend_strength
241,SLOTバジリスク～甲賀忍法帖～絆2,1634.0,3951.5,4217.0,4314.666666666667,4520.884615384615,-0.1184606804238706,-0.08058386902013696,-0.12594539870515467,0.23239862409542664,0.17387262616130472,20.0,強い下降
253,パチスロ ケロット4,4825.0,4338.5,4274.625,4265.333333333333,4218.576923076923,0.03033901323992163,0.008611346483535828,0.028427377077578163,0.054167220937674995,0.06463176964688322,52.2,横ばい
293,サンダーVライトニング,3591.0,6449.5,6449.5,6449.5,6449.5,,,0.0,0.6267973436767954,0.6267973436767954,24.9,強い下降
307,パチスロ モンキーターンⅣ,2216.0,4014.0,4230.0,5083.083333333333,7224.428571428572,-0.09716599190283401,,-0.44438512190781276,0.41871027798765176,0.4142686006943849,21.6,強い下降
337,シャア専用パチスロ 逆襲の赤い彗星,6288.0,5965.5,5824.0,5657.166666666667,5069.461538461538,0.04980202375714914,0.22026890997986776,0.1767521964098752,0.07229466319790805,0.16303173585080818,70.7,上昇
395,アイムジャグラーEX(2020年),7937.0,7554.0,7996.125,7918.166666666667,8092.192307692308,-0.10479068527242023,-0.021250296144456615,-0.06650760229470952,0.09822110288290616,0.08438357964339922,31.8,下降
397,パチスロひぐらしのなく頃に祭2,6793.0,7810.75,8454.25,9357.416666666666,11355.64705882353,-0.14146354867961858,,-0.31217041534142126,0.17377156849212022,0.3374050799221548,26.1,強い下降
411,パチスロ頭文字D,2883.0,4984.75,5216.375,5374.75,5567.961538461538,-0.08503120411160059,-0.07627859014937767,-0.10474417512278344,0.18612969300899793,0.155618191292744,26.2,強い下降
432,パチスロ BIOHAZARD 7 resident evil,2885.0,4794.5,4693.75,4939.416666666667,6097.2307692307695,0.04387110820814283,-0.2965380552819283,-0.21365941663302385,0.17121985452351762,0.2167286531842063,24.7,強い下降
442,PAわんわんパラダイスV GBA,9480.0,9760.0,10307.5,10685.833333333334,10902.307692307691,-0.10087517273146016,-0.020920821562189704,-0.10477668806886327,0.09581765504846275,0.07646624033053766,32.4,下降
453,パチスロ北斗の拳 宿命,1879.0,3540.75,4827.0,5947.833333333333,7969.222222222223,-0.42080726291252607,,-0.5556969173068611,0.37854839080269936,0.4847991824304593,0.0,強い下降
469,ニューパルサーSPⅢ,3104.0,3746.75,3835.625,3950.75,4055.5384615384614,-0.045292393935533186,-0.023300370828182943,-0.07613994158036491,0.12687379621798753,0.10547709274042864,37.6,下降
492,P大海物語4 スペシャル BLACK SCA,11590.0,11582.5,11753.75,11724.166666666666,11536.538461538461,-0.028721174004192874,0.03175418011146953,0.003983997332888864,0.07833412619974049,0.07852330735939243,46.0,横ばい
503,チバリヨ-30(2021年),3225.0,4251.0,4363.625,4373.5,4718.923076923077,-0.05032113934655124,-0.11619682732141053,-0.09915886936393575,0.09153444380288794,0.1119083790614385,31.0,下降
511,P NEW TOKIO ハカマタイプ,15490.0,15182.5,15390.0,15146.666666666666,14844.23076923077,-0.026606828017310468,0.040531257155942295,0.022787925897136914,0.05139583553099889,0.046184820865073695,48.0,横ばい
533,SLOT劇場版魔法少女まどか☆マギカ[前編]始まりの物語／[後編]永遠の物語,1782.0,6655.5,10751.375,10751.375,10751.375,-0.5517351698125915,,-0.380962900094174,0.5187648039355031,0.5187648039355031,0.0,強い下降
554,PA乗物娘 WITH CYBERJAPAN(R) DANCERS 77ver.,10660.0,9792.5,9456.25,9369.166666666666,9675.76923076923,0.0737390350877193,-0.059399313979754155,0.012064236594188526,0.05469571287737314,0.06880421629779153,51.9,横ばい
567,ファンキージャグラー2,9179.0,8940.75,9345.625,9171.416666666666,9182.23076923077,-0.08304702322957797,0.011627693212736163,-0.02629870401863133,0.09003795583555445,0.07253666803494191,37.4,下降
569,Pうまい棒 4500～10500,7030.0,7897.5,7893.75,7810.0,7449.2307692307695,0.0009505703422053232,0.10168096861408248,0.060176579925650515,0.049659133070019665,0.06435102110098015,56.3,横ばい
576,P 009 RE:CYBORG ACCELERATOR EDITION M4-K,7490.0,7345.0,7966.25,7945.833333333333,8233.076923076924,-0.14468704512372635,-0.03919790407093918,-0.10786695319069427,0.11383431425209549,0.11047649935125801,24.9,強い下降
599,P野生の王国GO 99ver.,8480.0,8312.5,8518.75,8736.666666666666,9048.461538461539,-0.04727793696275072,-0.06359414076455884,-0.08133554365382986,0.04819285116262267,0.05377459686794188,37.3,下降
604,パチスロうまい棒(2021年),1133.0,3309.75,3647.125,4019.9166666666665,4817.357142857143,-0.1693437068640984,,-0.3129531604465994,0.2617094234080162,0.472190198787625,19.2,強い下降
605,マイジャグラーⅤ,13892.0,13567.75,14001.125,13810.083333333334,13837.76923076923,-0.06004710935605667,0.004649781151108883,-0.01951320521871576,0.06149786656855248,0.04917981862666234,40.7,下降
611,パチスロ 戦姫絶唱シンフォギア 勇気の歌,2233.0,3876.75,4042.0,4149.0,4534.692307692308,-0.07855487551250817,-0.1556346985499873,-0.14509083815372087,0.1573924727769328,0.14800425113392274,21.8,強い下降
612,沖ドキ!DUO,2522.0,3968.0,3935.0,3924.0,4116.423076923077,0.016914402870322913,-0.07712208219822439,-0.03605632223644506,0.16000808608742598,0.1270180965935692,39.5,下降
613,沖ドキ!DUO-30,2119.0,3464.5,3943.75,3980.5833333333335,4366.653846153846,-0.2167081166628985,-0.14624032601118878,-0.20660072401856722,0.18893587706447007,0.17634888581887578,4.7,強い下降
615,P Re:ゼロから始める異世界生活 鬼がかりver.,8770.0,8970.0,9450.0,9250.0,9858.846153846154,-0.09667673716012085,-0.09350755410371575,-0.09015721920961264,0.1391868275842688,0.14457645357934154,25.4,強い下降
621,バーサスリヴァイズ,7200.0,7382.0,7414.125,7414.5,7146.384615384615,-0.008628504280678193,0.07091788835126742,0.03296987180177176,0.022850345960763574,0.0487018714850033,53.7,横ばい
628,パチスロ ディスクアップ2,8519.0,9632.75,10246.375,10446.5,10224.5,-0.11300644567219152,0.04360639360639361,-0.05787569074282361,0.09897507856945936,0.0714344416143339,36.0,下降
630,パチスロアラジンAクラシック,2401.0,3205.0,3663.125,3921.0833333333335,5062.7692307692305,-0.22232332423415227,-0.33720700924047775,-0.36694724687006197,0.18018682252715676,0.2527688120808538,0.0,強い下降
633,押忍!番長ZERO,4388.0,5095.25,5437.25,5324.916666666667,5310.038461538462,-0.11835445775835965,0.02164841314253749,-0.040449511447838336,0.11399928370272891,0.09281113940206238,33.0,下降
642,ハナハナホウオウ～天翔～,3570.0,4471.75,4184.0,4333.583333333333,4455.461538461538,0.1477061276868784,-0.0264709736600709,0.0036558415773209124,0.14412591707154782,0.11418305770282815,59.8,横ばい
643,ハナハナホウオウ～天翔～-30,10265.0,7967.25,7598.125,7557.5,7685.923076923077,0.10212339189376124,-0.03648378734435429,0.03660288039072427,0.1169644747565062,0.11316938585797263,54.7,横ばい
650,SLOTマッピー,8250.0,8089.0,8414.625,8664.416666666666,10092.307692307691,-0.07451159863848288,-0.20516623219759808,-0.19849847560975603,0.08140112830170075,0.18229531998407117,21.4,強い下降
665,ニューパルサーDXⅢ,4355.0,4116.0,3997.0,4033.1666666666665,3942.846153846154,0.061371841155234655,0.04934738302762235,0.04391595294301267,0.049831200125024996,0.06270036949999645,59.3,横ばい
670,沖ドキ!2-30,3239.0,3903.25,4201.375,4146.583333333333,3982.6666666666665,-0.13251472385820648,,-0.01994057582859052,0.1288520362694428,0.13784888539498247,28.9,強い下降
681,パチスロ この素晴らしい世界に祝福を!,7443.0,7700.5,7956.375,7974.416666666667,7904.5,-0.062315443392492925,0.004629824045689329,-0.025808084002783224,0.07307184782009363,0.057571931695527295,40.0,下降
684,新ハナビ,8762.0,8664.0,8702.125,8772.583333333334,8729.461538461539,-0.008724006750378994,0.008516794083271132,-0.007498920543165119,0.023249108835276172,0.025529083359774444,48.7,横ばい
705,PAコマコマ倶楽部with坂本冬美 99ver.,8470.0,8607.5,8896.25,9119.166666666666,9499.23076923077,-0.06287425149700598,-0.08080638387232267,-0.0938739978945664,0.055196119689853204,0.08064163917552636,33.8,下降
723,スーパーハナハナ2-30,6938.0,6567.5,6961.125,6558.916666666667,6446.923076923077,-0.10703966824161257,0.0361774114983083,0.018703018732848076,0.1695798560817068,0.13744792453853755,33.3,下降
724,ニューゲッターマウス,3732.0,4646.0,5078.125,4915.666666666667,5475.115384615385,-0.15684406333650924,-0.1564466308202722,-0.15143340849859155,0.13080407498320068,0.1578053697556329,13.4,強い下降
727,パチスロ 甲鉄城のカバネリ,4991.0,6059.25,6499.25,6749.833333333333,7680.807692307692,-0.12681485751342003,-0.1989437664418379,-0.21111812159177973,0.13746551163976267,0.15817146274355118,13.4,強い下降
740,黄門ちゃま喝2,3000.0,3596.25,3948.875,4176.333333333333,4426.846153846154,-0.16395443449959315,-0.09541171798852027,-0.18762706563102755,0.14136601506328442,0.1316129520276258,17.0,強い下降
744,パチスロ 新鬼武者2,4075.0,5166.5,5991.625,6074.666666666667,6646.7307692307695,-0.24208750504272564,-0.1085348106296853,-0.22270057576020602,0.16458007482772033,0.1652872985510431,5.7,強い下降
747,PA新海物語 ARBB,9360.0,10472.5,10848.75,10846.666666666666,11618.076923076924,-0.06703786191536748,-0.11147518601952357,-0.09860297282086938,0.05906887286604476,0.09372530302906178,30.7,下降
764,パチスロペルソナ5,3000.0,4174.25,4461.5,4601.166666666667,5873.307692307692,-0.12097920505396156,-0.30904767863846827,-0.28928463845559443,0.12787388574721834,0.2743219600486352,5.6,強い下降
774,パチスロ バイオハザード RE:2,3838.0,5244.25,5805.125,5700.25,6143.884615384615,-0.1762095507382972,-0.09749050031665611,-0.1464276547661527,0.15788545733656376,0.15816487961990622,14.7,強い下降
776,パチスロハードボイルド(2022年),3215.0,4809.25,5121.875,5255.0,6069.192307692308,-0.11505198270310056,-0.2053631059641871,-0.2075963726005868,0.16362431167239205,0.1825044856741571,13.2,強い下降
783,ハッピージャグラーVⅢ,8132.0,7859.5,8276.125,8145.333333333333,8184.115384615385,-0.09585574185384373,0.0067360181275105575,-0.03966407722276268,0.09698585118103424,0.07998784433194228,35.2,下降
795,花火絶景,1665.0,3565.5,4496.0,5165.0,6658.9375,-0.34294665069566016,,-0.4645542175459674,0.3028405204245971,0.4925733652545035,0.0,強い下降
798,Lパチスロ 革命機ヴァルヴレイヴ,6678.0,6149.75,6196.125,6346.916666666667,6471.7307692307695,-0.014857829395274328,-0.0019655890870493888,-0.04975187947582686,0.10948191316058992,0.11206071565203019,43.7,下降
799,L HEY!エリートサラリーマン鏡,4359.0,5143.25,4895.625,5452.833333333333,8475.73076923077,0.10655120481927711,-0.47382979921035073,-0.39317916766877375,0.24982089689007678,0.41564572422153906,14.9,強い下降
816,沖ドキ!GOLD,6463.0,6256.0,6628.25,6543.5,6844.884615384615,-0.10634954646096707,-0.07114128891833069,-0.08603280383441872,0.08092404077904393,0.096835625816633,28.3,強い下降
817,沖ドキ!GOLD-30,6590.0,6421.5,6810.125,6781.0,6980.115384615385,-0.10797013370376801,-0.020228290709435052,-0.0800295344467526,0.09423538888998848,0.10337104360412591,31.7,下降
820,Pスーパー海物語IN沖縄5 夜桜超旋風 99ver.,10830.0,10427.5,10826.25,10744.166666666666,10801.153846153846,-0.07104677060133631,-0.014371989909028472,-0.034593882419969336,0.07168432982513286,0.0582999537211143,37.5,下降
828,パチスロ モンスターハンターワールド:アイスボーン,2273.0,4304.25,4654.625,5014.333333333333,5905.884615384615,-0.14000999000999,-0.23919585282589456,-0.27119300827727233,0.1911326224758206,0.18908939091162363,6.4,強い下降
830,P大海物語5 MTE2,17570.0,16402.5,17105.0,17050.833333333332,17228.076923076922,-0.07889934016566054,-0.016865270036517395,-0.0479204339963833,0.07870123711951445,0.06317875828675332,36.0,下降
831,P宇宙戦艦ヤマト2202 -ONLY ONE- LIGHT ver.,8790.0,8585.0,9031.25,8921.666666666666,8766.153846153846,-0.09417040358744394,0.030612244897959186,-0.02066514566514562,0.06101513807258134,0.059338428676109334,38.7,下降
841,パチスロ盾の勇者の成り上がり,2178.0,3900.5,5433.75,6530.666666666667,7911.857142857143,-0.44014640447825465,,-0.507005759890219,0.3412544016989975,0.5256107353826868,0.0,強い下降
849,パチスロ機動戦士ガンダムユニコーン,1536.0,3746.5,4362.875,4696.083333333333,7619.590909090909,-0.24757744640257068,,-0.5083069360679111,0.23703420742358577,0.5793696781095761,10.8,強い下降
850,戦国コレクション5,1432.0,3688.5,4286.125,4785.416666666667,6169.576923076923,-0.2447402098797031,-0.3388177589462534,-0.40214701170133843,0.25669882445099473,0.26018725861658565,0.0,強い下降
851,P 009 RE:CYBORG ACCELERATOR EDITION 99ver.,11150.0,11022.5,11350.0,11203.333333333334,11083.846153846154,-0.056090772853778635,0.029008802143130556,-0.005534735234922656,0.061967305033282044,0.05290948866547672,43.1,下降
854,キングハナハナ-30(2023年),10784.0,10596.5,11084.0,10839.166666666666,10976.5,-0.08425873914358553,0.0053719806763284465,-0.034619414203070194,0.09086854460911085,0.09189544290895572,36.7,下降
858,Lスマスロ北斗の拳,7380.0,7360.25,7746.25,7702.333333333333,8001.346153846154,-0.09493067724184574,-0.06083422242544331,-0.08012353690484779,0.10919779389039554,0.09253500958084945,29.4,強い下降
864,Lゴブリンスレイヤー,6048.0,5887.5,5289.875,5277.75,4982.423076923077,0.2547285417443657,0.1342682140554481,0.18165396818044968,0.1651080860952579,0.14416017435994544,84.7,強い上昇
866,Pフィーバー炎炎ノ消防隊 G,9230.0,10410.0,10923.75,10680.833333333334,11077.307692307691,-0.0898360655737705,-0.05771210116159383,-0.06024096385542162,0.08602030368301586,0.08279028724195546,31.2,下降
868,アナザーゴッドハーデス-解き放たれし槍撃ver.-,2059.0,4085.5,4699.25,5243.5,7399.333333333333,-0.23103707886316582,,-0.4478556626723128,0.2441398276227456,0.5822470453540443,12.5,強い下降
870,L主役は銭形4,4577.0,6021.0,6048.0,6391.0,6896.5,-0.008888888888888889,-0.1194139530611308,-0.12694845211339084,0.14684074198787395,0.12462403567883847,33.5,下降
875,P北斗の拳 暴凶星 SFPA,9910.0,10930.0,10541.25,10516.666666666666,11299.23076923077,0.07658212262989411,-0.11226786719189646,-0.03267751378582615,0.08696880779509952,0.12415659099524513,46.7,横ばい
878,パチスロ 炎炎ノ消防隊,3027.0,5270.5,6035.625,6350.25,7756.807692307692,-0.2250119472117046,-0.29348118341878604,-0.3205323363596246,0.18601571116654939,0.21153081176587335,0.0,強い下降
880,Lスロット ソードアート・オンライン,8683.0,8477.25,8395.625,7942.25,6754.5,0.01963555448640847,0.3961327180839376,0.2550521874306018,0.12814583800392693,0.20463754129619557,78.9,強い上昇
899,パチスロコードギアス 反逆のルルーシュ3 C.C.&Kallen ver.,4717.0,6671.25,6785.125,6933.5,8599.653846153846,-0.033012030729091174,-0.27028591475179786,-0.22424203120876954,0.13400178470493715,0.2568948420286727,19.1,強い下降
906,Lパチスロ からくりサーカス,5721.0,6176.0,6673.625,7301.833333333333,8034.923076923077,-0.13878333623845215,-0.16402388993836706,-0.23135542918413848,0.16951074421550483,0.15379048904777726,13.4,強い下降
907,PA大海物語5 Withアグネス・ラム ARBC,12610.0,11710.0,12285.0,12204.166666666666,12358.846153846154,-0.08942457231726283,-0.016453995970450063,-0.05250054461145866,0.08368271446086022,0.06880399118860324,34.6,下降
914,ゴーゴージャグラー3,11045.0,10698.0,11162.625,10992.916666666666,11007.461538461539,-0.07992001548087467,0.008717262473714396,-0.028113796934946273,0.08600690503394472,0.06861040933060958,37.7,下降
916,パチスロナイツ,3552.0,7590.25,7411.625,7621.75,8742.5,0.0493916770358081,-0.13926349768019644,-0.13179868458678867,0.330074747875917,0.32498524166360593,31.6,下降
917,PフィーバークィーンⅡ30th ANNIVERSARY EDITION V,9180.0,8590.0,8672.5,8949.166666666666,11842.380952380952,-0.018846373500856654,,-0.27463910893079735,0.06008718336806562,0.4290941790714035,45.3,横ばい
919,パチスロ 戦国†恋姫,9248.0,8231.5,8404.25,8514.833333333334,8668.153846153846,-0.04028214993587501,-0.0397977690695685,-0.05037449195108527,0.058154230989212484,0.08857109286214822,39.7,下降
923,Lぱちスロ 乃木坂46,3760.0,4631.25,5090.25,5066.916666666667,5595.7692307692305,-0.16542776050817679,-0.163345900872389,-0.1723657983366554,0.13068435854413843,0.162882334224709,11.9,強い下降
925,Lスマスロキン肉マン～7人の悪魔超人編～,6970.0,7690.5,7139.5,7221.916666666667,7520.2307692307695,0.1672611368293238,-0.05991148330549107,0.022641490134304353,0.12145361712865461,0.10205277936939172,60.4,上昇
936,P新世紀エヴァンゲリオン～未来への咆哮～,11080.0,10707.5,12511.25,12691.666666666666,13279.615384615385,-0.2520083828152288,-0.05462445685909378,-0.19368899701682743,0.17327104137057045,0.13780947223860612,8.5,強い下降
938,L戦国乙女4 戦乱に閃く炯眼の軍師,7373.0,6960.0,7005.25,6995.5,6980.923076923077,-0.012835969080207078,0.014796547472256474,-0.002997179125528944,0.11504462384056428,0.10130901272882352,45.0,横ばい
943,パチスロ傷物語 -始マリノ刻-,1702.0,4262.5,5735.5,8879.166666666666,8879.166666666666,-0.408684192273011,,-0.5199436884091976,0.5981768066763173,0.5981768066763173,0.0,強い下降
944,ファミスタ回胴版!!,5101.0,5542.25,5804.125,5804.0,6355.076923076923,-0.08634190570392351,-0.12949793148270825,-0.12790198024595717,0.06371589851994451,0.11027535849729558,26.7,強い下降
945,回胴式遊技機 グランベルム,3329.0,5287.75,5591.875,6087.083333333333,7718.346153846154,-0.10316316146540028,-0.33927020768507127,-0.31491152448960275,0.21189246055251926,0.2493769384830153,2.0,強い下降
946,L戦国コレクション5超極楽LOOP,3922.0,4642.75,4937.25,5167.583333333333,5597.384615384615,-0.11258183208295504,-0.13062191565724546,-0.17055011956133356,0.11698431168916415,0.12227631959851383,21.4,強い下降
947,L麻雀格闘倶楽部 覚醒,6028.0,6066.0,6037.125,6105.666666666667,6432.538461538462,0.009611783797278742,-0.08531622181718308,-0.05698193080850967,0.036114529849759075,0.07260214334338551,42.9,下降
953,Lスマスロ転生したらスライムだった件,3368.0,6472.5,7024.125,8460.75,10585.6,-0.14562914562914564,,-0.3885561517533253,0.34502629307612054,0.4942677371995295,18.7,強い下降
966,L ひぐらしのなく頃に 業,5984.0,6228.5,8111.875,8393.555555555555,8393.555555555555,-0.376854005652685,,-0.25794260146673365,0.34656615954414627,0.34656615954414627,0.0,強い下降
967,Lスマスロとある魔術の禁書目録,3974.0,5517.75,5641.125,5792.5,7628.807692307692,-0.042805100182149364,-0.3206473934205125,-0.27672183877912165,0.14378480853464137,0.3346152511051758,13.5,強い下降
974,P真・北斗無双 第4章 下剋上闘 GRPJ,8540.0,8480.0,8722.5,9215.0,10845.384615384615,-0.054099274958170664,-0.23695832183273527,-0.2181005745088304,0.1009552882202452,0.1756279287938612,20.5,強い下降
976,パチスロ交響詩篇エウレカセブン HI-EVOLUTION ZERO TYPE-ART,6683.0,7339.0,7519.375,7199.166666666667,7095.2692307692305,-0.04685217052501705,0.05313844766003096,0.03435116572797697,0.12420136128862119,0.10543209752983101,43.7,下降
979,e Re:ゼロから始める異世界生活 season2 M13,12320.0,9380.0,8708.75,8851.666666666666,10949.23076923077,0.16702954898911354,-0.2687091222030981,-0.1433188141070676,0.14521471900447466,0.23189962979752948,42.7,下降
982,LスマスロモンキーターンⅤ,7775.0,8615.25,8695.875,8924.833333333334,9462.884615384615,-0.018372927704665868,-0.11187587590907959,-0.08957465401264046,0.07851919433310735,0.09974367922602109,35.7,下降
983,Lマジカルハロウィン8,4931.0,5395.75,5735.625,5641.0,6635.538461538462,-0.11188379557238087,-0.201189506850285,-0.1868406714428138,0.12391720831271805,0.23476666399342233,15.5,強い下降
984,Lラブ嬢3～Wご指名はいかがですか?～,5760.0,6524.75,6089.125,6078.833333333333,6127.5,0.15410807464402582,-0.02671185355179601,0.06483068135454917,0.10079792552998612,0.1014938047003385,62.3,上昇
985,L花の慶次～佐渡攻めの章～,5003.0,5049.25,5380.5,5619.25,7292.346153846154,-0.11598897010548431,-0.2911848799562713,-0.30759595149814617,0.16752799487880024,0.3336552377966348,6.1,強い下降
988,P大海物語5 ブラック HCL,9370.0,8962.5,9253.75,9323.333333333334,9255.0,-0.06102671555788371,0.006024638072115882,-0.031604538087520256,0.07673151733014699,0.08175486357885382,40.1,下降
989,クランキークレスト,6365.0,7231.25,7862.75,7821.5,7938.576923076923,-0.1486888189069076,-0.0319126990675798,-0.08909996463229698,0.09181555983657937,0.07174136884104984,25.9,強い下降
991,L スマスロバジリスク～甲賀忍法帖～絆2 天膳 BLACK EDITION,6369.0,5907.0,6081.0,6236.416666666667,6960.884615384615,-0.055635491606714625,-0.1415707911308916,-0.15140096031118944,0.12424942529819036,0.1953170578962985,27.0,強い下降
992,Pぱちんこ シン・エヴァンゲリオン Type レイ,11230.0,9842.5,10062.5,10332.5,10535.0,-0.042791150012156574,-0.03434579439252337,-0.06573327005220693,0.08252887244392364,0.10735647290807428,38.8,下降
996,ドラゴンハナハナ～閃光～-30,9628.0,9630.5,10314.0,10089.583333333334,10536.384615384615,-0.1243009774948852,-0.03429710867397795,-0.08597679834711949,0.11605155936463424,0.12906428967659916,27.7,強い下降
997,パチスロ ファイヤードリフト,1988.0,4744.0,6147.5,8331.363636363636,8331.363636363636,-0.37173884253741224,,-0.4305854110971684,0.5065589361095066,0.5065589361095066,0.0,強い下降
998,L 仮面ライダー 7RIDERS,5853.0,5423.5,5496.125,5892.333333333333,8542.88,-0.026083052749719417,-0.4264485200476959,-0.3651438390800292,0.1265730570163604,0.4504926016417498,7.7,強い下降
999,Lスマスロ バイオハザード:ヴィレッジ,2647.0,5853.25,7599.375,9421.8,9421.8,-0.37368252099941146,,-0.3787545904179668,0.49003471012227207,0.49003471012227207,0.0,強い下降
1000,Lパチスロ マクロスフロンティア4,2954.0,5782.75,6245.0,6935.5,9387.666666666666,-0.1378359238137836,,-0.3840056101977772,0.24880465292330414,0.4752440713656032,23.5,強い下降
1004,Pとある魔術の禁書目録2 JMZ,11420.0,10000.0,9826.25,10004.166666666666,15028.076923076924,0.036001036001036,-0.4410299390045165,-0.33457886520103397,0.08206271040473706,0.4097143996766829,15.8,強い下降
1008,Pポチッと一発!おだてブタ2 V1,17180.0,17245.0,17791.25,17578.333333333332,17557.30769230769,-0.05957736877982277,0.0127226463104325,-0.017787903349470915,0.05468312241794245,0.04711210309561799,41.7,下降
1011,P弾球黙示録カイジ沼5 V1U,7470.0,8047.5,8941.25,9540.0,10853.076923076924,-0.18174885612608033,-0.17479997116701512,-0.25850520944078254,0.1506194509996424,0.18111065157912626,8.2,強い下降
1012,P真・花の慶次3 99ver.,8510.0,8635.0,9213.75,9493.333333333334,12921.904761904761,-0.11820270615266786,,-0.3317548643867924,0.10297335171889854,0.44052525069091203,31.7,下降
1013,L GⅠ優駿倶楽部黄金,4667.0,5445.0,5847.25,6239.0,7559.2307692307695,-0.1287302984238739,-0.25599976150016396,-0.27968861300498626,0.1422766867391828,0.23113285525739605,8.4,強い下降
1015,Lゴジラ対エヴァンゲリオン,4037.0,5729.75,6258.125,6142.666666666667,6799.692307692308,-0.15571354895748912,-0.14406809182642616,-0.15735157699443414,0.16692678774309305,0.18017314702867165,13.1,強い下降
1016,Lストライクウィッチーズ2,5063.0,5817.0,6124.5,6360.166666666667,7942.961538461538,-0.09561567164179105,-0.2375881565540526,-0.26765351036476415,0.12051249219757972,0.34265365392062636,14.7,強い下降
1017,Lスマスロ コードギアス 反逆のルルーシュ/復活のルルーシュ,3854.0,6809.0,9002.25,10973.8,10973.8,-0.3918092090572105,,-0.3795221345386283,0.4700120845089235,0.4700120845089235,0.0,強い下降
1019,Lパチスロガールズ＆パンツァー 最終章,7191.0,6463.25,6440.625,6557.25,8733.42857142857,0.007050483016516049,,-0.2599412765400595,0.10357448738314479,0.42787388628888623,46.7,横ばい
1023,P新世紀エヴァンゲリオン ～未来への咆哮～ PREMIUM MODEL,10800.0,11947.5,11816.25,11905.0,13492.692307692309,0.022464698331193838,-0.15875633023201033,-0.1145206807103561,0.08083501855864984,0.18335145002559985,36.8,下降
1025,P真・一騎当千～桃園の誓い～129ver.,8640.0,9145.0,9368.75,10039.166666666666,11691.923076923076,-0.04665102945009122,-0.19793608521970707,-0.21783611303003383,0.14681281926587436,0.19307499829622685,22.7,強い下降
1027,ワードオブライツⅡ,2803.0,5508.25,7041.75,8404.7,8404.7,-0.35765721116002447,,-0.34462265161159833,0.42765890003942514,0.42765890003942514,0.0,強い下降
1029,Pニュートキオ GREEN V1,9910.0,10545.0,10633.75,11280.0,12947.0,-0.016553975285614364,,-0.1855256043871167,0.10586795059841284,0.23805366553730076,43.8,下降
1030,Pルパン三世 THE FIRST 99ver.,8890.0,8900.0,8988.75,9093.333333333334,9296.538461538461,-0.01955384191682732,-0.027970782112952012,-0.04265442058665337,0.04731024662588915,0.054019538964535596,43.5,下降
1031,Lスマスロキングパルサー,3113.0,4856.5,5605.625,6696.5,9018.888888888889,-0.23576851961131437,,-0.46151903412590856,0.2836081750991006,0.47242146346264935,10.4,強い下降
1032,Lチバリヨ2,6971.0,6974.0,7355.5,7348.333333333333,7393.653846153846,-0.09861703502649606,0.013015956896848745,-0.056758654771503575,0.09681384289424963,0.09059763619475208,35.3,下降
1033,L南国育ち(2024年),4145.0,5259.75,5845.375,6153.916666666667,8587.04347826087,-0.1821256414243508,,-0.3874783546495732,0.13550117058743708,0.40453206751093373,22.7,強い下降
1035,PLT OVERLORD魔導王光臨 ME,8560.0,9010.0,11211.25,14911.666666666666,17665.0,-0.3282385834109972,,-0.48995188225304276,0.42853348145477055,0.52226647360021,0.0,強い下降
1039,P世紀末・天才バカボン～福神SPEC～ LTH-JH,8880.0,9450.0,9882.5,10215.0,13971.666666666666,-0.0838584585555017,-0.42380370405189427,-0.32363115829655253,0.10095818005132122,0.38198486162595946,2.0,強い下降
1040,P北斗の拳 強敵 LT SSPA,8620.0,9407.5,9983.75,9783.333333333334,11182.692307692309,-0.10913825757575757,-0.1571541388470098,-0.15874462596732594,0.1115748334648216,0.21000518788355235,19.9,強い下降
1042,P緋弾のアリア ～緋緋神降臨～ ラッキートリガーVer.,11420.0,13177.5,14876.25,16053.333333333334,22374.8,-0.20497737556561085,-0.4087714452321763,-0.41105618821173817,0.16997739405965442,0.3623157811339568,0.0,強い下降
1045,パチスロ ガメラ2,6002.0,6726.0,7188.625,7637.666666666667,8892.653846153846,-0.12092795294886456,-0.20283892740034618,-0.2436453598259583,0.12347646638981846,0.19434686544537308,14.3,強い下降
1047,Lスマート沖スロ ドラゴンハナハナ～閃光～,6191.0,7598.0,7626.625,7783.583333333333,7335.153846153846,-0.00747852780771366,0.12824632184185733,0.0358337615487065,0.11734195255453661,0.10521052391070013,54.7,横ばい
1048,L忍魂参 ～奥義皆伝ノ章～,3448.0,5226.5,5781.25,6267.166666666667,9467.368421052632,-0.1751104797979798,,-0.4479458527907494,0.1880628854492948,0.532047515608301,21.5,強い下降
1049,P sin 七つの大罪 強甘 2400Ver.,8340.0,8722.5,9221.25,9494.166666666666,13105.0,-0.10262345679012345,,-0.3344143456695918,0.0780802269738693,0.46629499293045257,34.6,下降
1050,P咲-Saki-全国編 テンパイ即リーver.,8360.0,9415.0,10652.5,12674.166666666666,14700.0,-0.20815811606391926,,-0.3595238095238095,0.2932580040529774,0.424296538546221,13.3,強い下降
1052,Lうる星やつら(2024年),2585.0,4895.75,5664.875,6311.583333333333,8873.95652173913,-0.2390814423375816,,-0.4483013312036688,0.23791548212705926,0.47004192729914046,11.8,強い下降
1053,Lスマスロ ゴールデンカムイ,5485.0,5597.0,6231.5,6478.416666666667,9100.944444444445,-0.1848237692979901,,-0.3850088818620779,0.15295023025785473,0.5338785365377148,21.7,強い下降
1054,Lスマスロ ストライク・ザ・ブラッド,3703.0,5923.75,7757.625,9458.5,9458.5,-0.38239587134441955,,-0.37371147644975417,0.46871626984225373,0.46871626984225373,0.0,強い下降
1056,Pひぐらしのなく頃に 輪廻転生 FM-JT,8840.0,9140.0,11302.5,15851.818181818182,15851.818181818182,-0.32120311919792055,,-0.4234099902506165,0.577490143143082,0.577490143143082,0.0,強い下降
1057,Pバイオハザード RE:2 LTver.,8470.0,8872.5,10352.5,11219.166666666666,15472.4,-0.25015846186351154,-0.3793564447722663,-0.42655955120084793,0.20029919003028016,0.416572087465904,0.0,強い下降
1060,P大工の源さん超韋駄天2 極源LighT,8620.0,8890.0,10051.25,11020.833333333334,17141.2,-0.20713489409141583,-0.48562871922523426,-0.4813665320981028,0.19100388234894086,0.4813676853670712,0.0,強い下降
1061,ジャグラーガールズSS,8769.0,8597.0,9051.0,8884.0,8901.423076923076,-0.09552866912151499,0.012056427879777547,-0.03419937175127565,0.10069523715635557,0.08115332453151564,35.5,下降
1062,L押忍!番長4,3903.0,5317.0,5645.5,6037.666666666667,9751.192307692309,-0.1099765651155005,-0.495733515221537,-0.45473334621801675,0.15149281356350344,0.44618002242448,0.0,強い下降
1063,P FAIRY TAIL これが七炎竜の力だ FSA,10400.0,12117.5,13865.0,14857.5,18715.555555555555,-0.22385908726981585,,-0.35254393255758726,0.17637416954683593,0.35166455614014025,16.1,強い下降
1064,PAハイスクール・フリート オールスター すい～とでハッピー!2400,10290.0,11232.5,11987.5,12527.5,15318.888888888889,-0.11850107906611733,,-0.2667549140494669,0.10977634183937256,0.35238926533158044,31.4,下降
1066,P牙狼11～冴島大河～XX MU,11260.0,9697.5,10825.0,12261.666666666666,17919.545454545456,-0.18866345952729555,,-0.4588311391827106,0.23067489983145134,0.4897846544654834,18.1,強い下降
1068,e新・必殺仕置人 超斬撃199,10790.0,9507.5,10481.25,11830.833333333334,15383.75,-0.17001309471846354,,-0.38197773624766396,0.22095416611759897,0.48357884931870215,20.8,強い下降
1069,パチスロ ダンジョンに出会いを求めるのは間違っているだろうか2,3679.0,6521.5,7699.25,10330.25,10330.25,-0.26534865382449024,,-0.3686987246194429,0.45302589449083963,0.45302589449083963,0.0,強い下降
1070,Pこの素晴らしい世界に祝福を! 199LT「このラッキートリガーに祝福を!」,8050.0,8865.0,9193.75,9805.0,10283.846153846154,-0.06904699396166973,,-0.1379684344378787,0.11192225888778456,0.19652905271033044,37.2,下降
1071,L ウルトラマンティガ,6411.0,5705.5,7444.875,8459.555555555555,8459.555555555555,-0.37877344366714755,,-0.32555558474309126,0.4474298373149949,0.4474298373149949,0.0,強い下降
1073,Lパチスロ 炎炎ノ消防隊(2024年),5514.0,6426.5,6642.75,6634.583333333333,7667.192307692308,-0.06305583904359235,-0.17557212384798596,-0.16181833686988015,0.090644085954323,0.23388808013054077,24.8,強い下降
1075,Pゴブリンスレイヤー ラッキートリガーVer,8490.0,10297.5,10977.5,12232.5,15798.823529411764,-0.11666309242976625,,-0.34821096135229723,0.1823094530980118,0.42187996551524926,28.7,強い下降
1076,Pフィーバー炎炎ノ消防隊 Light ver.,10440.0,8990.0,9138.75,10055.0,14559.583333333334,-0.03203230148048452,-0.47257070420072567,-0.38253727499069917,0.16717332412958957,0.4464715062817422,1.7,強い下降
1078,P七つの大罪2 神千斬りVER.,8830.0,10660.0,15600.0,15600.0,15600.0,,,-0.31666666666666665,0.4648616118929405,0.4648616118929405,31.4,下降
1080,ニューパルサーSP4 with 太鼓の達人,4637.0,5406.25,5992.625,6196.333333333333,7160.176470588235,-0.17825657394740843,,-0.24495576020965634,0.12409824798891327,0.27984224968965815,23.6,強い下降
1081,L ToLOVEるダークネス,5498.0,6493.25,6656.125,6775.583333333333,7335.192307692308,-0.047770934154568116,-0.12603190300111797,-0.11478121804787247,0.09220506009092118,0.10525486301037025,30.5,下降
1083,Lスマスロ痛いのは嫌なので防御力に極振りしたいと思います。,5696.0,6589.0,6795.875,7060.916666666667,7728.961538461538,-0.05908393131269858,-0.13657855585220202,-0.14749219966857918,0.09620445942547617,0.13044086452609469,28.1,強い下降
1084,L聖闘士星矢 海皇覚醒 CUSTOM EDITION,6049.0,5786.0,5559.75,5882.333333333333,9657.846153846154,0.08484109871566514,-0.49209227359726004,-0.40090161845291195,0.12028415911424085,0.5130787262175664,16.0,強い下降
1085,P ToLOVEるダークネス H1YZ5,8840.0,8617.5,9162.5,9954.166666666666,17760.0,-0.11228431625032191,-0.6106457185697056,-0.5147804054054054,0.13502221917484974,0.5363982170907912,0.0,強い下降
1086,Pうる星やつら～Eternal Love Song～ L2-K,8360.0,10467.5,13073.75,15965.454545454546,15965.454545454546,-0.33242984693877553,,-0.3443656758911286,0.3860255189276433,0.3860255189276433,0.0,強い下降
1087,Pギルティクラウン2 プレミアムライブチケット,10830.0,12447.5,14068.0,14068.0,14068.0,,,-0.11519050326983224,0.2802384093525249,0.2802384093525249,38.8,下降
1088,Pクイーンズブレイド4 UNLIMITED V1D,8690.0,10845.0,14847.5,14847.5,14847.5,-0.4246684350132626,,-0.2695740023572992,0.37445421861490874,0.37445421861490874,0.0,強い下降
1089,Pフィーバー三国戦騎 7500,7280.0,8640.0,11822.5,11822.5,11822.5,-0.4241919360213262,,-0.26919010361598644,0.36700996881641657,0.36700996881641657,0.0,強い下降
1090,P頭文字D 2nd GFPG,8220.0,11716.666666666666,11716.666666666666,11716.666666666666,11716.666666666666,,,0.0,0.36712790073165286,0.36712790073165286,35.3,下降
1091,P魔法少女まどか☆マギカ3 LM3,25670.0,29410.0,32526.25,35464.166666666664,36170.0,-0.17486147155783124,,-0.18689521703068843,0.15691338586804274,0.16324285460725554,22.7,強い下降
1092,P魔王学院の不適合者 FMY,8760.0,9862.5,13417.5,15057.777777777777,15057.777777777777,-0.4189129474149359,,-0.3450228748524203,0.41739923776370486,0.41739923776370486,0.0,強い下降
1093,アオハル♪操 A-LIVE,2900.0,5071.75,6035.25,6413.75,7885.764705882353,-0.27533488122879085,,-0.3568474093302899,0.21690900706879807,0.36051038795272927,8.3,強い下降
1094,Pラブ嬢 ～極嬢のハーレム体験～ H1YZ6,7370.0,8362.5,8631.25,8889.09090909091,8889.09090909091,-0.060393258426966294,,-0.05924013090611586,0.10144806428174831,0.10144806428174831,38.7,下降
1095,沖ドキ!BLACK,8880.0,8638.75,9051.5,8959.25,9146.076923076924,-0.08722297065271944,-0.0089781997511176,-0.05546934793396083,0.08642754664049881,0.09219985614656098,35.4,下降
1096,L アカメが斬る!2,5358.0,9490.75,9490.75,9490.75,9490.75,,,0.0,0.45259505876939143,0.45259505876939143,31.9,下降
1097,Lスマスロ真・北斗無双(2024年),3673.0,5356.75,6863.0,9206.636363636364,9206.636363636364,-0.35994862144158674,,-0.41816426885744473,0.5132462254860524,0.5132462254860524,0.0,強い下降
1098,Lパチスロ 戦姫絶唱シンフォギア 正義の歌,3397.0,4853.75,5618.875,7037.666666666667,9273.066666666668,-0.23970081453634084,,-0.47657553056881585,0.3561676684893379,0.5720838279143124,7.0,強い下降
1099,Pアズールレーン THE ANIMATION 異次元トリガー M4,18130.0,21417.5,28541.25,28541.25,28541.25,-0.39948128417215756,,-0.24959488459685542,0.3031923574172467,0.3031923574172467,0.0,強い下降
1100,Pフィーバーありふれた職業で世界最強 Light ver.,11010.0,15850.0,15850.0,15850.0,15850.0,,,0.0,0.3314134989756557,0.3314134989756557,36.7,下降
1101,P花の慶次～傾奇一転 L-MX,8640.0,11277.5,18431.25,18431.25,18431.25,-0.5592143834277897,,-0.3881315700237369,0.4938006495526533,0.4938006495526533,0.0,強い下降
1102,P貞子 FMD,8940.0,8907.5,8992.5,9335.0,11507.307692307691,-0.01872762324428532,-0.27836114153192043,-0.22592666867208122,0.08538250469892998,0.22574081734319384,22.1,強い下降
1103,e花の慶次～傾奇一転 L2-MX,9010.0,9937.5,15035.0,18998.0,18998.0,-0.5063951322488514,,-0.47691862301294874,0.542943536332463,0.542943536332463,0.0,強い下降
1104,ご～やちゃんぷる～-25,5468.0,7085.333333333333,7085.333333333333,7085.333333333333,7085.333333333333,,,0.0,0.23467083124720137,0.23467083124720137,40.6,下降
1105,ご～やちゃんぷる～-30,4841.0,5945.0,5945.0,5945.0,5945.0,,,0.0,0.2011226019474992,0.2011226019474992,42.0,下降
1106,バハマ30(2024年),5281.0,7698.5,7698.5,7698.5,7698.5,,,0.0,0.29674240690183495,0.29674240690183495,38.1,下降
1107,Lスマスロ ゴッドイーター リザレクション,9813.0,7957.75,7416.125,7531.083333333333,8256.038461538461,0.15757509637064515,-0.15548723507644,-0.03612973255006818,0.11205824953275867,0.12700208285354994,52.0,横ばい
1108,Lスロット ゾンビランドサガ,7424.0,6434.75,6811.0,6695.25,8536.26923076923,-0.10469929388848308,-0.28765094958594156,-0.24618708407113535,0.1559563628506423,0.3009176672577169,8.2,強い下降
1109,L賞金首Angel,9026.0,11306.0,11306.0,11306.0,11306.0,,,0.0,0.28519431471879153,0.28519431471879153,38.6,下降
1110,PAこの素晴らしい世界に祝福を! 「このゆる甘99に祝福を!」,10370.0,13750.0,15910.0,15910.0,15910.0,,,-0.1357636706473916,0.36556918968654445,0.36556918968654445,35.4,下降
1111,ミスタージャグラー,8955.0,8858.25,9284.875,9112.583333333334,9183.5,-0.08785975390001545,0.0004849128071878219,-0.035416780094735124,0.09317758897123694,0.07483808606369703,35.8,下降
1112,L D4DJ Pachi-Slot Mix,5022.0,6621.25,7482.6,7482.6,7482.6,,,-0.11511373052147654,0.3134779555067012,0.3134779555067012,37.5,下降
1113,Lスマスロ ゲゲゲの鬼太郎 覚醒,2613.0,4273.25,5022.625,6302.583333333333,7496.857142857143,-0.25965869715869716,,-0.4299944738747666,0.3638695148924153,0.5042492269215517,4.3,強い下降
1114,Lスマスロ トロピカーナ(2024年),7171.0,7171.0,7171.0,7171.0,7171.0,,,0.0,,,50.0,横ばい
1115,Lワンパンマン,6231.0,7279.25,10477.42857142857,10477.42857142857,10477.42857142857,,,-0.3052446074554825,0.4234733518608942,0.4234733518608942,33.1,下降
1116,PAスーパー海物語 IN 地中海2 HLA,11190.0,12727.5,16386.25,17688.88888888889,17688.88888888889,-0.3650536293339985,,-0.28048052763819104,0.34881196649620216,0.34881196649620216,0.0,強い下降
1117,Pフィーバー機動戦士ガンダムユニコーン 再来 -白き一角獣と黒き獅子- S,9590.0,11425.0,18132.5,18132.5,18132.5,-0.5400563607085346,,-0.3699158968702606,0.4980815471079544,0.4980815471079544,0.0,強い下降
1118,P百花繚乱 ご奉仕129ver.,12360.0,17830.0,17830.0,17830.0,17830.0,,,0.0,0.3020904473000746,0.3020904473000746,37.9,下降
1119,eフィーバー機動戦士ガンダムユニコーン 再来 -白き一角獣と黒き獅子- R,8620.0,9552.5,10116.25,11248.333333333334,14988.461538461539,-0.10557116104868913,-0.34030594790088453,-0.3626764177572492,0.19848968177138868,0.34149093438265926,2.2,強い下降
1120,e北斗の拳10 GHEG,9600.0,11100.0,10741.25,11653.333333333334,16250.454545454546,0.06910666987719721,,-0.3169421834354284,0.17866039549029467,0.4425991161901767,51.1,横ばい
1121,Pドラムだ!金ドン 花火外伝 MP,7880.0,8280.0,9791.25,10966.666666666666,14178.0,-0.26741871267418715,,-0.41599661447312736,0.22238581151198716,0.5306578931208644,9.0,強い下降
1122,Pバンドリ! H1YZ4,7900.0,8407.5,9567.5,14534.166666666666,14534.166666666666,-0.21626660452109064,,-0.4215354624161458,0.645017749384769,0.645017749384769,0.0,強い下降
1123,Pリング 呪いの7日間3 ラッキートリガーVer.,11100.0,9082.5,9701.25,10757.5,14225.882352941177,-0.11991279069767442,,-0.36155102547138607,0.17888905058420196,0.48190189147652474,28.5,強い下降
1124,P七つの美徳 ゴールデンエンジェルタイム スイート99Ver.,9990.0,15570.0,15570.0,15570.0,15570.0,,,0.0,0.3687259228908894,0.3687259228908894,35.3,下降
1125,デジハネP交響詩篇エウレカセブン ANEMONE 99ver.,8970.0,10575.0,14530.0,14530.0,14530.0,,,-0.2721954576737784,0.4532262726519858,0.4532262726519858,31.9,下降
1126,L A-SLOT+ この素晴らしい世界に祝福を!,4060.0,5842.75,6936.25,8293.583333333334,9523.714285714286,-0.27236215324262897,,-0.38650511505115054,0.29744841030140656,0.41305161230428067,5.4,強い下降
1127,Lパチスロ かぐや様は告らせたい,7223.0,6418.75,6535.375,6629.5,7030.923076923077,-0.03506464221286831,-0.10227157317444734,-0.0870686637053894,0.07160884423059555,0.11810776971696374,34.7,下降
1128,Lパチスロ閃乱カグラ2 SHINOVI MASTER,4173.0,5884.25,6869.25,6933.166666666667,9463.173913043478,-0.25081961995098195,,-0.3781948790046542,0.18168482409267322,0.423091017197513,12.6,強い下降
1129,PAコマコマ倶楽部with坂本冬美 99確変ループver.,8620.0,8717.5,9040.0,9875.833333333334,10309.23076923077,-0.06889185580774365,,-0.15439859722429491,0.14391198544204165,0.2009913339579924,36.0,下降
1130,PAフィーバーかぐや様は告らせたい Light ver.,8970.0,9902.5,13542.5,13542.5,13542.5,-0.4236868907318493,,-0.2687834594794167,0.36665585883367835,0.36665585883367835,0.0,強い下降
1131,Pとある科学の超電磁砲2 JMB,10890.0,10620.0,12831.25,17390.0,17390.0,-0.29400033239155726,,-0.3893041978148361,0.5065272217815698,0.5065272217815698,0.0,強い下降
1132,Pルパン三世 銭形からの招待状 77Sweet Ver.,11000.0,9187.5,9347.5,10159.166666666666,12817.058823529413,-0.033657638706284514,,-0.2831818807655239,0.14348160326839074,0.39345757036253864,40.2,下降
1133,e 仮面ライダー電王 KL12,8380.0,10450.0,10255.0,11919.166666666666,18066.315789473683,0.03876739562624255,,-0.42157548214181667,0.2761119935934186,0.534567192919071,43.6,下降
1134,eキョンシー ライトミドル 新CタイムVer.,9990.0,14110.0,14110.0,14110.0,14110.0,,,0.0,0.3299221397584368,0.3299221397584368,36.8,下降
1135,eゴッドイーター TRIPLE BURST MJ,11940.0,10242.5,10653.75,11549.166666666666,14715.882352941177,-0.07433348395842747,,-0.3039832913618739,0.1452810025741296,0.4097605212194997,35.3,下降
1136,パチスロL黄門ちゃま天,6401.0,9131.75,10554.4,10554.4,10554.4,,,-0.1347921246115364,0.3673321985917413,0.3673321985917413,35.3,下降
1137,P アズールレーン THE ANIMATION 異次元トリガー M4,10030.0,9752.5,10750.0,10873.333333333334,12575.90909090909,-0.16982336667376038,,-0.2245093432609245,0.14530080638481185,0.21576369222932712,23.8,強い下降
1138,P 新世紀エヴァンゲリオン ～未来への咆哮～ PREMIUM MODEL,7380.0,8135.0,8143.75,8304.166666666666,9166.923076923076,-0.0021465808034345293,-0.1742625124295658,-0.11257027775446835,0.06567204036876363,0.1250094566612612,33.2,下降
1139,P 百花繚乱 ご奉仕129ver.,8630.0,9562.5,10273.75,10375.555555555555,10375.555555555555,-0.12949476558944015,,-0.07836260441207961,0.09379043145948529,0.09379043145948529,30.7,下降
1140,P 魔法少女まどか☆マギカ3 LM3,10250.0,9007.5,8902.5,8755.0,10027.692307692309,0.023870417732310314,-0.19826007326007325,-0.1017374961644677,0.07582708021281821,0.14266109745584335,34.0,下降
1141,P DD北斗の拳3 V1C,10650.0,14076.666666666666,14076.666666666666,14076.666666666666,14076.666666666666,,,0.0,0.26979537413198285,0.26979537413198285,39.2,下降
1142,PAワンパンマン 99ver.,10830.0,13996.666666666666,13996.666666666666,13996.666666666666,13996.666666666666,,,0.0,0.24250311805687425,0.24250311805687425,40.3,下降
1143,Pいくさの子 織田三郎信長伝 GFPF,9290.0,17190.0,17190.0,17190.0,17190.0,,,0.0,0.42806183679697446,0.42806183679697446,32.9,下降
1144,Pメイドインアビス 虹の黄金域 MR,8570.0,17545.0,17545.0,17545.0,17545.0,,,0.0,0.46963713725902045,0.46963713725902045,31.2,下降
1145,P攻殻機動隊SAC_2045 199LTver.,8140.0,9795.0,14253.75,16492.222222222223,16492.222222222223,-0.47655310621242486,,-0.4060836758067776,0.5475814983514843,0.5475814983514843,0.0,強い下降
1146,パチスロハイパーラッシュ(2024年),5820.0,7110.75,7564.875,7951.666666666667,9167.076923076924,-0.11326225215114104,-0.2157023910309626,-0.22431653408518787,0.11090435769868233,0.15019429085502498,14.7,強い下降
1147,P大海物語4スペシャル BLACK SCA,10890.0,10292.5,10815.0,10794.166666666666,11055.76923076923,-0.09217199558985667,-0.04546794399410475,-0.0690380935814924,0.08131513108110773,0.07220565291275798,32.0,下降
1148,L 真・一騎当千,5824.0,6267.25,6578.25,6968.25,9049.807692307691,-0.09028558986827304,-0.31735691019078643,-0.30747147198198,0.10477805503103618,0.278452722163074,9.6,強い下降
1149,Lスマスロ 鬼武者3(2024年),2497.0,5884.5,9852.42857142857,9852.42857142857,9852.42857142857,,,-0.4027360911740397,0.6067163372250779,0.6067163372250779,25.7,強い下降
1150,Lスマスロ頭文字D 2nd,4441.0,6773.75,7332.0,8162.166666666667,9943.266666666666,-0.1415037546338836,,-0.31876009896144125,0.22654288030855732,0.42601371814377,24.0,強い下降
1151,L今日から俺は!! パチスロ編,3944.0,6678.75,7331.75,8518.083333333334,10469.333333333334,-0.1635617896615423,,-0.3620653973509934,0.27484831809660115,0.4493817247841042,19.4,強い下降
1152,P CYBORG009 RULE OF SACRIFICE VS SCARL BODY EDITION 199,7580.0,8370.0,12765.0,12765.0,12765.0,-0.5122377622377622,,-0.34430082256169214,0.43319427108880076,0.43319427108880076,0.0,強い下降
1153,P 宇宙戦艦ヤマト2202 超波動 G,10200.0,16385.0,16385.0,16385.0,16385.0,,,0.0,0.40036014121976315,0.40036014121976315,34.0,下降
1154,PAわんわんパラダイスCELEBRATION AGBD,10900.0,10332.5,10756.25,10650.0,10581.153846153846,-0.07580500894454383,0.005428369129100779,-0.023499691032677798,0.07129745311774656,0.06251026525487216,38.5,下降
1155,Pフィーバー革命機ヴァルヴレイヴ3 Light ver.,10170.0,14380.0,14380.0,14380.0,14380.0,,,0.0,0.3026971174813204,0.3026971174813204,37.9,下降
1156,Pルパン三世 ONE COLLECTION H1YZ4,8680.0,9050.0,10405.0,11423.333333333334,14759.375,-0.2304421768707483,,-0.38683040440398053,0.1939925937699785,0.4517067150666119,14.6,強い下降
1157,P中森明菜・歌姫伝説～BLACK DIVA 愛～ KD-NS,7880.0,8245.0,8910.0,9393.333333333334,11835.76923076923,-0.13890339425587467,-0.2611431567907708,-0.3033828356026387,0.10898385430674883,0.3024288745309602,8.1,強い下降
1158,e 乃木坂46 Ⅱ K4,7430.0,8727.5,15283.75,15283.75,15283.75,-0.6003891941391941,,-0.42896867588124643,0.5646489061121248,0.5646489061121248,0.0,強い下降
1159,P大海物語4スペシャル E,10430.0,10430.0,10430.0,10430.0,10430.0,,,0.0,,,50.0,横ばい
1160,Lスロット Re:ゼロから始める異世界生活 season2,1995.0,5264.25,6824.625,9597.181818181818,9597.181818181818,-0.3721824686940966,,-0.4514796010192386,0.5739521875077894,0.5739521875077894,0.0,強い下降
1161,P弾球黙示録カイジ沼5 ざわっ・・・79Ver.,10890.0,10700.0,11126.25,11050.833333333334,11052.692307692309,-0.0737935511793984,0.008901399878271455,-0.03191008108014066,0.06365133470110294,0.05249558951671071,39.3,下降
1162,P江頭2:50inナナシーLT V3,11390.0,10817.5,13413.75,16400.0,16400.0,-0.32432854465958777,,-0.34039634146341463,0.4363481740505969,0.4363481740505969,0.0,強い下降
1163,L 新・必殺仕置人 回胴 CRASH SPEC,6239.0,7701.75,9984.0,9984.0,9984.0,,,-0.22859074519230768,0.393470910750447,0.393470910750447,34.3,下降
1164,Lバンドリ!,6898.0,6356.5,7881.125,9018.333333333334,9018.333333333334,-0.3241899901655902,,-0.29515801145814086,0.4543101456495812,0.4543101456495812,0.0,強い下降
1165,Pモンスターハンターライズ GRPG,8410.0,10542.5,13011.25,15575.0,15575.0,-0.3189599483204134,,-0.3231139646869984,0.41784389603679645,0.41784389603679645,0.0,強い下降
1166,Pラブ嬢 ～極嬢のハーレム体験～ 129ver.,8880.0,9242.5,10112.5,12468.333333333334,12468.333333333334,-0.158433872069201,,-0.2587220959764738,0.3231211681302909,0.3231211681302909,18.1,強い下降
1167,Pリング 呪いの7日間3 甘デジver.,9160.0,11850.0,13590.0,13590.0,13590.0,,,-0.1280353200883002,0.33045881638033486,0.33045881638033486,36.8,下降
1168,P大海物語5スペシャル ALTA,20970.0,19607.5,20761.25,20878.333333333332,21199.23076923077,-0.10529317818845539,-0.02464281543193055,-0.0750843644544432,0.08758505892242106,0.06909698112743543,31.9,下降
1169,P義風堂々!!～兼続と慶次～3 199ver.,11050.0,10017.5,13222.5,13222.5,13222.5,-0.3901993608278801,,-0.24238986575912272,0.3582107431702717,0.3582107431702717,0.0,強い下降
1170,P転生したらスライムだった件 NB,12480.0,11405.0,19157.5,19157.5,19157.5,-0.5761798587885545,,-0.40467179955630955,0.5316364816883148,0.5316364816883148,0.0,強い下降
1171,e スマパチ SSSS.GRIDMAN XVSM,7900.0,12877.5,14492.0,14492.0,14492.0,,,-0.11140629312724262,0.35011260593925764,0.35011260593925764,36.0,下降
1172,eフィーバーからくりサーカス2 魔王ver.,11430.0,9180.0,10208.75,11457.5,16309.615384615385,-0.18309232480533927,-0.4254252162647833,-0.4371418464803679,0.24217219665215867,0.33014032381655206,0.0,強い下降
1173,e大海物語5スペシャル ELTA4,14280.0,13295.0,13485.0,13258.333333333334,13041.538461538461,-0.027787934186471665,-0.0023201856148490968,0.019434941606700527,0.062407974364113314,0.08606974314022205,44.0,下降
1174,Lスマスロ モンスターハンターライズ,9766.0,7712.5,7243.25,7289.5,7875.653846153846,0.13854443460289342,-0.12498874651141854,-0.020716228689193032,0.1268542197202765,0.12595903464887562,51.6,横ばい
1175,Lスマート沖スロ 超華祭,7689.0,11357.0,11357.0,11357.0,11357.0,,,0.0,0.320578637434835,0.320578637434835,37.2,下降
1176,Lダブルアタック2 withOZS-1000＆RAPHAEL,7987.0,9815.5,9815.5,9815.5,9815.5,,,0.0,0.26344959490593495,0.26344959490593495,39.5,下降
1177,P にゃんこ大戦争 多様性のネコ M4,8620.0,9030.0,9135.0,10154.166666666666,14421.923076923076,-0.022727272727272728,-0.41440792003075744,-0.3738699095927674,0.18129029492012655,0.33559164391714386,6.9,強い下降
1178,PA銀河英雄伝説 Die Neue These 遊パチスペック,7950.0,10625.0,12412.0,12412.0,12412.0,,,-0.14397357396068322,0.3943496218645711,0.3943496218645711,34.2,下降
1179,L 犬夜叉2,1857.0,6121.5,9969.0,9969.0,9969.0,,,-0.3859464339452302,0.5737418210736529,0.5737418210736529,27.1,強い下降
1180,Lスマスロ 聖戦士ダンバイン,3369.0,5795.5,6895.875,9202.666666666666,10103.076923076924,-0.27522276066906365,,-0.4263628749809655,0.45177577580616773,0.5084161661726463,0.0,強い下降
1181,Lルパン三世 大航海者の秘宝,5071.0,6252.25,7018.125,8039.666666666667,10512.166666666666,-0.19678186022610483,,-0.4052367891173719,0.2268538957220182,0.41845369664560045,17.3,強い下降
1182,L桃太郎電鉄 ～パチスロも定番!～,3726.0,6141.0,8151.25,10523.90909090909,10523.90909090909,-0.39566008955370763,,-0.4164715841849295,0.46605779738222686,0.46605779738222686,0.0,強い下降
1183,P ToLOVEるダークネス 199ver.,8700.0,9792.5,14916.25,14916.25,14916.25,-0.5113522954091816,,-0.34350121511774073,0.42680039404347936,0.42680039404347936,0.0,強い下降
1184,P ゴジラ対エヴァンゲリオン セカンドインパクト G R,8510.0,10345.0,17826.25,17826.25,17826.25,-0.5912278968685173,,-0.41967603954841876,0.5232502805862304,0.5232502805862304,0.0,強い下降
1185,Pえとたま2 神祭 MY,11020.0,14365.0,14365.0,14365.0,14365.0,,,0.0,0.3182475642608052,0.3182475642608052,37.3,下降
1186,Pフィーバー機動戦士ガンダムSEED LT-Light ver.,8790.0,13270.0,15316.0,15316.0,15316.0,,,-0.13358579263515277,0.3661924270646442,0.3661924270646442,35.4,下降
1187,P盾の勇者の成り上がり GFPC,10200.0,11447.5,17487.5,17487.5,17487.5,-0.5134417171395176,,-0.34538956397426734,0.4242201359378661,0.4242201359378661,0.0,強い下降
1188,P真・一騎当千～桃園の誓い～ 199LTver.,8560.0,9530.0,12348.75,13695.555555555555,13695.555555555555,-0.37168287456733146,,-0.3041538211909784,0.39624126186332614,0.39624126186332614,0.0,強い下降
1189,e大工の源さん超韋駄天2 フルスイングLT,12070.0,16297.5,16297.5,16297.5,16297.5,,,0.0,0.315213598667222,0.315213598667222,37.4,下降
1190,ウルトラミラクルジャグラー,8880.0,8706.0,9160.5,8979.333333333334,8995.192307692309,-0.09453978159126365,0.01238326098803021,-0.03214965259219678,0.09651866861046762,0.07845258431886608,35.8,下降
1191,沖ドキ!ゴージャス,9381.0,9194.0,9529.875,9449.333333333334,9682.26923076923,-0.06808909611534855,-0.01721298687791433,-0.050429214384739726,0.07968813373994761,0.08498823003435897,37.3,下降
1192,沖ドキ!ゴージャス-30,11090.0,10799.0,11280.875,11163.0,11315.076923076924,-0.08193237125672143,0.00458963282937365,-0.04560966987545555,0.08317279934615256,0.08922257831435969,37.2,下降
1193,Lスマスロ 一方通行 とある魔術の禁書目録,2569.0,6298.75,9578.166666666666,9578.166666666666,9578.166666666666,,,-0.3423845899528441,0.6019057014430127,0.6019057014430127,25.9,強い下降
1194,Lスーパービンゴネオ(2024年),5279.0,5201.5,5264.375,5442.416666666667,6819.076923076923,-0.023605049509596885,-0.2862014317722279,-0.2372134735132208,0.08280535110790989,0.25492025046370853,21.0,強い下降
1195,Lパチスロ ダンベル何キロ持てる?,3494.0,6450.0,7813.75,9526.2,9526.2,-0.29719422500681014,,-0.32291994709327965,0.43675193446827676,0.43675193446827676,0.0,強い下降
1196,P STEINS；GATE 0 L2-K,9620.0,10057.5,12913.75,16990.0,16990.0,-0.36223842739378564,,-0.40803413772807534,0.542264511102172,0.542264511102172,0.0,強い下降
1197,e ゴジラ対エヴァンゲリオン セカンドインパクト G～破壊神覚醒～ bA,8860.0,10995.0,16036.666666666666,16036.666666666666,16036.666666666666,,,-0.31438370401163995,0.5112139227727054,0.5112139227727054,29.6,強い下降
1198,e ソードアート・オンライン 閃光の軌跡 K7,7850.0,7985.0,8500.0,8916.666666666666,9689.23076923077,-0.11425402107598447,-0.12230333852842261,-0.17588917116544936,0.15059149372246264,0.1559296099239634,20.5,強い下降
1199,L サラリーマン金太郎(2025年),3024.0,5734.75,7286.875,10208.833333333334,10208.833333333334,-0.3511992306822039,,-0.4382560854162246,0.49552178076532954,0.49552178076532954,0.0,強い下降
1200,Lチバリヨ2プラス,5234.0,5485.75,5488.75,5536.916666666667,5718.7307692307695,-0.0010925479127782583,-0.03261360161903226,-0.040739943639995474,0.04516563121082269,0.08530282086547784,45.5,横ばい
1201,PA世紀末・天才バカボン～神SPEC凱旋～ 99ver.,9310.0,12742.5,14702.0,14702.0,14702.0,,,-0.13328118623316557,0.35707432039664666,0.35707432039664666,35.7,下降
1202,PLTジューシーハニー極嬢 MA,8380.0,9582.5,12301.25,13832.222222222223,13832.222222222223,-0.362017310252996,,-0.3072335127319464,0.4226926417736477,0.4226926417736477,0.0,強い下降
1203,Pネオモンスターハウス 99Ver.,11300.0,9660.0,9575.0,9620.0,10857.307692307691,0.01791359325605901,-0.1721170395869191,-0.11027666584009345,0.06674182489592209,0.13794626972857868,35.7,下降
1204,P世界最高の暗殺者、異世界貴族に転生する JMB,7410.0,9675.0,12405.0,13712.222222222223,13712.222222222223,-0.3607532210109019,,-0.29442508710801396,0.3812650750750307,0.3812650750750307,0.0,強い下降
1205,P戦国乙女7 終焉の関ケ原 L9YY7,8290.0,8352.5,9407.5,10055.0,15000.0,-0.2016726403823178,,-0.44316666666666665,0.14653564838212416,0.531721890946921,19.9,強い下降
1206,P清流物語4 ヌシを求めて4000匹 HLC,8640.0,9610.0,11300.0,14712.5,14712.5,-0.2602001539645881,,-0.34681393372982156,0.39584574348915746,0.39584574348915746,2.9,強い下降
1207,e ULTRAMAN 2400★80,8630.0,15010.0,15010.0,15010.0,15010.0,,,0.0,0.44506888836781827,0.44506888836781827,32.2,下降
1208,eぱちんこ押忍!番長 漢の頂 L09,7990.0,9752.5,8902.5,8725.833333333334,10811.923076923076,0.2111145606954362,-0.26596565019277946,-0.09798655330653475,0.15828726331525653,0.271669100878533,47.7,横ばい
1209,eフィーバー戦姫絶唱シンフォギア4 キャロルver.,10740.0,11482.5,17427.5,17427.5,17427.5,-0.5087175098941064,,-0.3411275283316597,0.447858538566846,0.447858538566846,0.0,強い下降
1210,スターハナハナ-30,7935.0,8413.5,9136.125,9091.25,9279.73076923077,-0.14659566375047547,-0.014970249112890783,-0.09334654105515332,0.1252867295270403,0.11095895729225959,26.2,強い下降
1211,L A-SLOT+ ディスクアップ ULTRAREMIX,9947.0,10255.75,10321.25,10285.416666666666,10875.961538461539,-0.012612222302452644,-0.08572042341681672,-0.05702590398726908,0.023912560162642038,0.07787604390513686,40.7,下降
1212,L にゃんこ大戦争 超神速,2611.0,5996.5,9963.125,9963.125,9963.125,-0.5695184766417201,,-0.3981306066118813,0.5522595845230509,0.5522595845230509,0.0,強い下降
1213,Lスマート沖スロ スターハナハナ,6419.0,7532.0,7924.625,8001.583333333333,9438.09090909091,-0.0944122155760618,,-0.20195725252603094,0.13298388428096053,0.27035442056634484,33.4,下降
1214,Lパチスロ シン・エヴァンゲリオン,2259.0,6079.5,10021.42857142857,10021.42857142857,10021.42857142857,,,-0.3933499643620812,0.60811981221738,0.60811981221738,25.7,強い下降
1215,L七つの魔剣が支配する,6089.0,6074.25,6322.625,6607.666666666667,7671.384615384615,-0.07559732156444986,-0.2278884074200301,-0.20819378710091446,0.07811332232150059,0.15967089283516295,19.6,強い下降
1216,L島娘(2025年),4145.0,5737.5,6497.125,7725.181818181818,7725.181818181818,-0.2093568057325938,,-0.2572990338562199,0.33462321501769327,0.33462321501769327,11.5,強い下降
1217,PA花の慶次 裂 99ver.,8700.0,9610.0,11483.75,13716.0,13716.0,-0.28055399588246305,,-0.2993584135316419,0.3858670778057807,0.3858670778057807,0.9,強い下降
1218,Pゲゲゲの鬼太郎 獅子奮迅 99ver.,10620.0,9555.0,9871.25,11097.5,13350.0,-0.062085889570552145,,-0.2842696629213483,0.1893012806827074,0.41183926601203447,35.0,下降
1219,Pハネモノ ファミリースタジアム MD,11430.0,11425.0,12177.5,12243.333333333334,12759.23076923077,-0.11639597834493426,-0.061873443585977905,-0.10456984385362032,0.06756692799565851,0.06905758495270113,28.4,強い下降
1220,Pブラックラグーン4 EXTRA BULLET 129ver.,8480.0,8875.0,10327.5,12401.666666666666,13652.307692307691,-0.2466044142614601,,-0.34992675231011944,0.32893715974491916,0.43696295545126285,7.2,強い下降
1221,P花の慶次 裂 蓮極129ver.,8140.0,8870.0,10710.0,13653.636363636364,13653.636363636364,-0.2932270916334661,,-0.35035621546041684,0.43979628281984307,0.43979628281984307,0.0,強い下降
1222,L 東京喰種,10590.0,10944.5,11498.25,11710.0,12755.26923076923,-0.09189346166611351,-0.11484022147891981,-0.14196244689223456,0.10224103446599675,0.12743494909064865,25.7,強い下降
1223,Lスマスロ シャーマンキング,6065.0,6399.5,6773.125,6655.25,6641.461538461538,-0.10455801588134467,0.017039159503342883,-0.036431971646648624,0.09824301116074603,0.11137448412399768,34.9,下降
1224,Lスマスロスーパーブラックジャック(2025年),5867.0,6302.5,6820.5,6590.5,7105.961538461538,-0.14117326429106766,-0.08475870848281446,-0.11306865849368078,0.1264697222977752,0.16151164205297458,21.2,強い下降
1225,Lパチスロ ありふれた職業で世界最強,3886.0,5877.25,6564.5,8444.333333333334,9186.0,-0.18954045575205986,,-0.3601948617461354,0.3880429499672455,0.4487584886824554,11.7,強い下降
1226,P 冬のソナタ My Memory M7,9650.0,11360.0,14975.714285714286,14975.714285714286,14975.714285714286,,,-0.2414385195077745,0.3534118577389908,0.3534118577389908,35.9,下降
1227,PLT OVERLORD魔導王光臨 129ver.,10110.0,14357.5,15656.0,15656.0,15656.0,,,-0.08293944813490035,0.25162933397012827,0.25162933397012827,39.9,下降
1228,Pとある魔術の禁書目録2 Light PREMIUM 2000 ver.,7550.0,7590.0,7882.5,8362.5,9131.538461538461,-0.07155963302752294,-0.12988814705627336,-0.16881475865554707,0.11492849991482522,0.14514268373099737,26.4,強い下降
1229,Pぱちんこ シン・エヴァンゲリオン 129 LT ver.,7800.0,8200.0,8951.25,9300.833333333334,10476.153846153846,-0.15485699561968566,-0.1467777692836939,-0.21726999045451204,0.12011125837348961,0.19234119352631374,14.9,強い下降
1230,Pフィーバー戦姫絶唱シンフォギア4 199ver.,7920.0,9175.0,12218.75,13781.111111111111,13781.111111111111,-0.3988533988533989,,-0.33423365314843184,0.4392257424948394,0.4392257424948394,0.0,強い下降
1231,P愛の不時着 MF,10000.0,14020.0,14020.0,14020.0,14020.0,,,0.0,0.31688556659930334,0.31688556659930334,37.3,下降
1232,eルパン三世 ONE COLLECTION 超ブチヌキLT ver.,9560.0,8562.5,9407.5,12960.0,12960.0,-0.16483784442818825,,-0.3393132716049383,0.4469176349330238,0.4469176349330238,12.3,強い下降
1233,e蒼天の拳 羅龍 SREN,8440.0,10352.5,12713.75,16810.0,16810.0,-0.3132669983416252,,-0.38414634146341464,0.47977849881276863,0.47977849881276863,0.0,強い下降
1234,e閃乱カグラ LTM-JF,9620.0,10105.0,11793.75,14829.09090909091,14829.09090909091,-0.2505099202670128,,-0.318569151544875,0.41201111835688925,0.41201111835688925,3.5,強い下降
1235,Pクイーンズブレイド4 ナナエルver.,7820.0,8770.0,8538.75,8781.666666666666,11446.521739130434,0.05567258501354198,,-0.23382838910624068,0.10012972355733064,0.4014745809540438,52.7,横ばい
1236,Pデビルマン THE FINAL N4-S,9500.0,11525.0,15340.0,15340.0,15340.0,,,-0.2486962190352021,0.4083584762415257,0.4083584762415257,33.7,下降
1237,P緋弾のアリア ～緋緋神降臨～ 199Ver.,7780.0,9782.5,15537.5,15537.5,15537.5,-0.5405659269695903,,-0.37039420756234914,0.5224206104755631,0.5224206104755631,0.0,強い下降
1238,L Sister Quest(2025年),4258.0,6556.5,7807.75,10079.727272727272,10079.727272727272,-0.27624461861132577,,-0.3495359722936226,0.4447789904847292,0.4447789904847292,0.0,強い下降
1239,L スマスロ バイオハザード5(2025年),5841.0,6184.5,6803.0,7028.333333333333,10067.5,-0.16667789530418378,-0.38788248272658654,-0.38569654829898187,0.13464663145247177,0.4134513208668667,0.0,強い下降
1240,Lてぃだどんどん,5569.0,6745.0,6745.0,6745.0,6745.0,,,0.0,0.2465700740327294,0.2465700740327294,40.1,下降
1241,L回胴黙示録カイジ 狂宴,4271.0,5420.25,6787.5,8531.916666666666,10047.07142857143,-0.3353260369723167,,-0.46051443562089883,0.36686867399470646,0.48317280784379435,0.0,強い下降
1242,L少女☆歌劇 レヴュースタァライト -The SLOT-,7135.0,7601.75,7634.75,7632.333333333333,7648.307692307692,-0.008607479377913991,-0.013984734139330586,-0.00608731946735327,0.08671828326604192,0.11162713085778173,44.4,下降
1243,P FAIRY TAIL 89Ver.,7100.0,7482.5,8212.5,8435.833333333334,10730.0,-0.16326530612244897,-0.2660769955774667,-0.3026561043802423,0.11579932400987283,0.33401490313681104,4.5,強い下降
1244,P リングにかけろ1 L5-S,9570.0,14456.666666666666,14456.666666666666,14456.666666666666,14456.666666666666,,,0.0,0.40423189525273623,0.40423189525273623,33.8,下降
1245,P 俺の妹がこんなに可愛いわけがない。 M3,8980.0,16102.5,16102.5,16102.5,16102.5,,,0.0,0.46386511926250085,0.46386511926250085,31.4,下降
1246,PA大海物語5 ブラック LT99ver.,14160.0,13767.5,14017.5,13735.833333333334,13585.76923076923,-0.035044681969511125,0.032575330451669535,0.013376553520369185,0.0708783468691188,0.06438848114185776,45.6,横ばい
1247,Pバンドリ! Light ver.,10020.0,13065.0,14914.0,14914.0,14914.0,,,-0.12397747083277458,0.33119866822772137,0.33119866822772137,36.8,下降
1248,eフィーバーダンジョンに出会いを求めるのは間違っているだろうか2 G,10700.0,14465.0,17228.0,17228.0,17228.0,,,-0.1603784536800557,0.41333112530704974,0.41333112530704974,33.5,下降
1249,L 仮面ライダー電王,1587.0,5911.0,7342.2,7342.2,7342.2,,,-0.19492795075045624,0.5820451448658597,0.5820451448658597,26.7,強い下降
1250,P モモキュンソード 速撃3000+,11170.0,11977.5,17818.571428571428,17818.571428571428,17818.571428571428,,,-0.32780806542130997,0.4521800564271955,0.4521800564271955,31.9,下降
1251,PAひぐらしのなく頃に 輪廻転生 99Ver.,8250.0,9115.0,10816.25,13686.666666666666,13686.666666666666,-0.2718194527661274,,-0.3340233804188991,0.3862736640907906,0.3862736640907906,1.9,強い下降
1252,PA魔王学院の不適合者 魔王再臨 99Ver,7330.0,7955.0,9191.25,10521.666666666666,12235.714285714286,-0.23711340206185566,,-0.34985405720957385,0.26250513095268896,0.4247817278606355,11.0,強い下降
1253,Pうまい棒2 V3,8360.0,7960.0,7686.25,7829.166666666667,8996.923076923076,0.07386172006745363,-0.1985839802098438,-0.11525307797537612,0.05419144943384092,0.15224223803357587,40.8,下降
1254,Pうる星やつら～Eternal Love Song～ 129ver.,10670.0,10505.0,13724.285714285714,13724.285714285714,13724.285714285714,,,-0.23456854377016756,0.3501224643631828,0.3501224643631828,36.0,下降
1255,e真・北斗無双 第5章 ドデカSTART,6720.0,8360.0,9063.75,9691.666666666666,16051.304347826086,-0.14410033273611467,,-0.4791700525488921,0.17661532278443337,0.5898431022090616,25.6,強い下降
1256,Lうしおととら白面決戦VH,1576.0,8167.5,8167.5,8167.5,8167.5,,,0.0,0.6758838892585407,0.6758838892585407,23.0,強い下降
1257,Lゴジラ(2025年),5426.0,8685.0,11532.714285714286,11532.714285714286,11532.714285714286,,,-0.24692489687720648,0.3842736296403699,0.3842736296403699,34.6,下降
1258,Lスマスロ マギアレコード 魔法少女まどか☆マギカ外伝,7172.0,7520.5,8204.0,8185.583333333333,8662.23076923077,-0.15381153305203937,-0.09928934941084772,-0.13180562832455667,0.1331279623501687,0.1262428127580758,18.3,強い下降
1259,Lスマート沖スロ アメイジングライブ,8067.0,9977.0,9977.0,9977.0,9977.0,,,0.0,0.27073748663251596,0.27073748663251596,39.2,下降
1260,Pアナザーゴッドハーデス-獄炎- SB,7470.0,11505.0,15476.666666666666,15476.666666666666,15476.666666666666,,,-0.2566228731423648,0.4421414353125042,0.4421414353125042,32.3,下降
1261,Pフィーバーうたわれるもの 199ver.,8120.0,9090.0,13717.5,13717.5,13717.5,-0.5044971381847915,,-0.3373428102788409,0.4503346370748081,0.4503346370748081,0.0,強い下降
1262,P少女☆歌劇 レヴュースタァライト ラッキートリガー4500,8680.0,9260.0,9275.0,10067.5,12905.625,-0.0032292787944025836,,-0.28248341324035064,0.15059847811843916,0.4521830601746804,43.6,下降
1263,e シン・ウルトラマン K3,7470.0,13187.5,18328.333333333332,18328.333333333332,18328.333333333332,,,-0.28048558697826675,0.48704020574798285,0.48704020574798285,30.5,下降
1264,eフィーバーうたわれるもの Z,10440.0,15487.5,15487.5,15487.5,15487.5,,,0.0,0.4189699691729826,0.4189699691729826,33.2,下降
1265,e牙狼 神速神撃3000LT,8320.0,8685.0,10912.5,17034.166666666668,17034.166666666668,-0.339041095890411,,-0.4901423609412456,0.5896249209972206,0.5896249209972206,0.0,強い下降
1266,Lスマスロ アイドルマスター ミリオンライブ! ネクストプロローグ,2262.0,7535.5,9277.2,9277.2,9277.2,,,-0.18773983529513222,0.601681525561685,0.601681525561685,25.9,強い下降
1267,L吉宗(2025年),6493.0,7002.0,7223.375,7064.083333333333,8459.884615384615,-0.05947143960509083,-0.24238984717132897,-0.1723291370586069,0.11087105015253984,0.23034028559195568,19.0,強い下降
1268,L麻雀物語(2025年),4476.0,6356.75,7555.5,10731.166666666666,10731.166666666666,-0.27386697889596484,,-0.40763663472440087,0.5087203382881132,0.5087203382881132,0.0,強い下降
1269,Pゾンビランドサガ SCPC,7600.0,9290.0,15148.75,15148.75,15148.75,-0.5577769844103296,,-0.3867480815248783,0.5297807045802996,0.5297807045802996,0.0,強い下降
1270,P痛いのは嫌なので防御力に極振りしたいと思います。 FHZ,8640.0,8625.0,11930.0,13675.555555555555,13675.555555555555,-0.4338693797177552,,-0.3693126421839454,0.5495262453897626,0.5495262453897626,0.0,強い下降
1271,e 東京喰種 W,20450.0,20730.0,21125.0,20812.5,21278.076923076922,-0.03671003717472119,-0.010538409730200921,-0.02575782224391297,0.07110878688161462,0.0878519605015464,41.9,下降
1272,Lスマスロ ようこそ実力至上主義の教室へ,3122.0,7876.25,11020.166666666666,11020.166666666666,11020.166666666666,,,-0.28528757883274597,0.5377910468594762,0.5377910468594762,28.5,強い下降
1273,Lスマスロ 緑ドン VIVA!情熱南米編 REVIVAL,3947.0,7035.75,11376.875,11376.875,11376.875,-0.5523762565211859,,-0.3815744657474043,0.480657070021165,0.480657070021165,0.0,強い下降
1274,Lパチスロ 機動戦士ガンダムSEED,2705.0,6765.25,9561.0,9561.0,9561.0,,,-0.2924118816023428,0.550665153633056,0.550665153633056,28.0,強い下降
1275,P ToLOVEるダークネス 100ver.,9440.0,13840.0,15892.0,15892.0,15892.0,,,-0.12912157060156054,0.34052501894674136,0.34052501894674136,36.4,下降
1276,P 宇宙戦艦ヤマト2202 超波動 森雪 199LT ver.,9980.0,13982.5,13982.5,13982.5,13982.5,,,0.0,0.3259051033478689,0.3259051033478689,37.0,下降
1277,P 織田信奈の野望 下剋上 V1D,8140.0,9860.0,14250.0,14250.0,14250.0,,,-0.3080701754385965,0.4606720460039077,0.4606720460039077,31.6,下降
1278,PLT世界でいちばん強くなりたい!2 MQ,7990.0,12865.0,12865.0,12865.0,12865.0,,,0.0,0.40956234097424676,0.40956234097424676,33.6,下降
1279,Pフィーバー機動戦士ガンダムユニコーン再来 129ver.,15610.0,18370.0,18370.0,18370.0,18370.0,,,0.0,0.17721009491606785,0.17721009491606785,42.9,下降
1280,P乗物娘 with CYBER JAPAN DANCERS 2nd season LM3,8940.0,12282.5,12282.5,12282.5,12282.5,,,0.0,0.2782293146648563,0.2782293146648563,38.9,下降
1281,P攻殻機動隊SAC_2045 大入りLTver,8590.0,10140.0,14088.57142857143,14088.57142857143,14088.57142857143,,,-0.2802676941796796,0.4016327403979786,0.4016327403979786,33.9,下降
1282,P海物語 極JAPAN HTH,7930.0,8440.0,9061.25,9950.0,13517.826086956522,-0.12832429641105086,,-0.3756392525168055,0.1663927187149611,0.4397847971291168,27.9,強い下降
1283,e 仮面ライダーBLACK KRJ2,7890.0,9990.0,15590.0,15590.0,15590.0,,,-0.359204618345093,0.5377786292147912,0.5377786292147912,28.5,強い下降
1284,デジハネP北斗の拳 慈母 SSPC,8060.0,8070.0,8486.25,8461.666666666666,8833.461538461539,-0.09351305812973884,-0.08340855750135404,-0.08642835372490972,0.0846660321256758,0.09174118313715392,28.7,強い下降
1285,P【超甘LT】江頭2:50inナナシー 奇跡の99%,15800.0,17863.333333333332,17863.333333333332,17863.333333333332,17863.333333333332,,,0.0,0.1108929256914381,0.1108929256914381,45.6,横ばい
1286,L ToLOVEるダークネス TRANCE ver.8.7,7404.0,7308.0,7470.25,7418.583333333333,7778.923076923077,-0.042515558467081556,-0.08715892661218387,-0.060538338310622414,0.08258299934443751,0.09390052438435857,34.6,下降
1287,L花笠,3925.0,7200.75,9185.6,9185.6,9185.6,,,-0.21608278174534057,0.5763145503498516,0.5763145503498516,26.9,強い下降
1288,Pフィーバー機動戦士ガンダムユニコーン 再来 129ver.,8630.0,9990.0,10440.0,10440.0,10440.0,,,-0.04310344827586207,0.13266542869230102,0.13266542869230102,44.7,下降
1289,L ULTRAMAN,2356.0,7255.0,7255.0,7255.0,7255.0,,,0.0,0.9549596474246441,0.9549596474246441,11.8,強い下降
1290,L スマスロ デビル メイ クライ 5 スタイリッシュトライブ,5521.0,5522.5,5964.5,6517.583333333333,8524.315789473685,-0.13798485912744868,,-0.35214741729541504,0.1619185124404601,0.4247395751999736,27.0,強い下降
1291,LBスマスロニューパルサーBT,3621.0,6999.5,8648.0,8648.0,8648.0,,,-0.19062210915818686,0.48896714672315,0.48896714672315,30.4,下降
1292,LBパチスロ1000ちゃんA,4307.0,8220.0,9810.6,9810.6,9810.6,,,-0.16213075652865272,0.43522158933457833,0.43522158933457833,32.6,下降
1293,LBプレミアムうまい棒,4370.0,6570.75,8406.666666666666,8406.666666666666,8406.666666666666,,,-0.21838818398096743,0.44447175121473276,0.44447175121473276,32.2,下降
1294,LB翔べ!ハーレムエース,5945.0,6507.25,8328.625,9970.09090909091,9970.09090909091,-0.35889162561576354,,-0.3473229021345662,0.3561478171305119,0.3561478171305119,0.0,強い下降
1295,Lいざ!番長,7107.0,7667.25,8290.625,8322.083333333334,10879.384615384615,-0.13986425846982276,-0.3312372763312975,-0.29524966061428815,0.1263615546390172,0.29277203343285996,1.7,強い下降
1296,Lスマスロ ギルティクラウン2,3800.0,6276.0,9400.0,9400.0,9400.0,,,-0.3323404255319149,0.5546485924561839,0.5546485924561839,27.8,強い下降
1297,P DD北斗の拳3 百突99ver.,8260.0,9997.5,11896.666666666666,11896.666666666666,11896.666666666666,,,-0.15963855421686743,0.29456615735442493,0.29456615735442493,38.2,下降
1298,PA海物語3R3 LBA(クリスタルシェル),10450.0,13656.666666666666,13656.666666666666,13656.666666666666,13656.666666666666,,,0.0,0.295071560922447,0.295071560922447,38.2,下降
1299,PLT激デジ ジューシーハニー極嬢 77LT-ARB,8070.0,8765.0,9457.5,10916.666666666666,10916.666666666666,-0.13645320197044336,,-0.19709923664122134,0.2538134513719166,0.2538134513719166,23.5,強い下降
1300,Pフィーバーマクロスフロンティア5 LT-Light ver.,8890.0,10562.5,12453.333333333334,12453.333333333334,12453.333333333334,,,-0.15183351177730198,0.3019385846865288,0.3019385846865288,37.9,下降
1301,P緋弾のアリア ～緋緋神降臨～ 88Ver.,7930.0,8817.5,9341.25,11194.166666666666,11194.166666666666,-0.10618347693867207,,-0.21231296061937016,0.31295517498339226,0.31295517498339226,24.7,強い下降
1302,e 新・必殺仕置人S 超斬撃99,9000.0,10805.0,12608.0,12608.0,12608.0,,,-0.14300444162436549,0.33787112200712327,0.33787112200712327,36.5,下降
1303,eフィーバー彼女、お借りします H,8150.0,9420.0,11288.75,14306.363636363636,14306.363636363636,-0.28405852175565266,,-0.34155175700578255,0.4403629501192623,0.4403629501192623,0.0,強い下降
1304,e冴えない彼女の育てかた LX04,9360.0,10967.5,14281.42857142857,14281.42857142857,14281.42857142857,,,-0.23204461338401516,0.3886641939403952,0.3886641939403952,34.5,下降
1305,e範馬刃牙 XAM2,7780.0,11540.0,15332.5,18458.0,18458.0,-0.3966013071895425,,-0.3747968360602449,0.4497057671112655,0.4497057671112655,0.0,強い下降
1306,デジハネPモンスターハンターライズ GSPB,7630.0,10265.0,10265.0,10265.0,10265.0,,,0.0,0.3277899160710073,0.3277899160710073,36.9,下降
1307,L 絶対衝激～PLATONIC HEART～,2592.0,5962.75,8404.666666666666,8404.666666666666,8404.666666666666,,,-0.29054295232807165,0.5325679191954505,0.5325679191954505,28.7,強い下降
1308,デカスタP戦国無双 HM3,10680.0,10372.5,14846.25,14846.25,14846.25,-0.46312111801242234,,-0.3013387218994696,0.39608709251588387,0.39608709251588387,0.0,強い下降
1309,LBアレックス ブライト,7875.0,7687.5,7978.25,8248.083333333334,9062.576923076924,-0.0703228927318902,-0.1373350532536126,-0.15173133808943803,0.0661278295114412,0.10668090829477826,27.9,強い下降
1310,LBパチスロ ヱヴァンゲリヲン ～約束の扉～,6501.0,7106.0,7839.875,8719.25,10824.25,-0.17119113573407202,,-0.3435110977665889,0.20052861431051586,0.3973479689942627,21.4,強い下降
1311,Lわたしの幸せな結婚,7496.0,7445.5,10098.375,11013.555555555555,11013.555555555555,-0.41609646113126164,,-0.32396945178668707,0.3664013969988732,0.3664013969988732,0.0,強い下降
1312,PA CYBORG009 RULE OF SACRIFICE LT99Ver,8010.0,9087.5,12466.25,12466.25,12466.25,-0.42647522877879457,,-0.27103178582171866,0.3789035497989959,0.3789035497989959,0.0,強い下降
1313,PAフィーバー機動戦士ガンダムユニコーン 再来 99ver.,9810.0,13277.5,13277.5,13277.5,13277.5,,,0.0,0.2706491417512286,0.2706491417512286,39.2,下降
1314,Pドラムだ!金ドン 花火外伝 99ver.,8960.0,12910.0,12910.0,12910.0,12910.0,,,0.0,0.3090365329038356,0.3090365329038356,37.6,下降
1315,e 犬夜叉3.0 LTM-TS,11320.0,15610.0,15610.0,15610.0,15610.0,,,0.0,0.3334221020236054,0.3334221020236054,36.7,下降
1316,eフィーバー炎炎ノ消防隊2 シンラver.,7910.0,8747.5,14003.75,16071.111111111111,16071.111111111111,-0.5458203530633438,,-0.45570035951327437,0.5447131381729506,0.5447131381729506,0.0,強い下降
1317,eフィーバー炎炎ノ消防隊2 紅丸ver.,8230.0,8762.5,10461.25,13462.5,17541.333333333332,-0.2793996710526316,,-0.500465567041654,0.3907212555267925,0.5580991735523696,0.8,強い下降
1318,e一方通行 とある魔術の禁書目録 JKZ,8500.0,8607.5,9451.25,11771.666666666666,15438.666666666666,-0.16391452161243322,,-0.44247128422143533,0.35009971654830213,0.5618688607522493,16.3,強い下降
1319,e冒険島 EHLC2,11710.0,15647.5,15647.5,15647.5,15647.5,,,0.0,0.23509007574630889,0.23509007574630889,40.6,下降
1320,e東京リベンジャーズ GFEC,12330.0,9605.0,9353.75,10236.666666666666,17248.695652173912,0.055204614117000825,,-0.44314629965718894,0.1690356566371889,0.591752331897859,49.9,横ばい
1321,ハイビリターン-30,7208.0,7066.25,7473.75,7348.916666666667,7503.346153846154,-0.10340999206978588,-0.006914336550263992,-0.05825349715767842,0.09808430191514442,0.10319881896407226,33.1,下降
1322,PAコマコマ倶楽部with坂本冬美 89STver.,9550.0,10605.0,12810.0,12810.0,12810.0,,,-0.1721311475409836,0.30074975128550907,0.30074975128550907,38.0,下降
1323,e マギアレコード 魔法少女まどか☆マギカ外伝 KRJ1,8680.0,15712.5,20090.0,20090.0,20090.0,,,-0.21789447486311597,0.6217786526872165,0.6217786526872165,25.1,強い下降
1324,デカスタe花の慶次～傾奇一転 H6,8300.0,9555.0,15217.142857142857,15217.142857142857,15217.142857142857,,,-0.37208974840405556,0.5409367657238133,0.5409367657238133,28.4,強い下降
1325,L アズールレーン THE ANIMATION,7177.0,6928.25,7831.25,8013.166666666667,9310.576923076924,-0.20677218994189542,-0.21503032677817774,-0.2558731797996489,0.13233376475920036,0.1985905107521508,2.7,強い下降
1326,L ダーリン・イン・ザ・フランキス,6054.0,7530.75,9643.125,9643.125,9643.125,-0.3593849687380375,,-0.21905502624927084,0.32121170489614653,0.32121170489614653,0.0,強い下降
1327,LBマタドールⅢ,6388.0,6973.25,7858.8,7858.8,7858.8,,,-0.1126825978520894,0.2652004519418963,0.2652004519418963,39.4,下降
1328,Lパチスロ 転生したら剣でした,6169.0,6881.5,8362.875,9646.8,9646.8,-0.3009624907941184,,-0.28665464195380846,0.3434647003803553,0.3434647003803553,0.1,強い下降
1329,L咲-Saki- 頂上決戦,6193.0,7802.5,10107.875,10107.875,10107.875,-0.37143777818057316,,-0.22807711808861902,0.3306400192082968,0.3306400192082968,0.0,強い下降
1330,Pクイーンズブレイド奈落 5400,7770.0,11232.5,11232.5,11232.5,11232.5,,,0.0,0.33824418352293384,0.33824418352293384,36.5,下降
1331,Pフィーバー戦姫絶唱シンフォギア4 LT-Light ver.,8330.0,8137.5,8277.5,9205.833333333334,11084.666666666666,-0.033264033264033266,,-0.26587778913814875,0.17963828311794394,0.40062919494737714,38.8,下降
1332,Pフィーバー戦姫絶唱シンフォギア4 Light ver.,7770.0,8737.5,12266.25,12266.25,12266.25,-0.4468186134852801,,-0.28767960868236014,0.381289981538646,0.381289981538646,0.0,強い下降
1333,eシャーマンキング MH,7860.0,11622.5,14070.0,14070.0,14070.0,,,-0.17395167022032693,0.4330577948037849,0.4330577948037849,32.7,下降
1334,eシャーマンキング でっけぇえなver.,7040.0,8142.5,11703.75,13645.555555555555,13645.555555555555,-0.46659023910907305,,-0.40328556306489693,0.5289748805729966,0.5289748805729966,0.0,強い下降
1335,e牙狼12黄金騎士極限 XX-MJ,16870.0,17450.0,18217.5,18350.0,18906.153846153848,-0.08085330524097972,-0.022202486678508056,-0.07702009927577515,0.0902800835941448,0.09883212815759575,34.9,下降
1336,e真・一騎当千～軍神覚醒～ 319大入りver.,9280.0,9502.5,10092.5,10104.166666666666,11314.23076923077,-0.11046103440205944,-0.1445604628192465,-0.16012849712751132,0.11393950993730359,0.16800046117847853,20.6,強い下降
1337,e黄門ちゃま寿限無 LLサイズ 9HC3,10000.0,7842.5,8127.5,8827.5,11123.125,-0.06775631500742942,,-0.29493734899140306,0.16194812242038295,0.44221692816750147,35.4,下降
1338,e GODZILLA7 TYPE-CRASH,9130.0,14880.0,17582.0,17582.0,17582.0,,,-0.15367989989762257,0.4576845639700762,0.4576845639700762,31.7,下降
1339,e女神のカフェテラス JLZ,13090.0,13665.0,14745.0,15216.666666666666,20330.0,-0.13649289099526066,-0.3688867383264784,-0.3278406296114117,0.13188938623793903,0.32421052343019785,0.0,強い下降
1340,LBトリプルクラウン(2025年),3197.0,3197.0,3197.0,3197.0,3197.0,,,0.0,,,50.0,横ばい
1341,もっと!クレアの秘宝伝～女神の歌声と太陽の子供達～,3744.0,3744.0,3744.0,3744.0,3744.0,,,0.0,,,50.0,横ばい
1342,ドンちゃん2(2019年),2580.0,2580.0,2580.0,2580.0,2580.0,,,0.0,,,50.0,横ばい
1343,ネオアイムジャグラーEX,10294.0,9925.0,10363.125,10218.833333333334,10381.807692307691,-0.08112486980673533,-0.01288769752147273,-0.04400078539753333,0.08387194608516585,0.07193966205727861,35.9,下降
1344,LBクレアの秘宝伝 ～はじまりの扉と太陽の石～ ボーナストリガーver.,6463.0,6585.75,6774.0,7084.25,8442.384615384615,-0.054077345685661964,-0.2514330999867917,-0.2199182695374074,0.07918400164195093,0.18020502807330124,20.2,強い下降
1345,Lスマスロ ドルアーガの塔,6030.0,6225.0,8481.875,8481.875,8481.875,-0.4203235944593179,,-0.26608208680274115,0.38019997104735304,0.38019997104735304,0.0,強い下降
1346,Lスマスロ 東京リベンジャーズ,7262.0,8642.0,8649.0,9170.833333333334,11427.058823529413,-0.0016173752310536045,,-0.24372490476680742,0.1293970244679529,0.38216346174342464,44.6,下降
1347,P FAIRY TAIL 超一夜Ver.,7970.0,8407.5,11681.25,11681.25,11681.25,-0.43781344032096287,,-0.28025682182985556,0.4271594624973942,0.4271594624973942,0.0,強い下降
1348,P アズールレーン THE ANIMATION 異次元トリガー 79ver.,8590.0,8865.0,9061.25,9062.5,9992.692307692309,-0.04239805563056981,-0.15204678362573099,-0.112851699318733,0.07340758877178602,0.12419670022333121,29.8,強い下降
1349,PAぱちんこ シン・エヴァンゲリオン PREMIUM MODEL,8140.0,12382.5,12382.5,12382.5,12382.5,,,0.0,0.3074214899640695,0.3074214899640695,37.7,下降
1350,P戦国乙女7 終焉の関ケ原 LLサイズ 299ver.,7360.0,8232.5,9362.5,9604.166666666666,12487.0,-0.2153919466285442,,-0.3407143429166333,0.154661869879023,0.43960362108257806,18.0,強い下降
1351,SLOTドルアーガの塔,5762.0,6218.75,7754.125,8566.111111111111,8566.111111111111,-0.33056138651165295,,-0.2740287956417407,0.3687374225200268,0.3687374225200268,0.0,強い下降
1352,eパリピ孔明 NB,11080.0,13995.0,13995.0,13995.0,13995.0,,,0.0,0.2945646684042567,0.2945646684042567,38.2,下降
1353,eフィーバーブルーロック MZ,12380.0,10102.5,9823.75,10636.666666666666,13946.666666666666,0.05840754321634364,,-0.2756333652007648,0.1552598698804259,0.5534453723935887,50.8,横ばい
1354,デジハネP 頭文字D せかんど GCPC,7440.0,11722.5,11722.5,11722.5,11722.5,,,0.0,0.35868956268043195,0.35868956268043195,35.7,下降
1355,LBマジカルハロウィン ボーナストリガー,6072.0,6543.0,8184.75,8913.888888888889,8913.888888888889,-0.3341474584032972,,-0.26597693985665316,0.3232805296837323,0.3232805296837323,0.0,強い下降
1356,P【超甘LT】豊丸のとあるパチンコにしみけん参戦 感度UP1/39,14610.0,14610.0,14610.0,14610.0,14610.0,,,0.0,,,50.0,横ばい
1357,Pルパン三世 ONE COLLECTION 100ver.,8700.0,9647.5,9485.0,10297.5,11795.333333333334,0.03486189326897292,,-0.18209178771265477,0.1542901127818328,0.31697574342736246,48.0,横ばい
1358,デカスタPデビルマン THE FINAL 179ver.,10210.0,10210.0,10210.0,10210.0,10210.0,,,0.0,,,50.0,横ばい
1359,Lスマスロ バベル(2025年),7043.0,8898.0,8898.0,8898.0,8898.0,,,0.0,0.2948264956397046,0.2948264956397046,38.2,下降
1360,Lスマスロ 新鬼武者3,7250.0,7858.25,9105.25,9671.25,11977.888888888889,-0.24091381100726894,,-0.3439369764658955,0.16450183594666712,0.3447834491461383,14.5,強い下降
1361,L主役は銭形5,6588.0,6891.0,7780.375,8246.333333333334,10412.777777777777,-0.2051673923700222,,-0.3382169343221469,0.1545872518703036,0.3744141168226618,19.2,強い下降
1362,P 冬のソナタ My Memory SWEET Version,9510.0,12332.5,12332.5,12332.5,12332.5,,,0.0,0.2222741954109951,0.2222741954109951,41.1,下降
1363,PAフィーバーダンジョンに出会いを求めるのは間違っているだろうか2 LT-Light ver.,9340.0,12992.5,12992.5,12992.5,12992.5,,,0.0,0.2917838296586879,0.2917838296586879,38.3,下降
1364,Pスーパー海物語IN沖縄6 LTP,11430.0,10505.0,11441.25,11355.833333333334,12443.846153846154,-0.15128256917794386,-0.14580329718548227,-0.15580762811398902,0.09563121983969225,0.12717795399583318,16.4,強い下降
1365,e ベルセルク無双 第2章 H3,8710.0,14027.5,14027.5,14027.5,14027.5,,,0.0,0.41180857511443186,0.41180857511443186,33.5,下降
1366,e 聖戦士ダンバイン3 ZEROSONIC GREA,7500.0,8960.0,13465.0,15128.888888888889,15128.888888888889,-0.5013912075681691,,-0.40775558166862513,0.4924236634938428,0.4924236634938428,0.0,強い下降
1367,eとある科学の超電磁砲 PHASE NEXT LTRSY,22400.0,28462.5,28462.5,28462.5,28462.5,,,0.0,0.19708660081312854,0.19708660081312854,42.1,下降
1368,eガールズ＆パンツァー 最終章 LAH1,12030.0,10385.0,11183.75,15520.0,15520.0,-0.13331942416023368,,-0.33086340206185566,0.46225809310180005,0.46225809310180005,15.5,強い下降
1369,L 荒野のコトブキ飛行隊,6388.0,10317.25,10317.25,10317.25,10317.25,,,0.0,0.4089093132153784,0.4089093132153784,33.6,下降
1370,LB SHAKE BONUS TRIGGER,8340.0,8713.25,8938.125,8974.5,9863.346153846154,-0.04908326967150497,-0.14453208779162596,-0.11660304078425565,0.061570837193918135,0.12603320874272492,30.1,下降
1371,PA義風堂々!!～兼続と慶次～3 99Ver.,7880.0,8245.0,9287.5,10606.0,10606.0,-0.20183930300096806,,-0.2226098434848199,0.2968309350688063,0.2968309350688063,13.9,強い下降
1372,Pゴッドイーター199 ゴッドトリガーVER.,8370.0,15467.5,15467.5,15467.5,15467.5,,,0.0,0.47248174308254515,0.47248174308254515,31.1,下降
1373,デカスタP STEINS；GATE 0 まゆしぃば～じょん,8120.0,8320.0,8818.75,8874.166666666666,10533.076923076924,-0.10705661389857794,-0.2326704136042658,-0.21010735412254442,0.06448064037946939,0.19781259975135268,16.0,強い下降
1374,L 絶対衝激Ⅳ,5862.0,7673.25,9809.833333333334,9809.833333333334,9809.833333333334,,,-0.2178001664996008,0.3820151554279806,0.3820151554279806,34.7,下降
1375,Lスマスロ とある科学の超電磁砲2,6338.0,7082.75,7669.375,8914.833333333334,11228.529411764706,-0.14210876937984496,,-0.36921837755716796,0.23318117951706174,0.3854817921963241,23.6,強い下降
1376,Lパチスロ 革命機ヴァルヴレイヴ2,7126.0,7766.5,7671.625,7868.666666666667,9809.307692307691,0.025043719272775267,-0.27713684210526307,-0.20825197418464403,0.0792924724461812,0.24003841870008558,27.7,強い下降
1377,P Re:ゼロから始める異世界生活 鬼がかり 199ver.,9650.0,9127.5,9792.5,11505.0,14566.25,-0.12718144872101364,,-0.3733802454303613,0.23211266483241785,0.4412462431419056,25.5,強い下降
1378,P Re:ゼロから始める異世界生活 鬼がかり 99ver.,8270.0,8895.0,10402.5,13577.5,13577.5,-0.2531486146095718,,-0.34487203093352975,0.4115470965002002,0.4115470965002002,3.2,強い下降
1379,P いくさの子 戦極最強 ドデカ199ver.,10300.0,13342.5,13342.5,13342.5,13342.5,,,0.0,0.26364352712750677,0.26364352712750677,39.5,下降
1380,Pはねものファインプレー H3,11500.0,11367.5,12147.5,12707.5,15102.5,-0.12067298394894604,,-0.24731004800529713,0.08904193679026307,0.2650957612297299,32.0,下降
1381,P転生したらスライムだった件 129ver.,10180.0,14710.0,16260.0,16260.0,16260.0,,,-0.0953259532595326,0.27584482746150546,0.27584482746150546,39.0,下降
1382,e ノーゲーム・ノーライフ 199Ver.,10770.0,9812.5,15408.75,15408.75,15408.75,-0.5328493215900976,,-0.3631865011762797,0.4669466798242805,0.4669466798242805,0.0,強い下降
1383,e ノーゲーム・ノーライフ 319Ver.,7530.0,10905.0,15145.0,15145.0,15145.0,,,-0.2799603829646748,0.5066447210909824,0.5066447210909824,29.7,強い下降
1384,e 仮面ライダー電王 デカヘソ239,8180.0,8125.0,9103.75,9873.333333333334,11905.333333333334,-0.19414827671708407,,-0.3175327584275955,0.2027164745867729,0.41525632774492555,18.6,強い下降
1385,eとある科学の超電磁砲 PHASE NEXT LT RSY,8530.0,9837.5,11253.75,12137.5,12553.846153846154,-0.22355958958168903,,-0.21637561274509806,0.18219370238938995,0.20674205301100104,15.9,強い下降
1386,eフィーバーもののがたり F,7970.0,8272.5,8950.0,9250.0,11289.047619047618,-0.14074266424305376,,-0.26721010671953427,0.09541615853537971,0.28206863653951364,29.3,強い下降
1387,eルパン三世VSキャッツ・アイ MAH4,8240.0,8732.5,10856.25,14040.833333333334,14040.833333333334,-0.3272342064714946,,-0.3780639800581637,0.41312771708307183,0.41312771708307183,0.0,強い下降
1388,e源外伝 EPISODE OF -大龍- EHLG,8810.0,12587.5,12587.5,12587.5,12587.5,,,0.0,0.3437478731499593,0.3437478731499593,36.3,下降
1389,e花の慶次～黄金の一撃 H4,9290.0,8305.0,8751.25,9485.0,14819.0,-0.09703723837999456,,-0.43957082124299884,0.14836455291419867,0.5416126035399184,32.4,下降
1390,Lスマスロネオプラネット,7645.0,9007.5,11618.714285714286,11618.714285714286,11618.714285714286,,,-0.22474210325706068,0.3459322222949135,0.3459322222949135,36.2,下降
1391,Pメイドインアビス 奈落の連環蝕 SL,8790.0,14803.333333333334,14803.333333333334,14803.333333333334,14803.333333333334,,,0.0,0.388492010491181,0.388492010491181,34.5,下降
1392,e女神のカフェテラス FLX,16950.0,17735.0,18316.25,19373.333333333332,19897.058823529413,-0.061516073554703,,-0.10866223207686626,0.13101996162719998,0.11938352046255417,37.4,下降
1393,Lスマスロ 化物語,6832.0,8612.0,8906.875,9388.5,13143.652173913044,-0.06409106963349363,,-0.3447787657457394,0.13165242500388694,0.4014355401262887,37.0,下降
1394,Lバーニングエクスプレス,8000.0,10551.25,11321.4,11321.4,11321.4,,,-0.06802603918243323,0.21990246290833734,0.21990246290833734,41.2,下降
1395,Lプリズムナナ(2025年),5835.0,6428.5,7345.5,7508.416666666667,9500.615384615385,-0.22196671709531013,-0.25426043485817856,-0.3233596204294459,0.1348867162817357,0.35066091295187773,0.0,強い下降
1396,L銀河英雄伝説 Die Neue These,7707.0,8607.75,12388.75,12388.75,12388.75,-0.4676633837876281,,-0.30519624659469274,0.36483116325151793,0.36483116325151793,0.0,強い下降
1397,PAフィーバーからくりサーカス2 Light ver.,9400.0,11735.0,14246.666666666666,14246.666666666666,14246.666666666666,,,-0.17629854936827324,0.3213354320231282,0.3213354320231282,37.1,下降
1398,PA海物語 極JAPAN Withナギナミ HBD,9440.0,10722.5,13385.0,14341.111111111111,14341.111111111111,-0.331827387443527,,-0.25232432013636014,0.29361761952267074,0.29361761952267074,0.0,強い下降
1399,PA野生の王国Ⅵ N2,8460.0,8880.0,9321.25,9852.5,11488.125,-0.09039692701664533,,-0.2270279092541211,0.10594319408371809,0.2922570571209373,34.9,下降
1400,e アズールレーン2 THE ANIMATION 超次元 K6,8140.0,9485.0,10326.25,13984.166666666666,15603.076923076924,-0.15066039847772555,,-0.39210707947150464,0.4532493298233754,0.5396420609384779,13.8,強い下降
1401,e 北斗の拳11 暴凶星 SHEF,9120.0,9462.5,10275.0,10805.0,15070.0,-0.14656144306651633,-0.3590073165908642,-0.3720968812209688,0.1527636702407297,0.3837481286126373,0.0,強い下降
1402,eうしおととら～神のせSPEC～ 150ver.,9790.0,9960.0,15325.0,15325.0,15325.0,-0.5186080231996133,,-0.3500815660685155,0.43023954083878,0.43023954083878,0.0,強い下降
1403,e地獄少女 7500Ver.,7990.0,7982.5,9383.75,9952.5,15355.0,-0.2598516458043579,-0.4241006847333398,-0.4801367632692934,0.15680315196622943,0.5277957776015495,0.0,強い下降
1404,L 無職転生 ～異世界行ったら本気だす～,8857.0,7736.75,8525.25,9367.916666666666,11946.058823529413,-0.1693195544222252,,-0.3523596263596658,0.17610517159117478,0.409596402883799,22.6,強い下降
1405,LB不二子BT,6990.0,7980.25,8230.625,8844.25,11348.142857142857,-0.059043744841410215,,-0.2967792086810932,0.1302839906286586,0.33695187652308733,37.7,下降
1406,Lスマスロ 沖ドキ!DUO アンコール,6272.0,7565.75,7277.875,7398.833333333333,8454.333333333334,0.08236766809728183,,-0.10510389149548562,0.09009173246458385,0.23173621021693047,56.3,横ばい
1407,Lスマスロ 秘宝伝(2025年),6238.0,7011.75,8318.25,10898.454545454546,10898.454545454546,-0.271487571105743,,-0.3566289632391582,0.44760673077921465,0.44760673077921465,0.0,強い下降
1408,P沖ドキ!ドキドキ弾丸ツアー LG,8500.0,7970.0,8115.0,8650.833333333334,11626.5,-0.035108958837772396,,-0.3144970541435514,0.11270922823676854,0.4765625538644397,41.3,下降
1409,e 新世紀エヴァンゲリオン ～はじまりの記憶～ R,12050.0,12385.0,13781.25,14735.833333333334,21216.153846153848,-0.18398945807939385,-0.3889138473234959,-0.41624669156303257,0.17098145904481374,0.40611545715702446,0.0,強い下降
1410,LBスマート沖スロ ニューキングハナハナV,9233.0,9181.5,9618.625,9380.416666666666,9989.375,-0.08694030778410362,-0.11491586727472884,-0.08087342801726835,0.09820936417970427,0.15625016761118102,26.4,強い下降
1411,Lスマスロ 北斗の拳 転生の章2,8164.0,9456.75,10297.125,11076.083333333334,13470.52380952381,-0.1509090909090909,,-0.29796716640566173,0.1445185116157447,0.2837987277769083,26.1,強い下降
1412,Lスマスロ鉄拳6,7327.0,7921.0,9242.5,11254.083333333334,12045.153846153846,-0.25018932222642937,,-0.34239113080907096,0.31263237822174855,0.36644871143063856,7.5,強い下降
1413,P ゴジラ対エヴァンゲリオン2 超デカシルバー,10060.0,11257.5,14574.285714285714,14574.285714285714,14574.285714285714,,,-0.22757792589688294,0.34055610361632865,0.34055610361632865,36.4,下降
1414,PA清流物語4 ウキウキ79ver.,9200.0,10377.5,12503.75,13923.0,13923.0,-0.29066985645933013,,-0.25465057817998993,0.2954788484104038,0.2954788484104038,3.3,強い下降
1415,Pフィーバーうたわれるもの LT-Light ver.,10530.0,14472.5,14472.5,14472.5,14472.5,,,0.0,0.2957474802448484,0.2957474802448484,38.2,下降
1416,Pフィーバー彼女、お借りします LT-Light ver.,10430.0,10517.5,14070.0,14070.0,14070.0,-0.4031777557100298,,-0.2524875621890547,0.33486935293505193,0.33486935293505193,0.0,強い下降
1417,SBニューキングハナハナV-30,12669.0,12448.25,12842.0,12620.583333333334,13007.125,-0.0594979506261451,-0.057720066698190596,-0.042966835484397975,0.07379789956271555,0.10447020955806292,35.3,下降
1418,e ゴジラ対エヴァンゲリオン2 超デカゴールド,7900.0,9607.5,11740.0,14365.0,14365.0,-0.30744278248333035,,-0.33118691263487643,0.4480061242177168,0.4480061242177168,0.0,強い下降
1419,e ソードアート・オンライン 閃光の軌跡 99Ver.,8500.0,8697.5,9007.5,10415.833333333334,12774.0,-0.0665414542527502,,-0.3191247847189604,0.2432110787515579,0.4416486082464275,32.3,下降
1420,e 盾の勇者の成り上がり アルティメット199ver.,8290.0,9510.0,13147.142857142857,13147.142857142857,13147.142857142857,,,-0.27664891883081605,0.4194696666660014,0.4194696666660014,33.2,下降
1421,eようこそ実力至上主義の教室へ MA,8960.0,8920.0,10525.0,10802.5,15370.454545454546,-0.2646331409727947,,-0.41966582877421266,0.14268747643608473,0.4923685386011037,12.5,強い下降
1422,e吉宗 極乗3000ver.,8370.0,8317.5,9068.75,10361.666666666666,13012.666666666666,-0.1530040733197556,,-0.36081510323274757,0.23802542079477493,0.48025394510679936,22.1,強い下降
1423,P【超甘LT】華牌RR 1/49×99de遊タイム,8820.0,10112.5,10882.0,10882.0,10882.0,,,-0.07071310420878515,0.19453343563465847,0.19453343563465847,42.2,下降
1424,P閃乱カグラ 189大入りver.,7340.0,7947.5,8801.25,9111.666666666666,12650.0,-0.17685137234593476,,-0.3717391304347826,0.12914346039012434,0.4710506043999023,23.6,強い下降
1425,e ULTRAMAN 4500超ライト,9370.0,15046.666666666666,15046.666666666666,15046.666666666666,15046.666666666666,,,0.0,0.39258643173668534,0.39258643173668534,34.3,下降
1426,e範馬刃牙 199ver.,8770.0,10435.0,16277.5,16277.5,16277.5,-0.528254972875226,,-0.35893103977883584,0.4814435324498706,0.4814435324498706,0.0,強い下降
1427,Lスマスロ ゴブリンスレイヤーⅡ,5490.0,8498.25,11271.5,11271.5,11271.5,,,-0.24604089961407088,0.43359711783199645,0.43359711783199645,32.7,下降
1428,Lスマスロ ハナビ(2026年),7797.0,8042.75,8658.75,8858.25,10654.85,-0.1328337691042885,,-0.24515596183897476,0.10303896633573939,0.28745596308898114,29.9,強い下降
1429,Lスマスロ 攻殻機動隊(2026年),9585.0,10349.5,11430.125,11892.75,14087.75,-0.17275143376696042,,-0.26535465209135595,0.14230231077054115,0.2597053216816313,23.6,強い下降
1430,Lパチスロ 炎炎ノ消防隊2,9391.0,9481.0,10426.25,10997.0,13901.25,-0.16624895572263992,,-0.3179750022479993,0.15340088506990618,0.3171471266650519,23.9,強い下降
1431,Lパチスロうみねこのなく頃に2,12541.0,13261.25,14370.125,15153.083333333334,17828.25,-0.1432747593513793,,-0.25616647736036907,0.1266888628530451,0.21715419259653937,27.7,強い下降
1432,L範馬刃牙,6583.0,7286.75,11168.875,11168.875,11168.875,-0.5158627333731978,,-0.347584246399033,0.41869198438363253,0.41869198438363253,0.0,強い下降
1433,PA乗物娘 with CYBER JAPAN DANCERS 2nd season 77ver.,10380.0,13150.0,13150.0,13150.0,13150.0,,,0.0,0.2292310054095546,0.2292310054095546,40.8,下降
1434,P俺の妹がこんなに可愛いわけがない。 攻略!!スキップ159ver.,12880.0,16896.666666666668,16896.666666666668,16896.666666666668,16896.666666666668,,,0.0,0.2421762762769595,0.2421762762769595,40.3,下降
1435,P冴えない彼女の育てかた 99ver.,8120.0,9600.0,9783.75,10904.166666666666,12347.857142857143,-0.03686982693754703,,-0.22253716665702553,0.2048668098013523,0.3477804770330099,37.4,下降
1436,P黄門ちゃま寿限無 99ver.,8480.0,9157.5,11240.0,12951.0,12951.0,-0.3126290110714956,,-0.29291174426685196,0.34129171523328317,0.34129171523328317,0.0,強い下降
1437,e 真・北斗無双 第5章 夢幻闘双 SCEA,6870.0,8025.0,12621.25,12621.25,12621.25,-0.5339044576738783,,-0.36416757452708726,0.44905944232639716,0.44905944232639716,0.0,強い下降
1438,eフィーバーBASTARD!! -暗黒の破壊神- G,8180.0,8440.0,14165.0,14165.0,14165.0,-0.575666163901458,,-0.4041651959054006,0.481208813705856,0.481208813705856,0.0,強い下降
1439,e異世界でチート能力を手にした俺は現実世界をも無双する ～レベルアップは人生を変えた～ FSZ,7870.0,8172.5,10481.25,12814.0,12814.0,-0.361024237685692,,-0.36222100827220227,0.46039307109108674,0.46039307109108674,0.0,強い下降
1440,P黄門ちゃま寿限無 LLサイズ 259ver.,9520.0,9520.0,9520.0,9520.0,9520.0,,,0.0,,,50.0,横ばい
1441,P 俺の妹がこんなに可愛いわけがない。 攻略!!スキップ159ver.,8800.0,10375.0,10375.0,10375.0,10375.0,,,0.0,0.2146878419988072,0.2146878419988072,41.4,下降
1442,LBスマスロ サンダーV(2026年),9150.0,9561.0,10155.375,10503.166666666666,11429.75,-0.1105839670690016,,-0.1634987641899429,0.0948409858155156,0.18996378362686844,32.9,下降
1443,Lスマスロ 甲鉄城のカバネリ 海門決戦,12773.0,14022.5,15085.625,16383.833333333334,18261.8125,-0.13166653765771344,,-0.23214084034648805,0.1655687861701289,0.22787205121670148,27.6,強い下降
1444,P Re:ゼロから始める異世界生活 season2 129ver.,9640.0,10017.5,11137.5,12394.166666666666,14805.625,-0.18274525800530286,,-0.3233990459707037,0.20109380094161733,0.34138670595383663,20.0,強い下降
1445,P Re:ゼロから始める異世界生活 season2 249ver.,7650.0,9092.5,9851.25,12526.666666666666,12526.666666666666,-0.14302544769085768,,-0.2741484832357637,0.3688906847627142,0.3688906847627142,18.1,強い下降
1446,P戦国乙女7 終焉の関ケ原 99ver.,8900.0,8737.5,9328.75,9849.166666666666,11763.125,-0.11920362903225806,,-0.25721268795494395,0.13890723728188997,0.355617151401225,30.1,下降
1447,P痛いのは嫌なので防御力に極振りしたいと思います。 極振り129ver,7790.0,8907.5,9446.25,11690.0,11690.0,-0.10791186780170256,,-0.23802395209580837,0.3474767781093249,0.3474767781093249,23.2,強い下降
1448,e 甲鉄城のカバネリ2 咲かせや燦然 GFEA,10540.0,10352.5,13335.0,16242.0,16242.0,-0.3655584495173893,,-0.36260928457086566,0.4464838244701066,0.4464838244701066,0.0,強い下降
1449,e 魔法少女まどか☆マギカ3 時間遡行～始まりの願い～ LPM1,7920.0,8935.0,11057.5,13523.333333333334,16994.0,-0.3220789074355083,,-0.47422619748146405,0.3473174289322336,0.5030008389098173,0.0,強い下降
1450,eアクダマドライブ EHLT,10180.0,9792.5,11517.5,13759.0,13759.0,-0.26052482537285254,,-0.28828403226978705,0.4004878590981085,0.4004878590981085,2.7,強い下降
1451,eフィーバーダンベル何キロ持てる？2 F,7670.0,8705.0,10128.75,12340.0,13306.923076923076,-0.24648344514174422,,-0.345829238684317,0.32137943000635694,0.38737264019237283,7.6,強い下降
1452,eワンパンマン2～正義執行 LM10,8100.0,9067.5,10801.25,12225.833333333334,14188.57142857143,-0.27662544874351813,,-0.3609293193717278,0.2559266308105613,0.41703512757918115,6.6,強い下降
1453,e牙狼11～冴島大河～ 魔戒BURST Ver.,8080.0,9765.0,13467.142857142857,13467.142857142857,13467.142857142857,,,-0.2749018775856582,0.4296572735820475,0.4296572735820475,32.8,下降
1454,P モモキュンソード 速撃99ver.,9740.0,9947.5,13011.25,13011.25,13011.25,-0.3811819595645412,,-0.23546930540878086,0.33435153989151123,0.33435153989151123,0.0,強い下降
1455,Pえとたま2 神祭 干支甘,8910.0,13570.0,13570.0,13570.0,13570.0,,,0.0,0.35540620639019876,0.35540620639019876,35.8,下降
1456,e スマパチ SSSS.GRIDMAN メガSTART 159ver.,6540.0,8787.5,12920.0,12920.0,12920.0,-0.48467966573816157,,-0.31985294117647056,0.46598449487773125,0.46598449487773125,0.0,強い下降
1457,e 乃木坂46 Ⅱ SWEET Version,9060.0,9632.5,13770.0,13770.0,13770.0,,,-0.3004720406681191,0.4414099635845697,0.4414099635845697,32.3,下降
1458,LB A-SLOT+ 異世界かるてっと BT,7562.0,8333.0,9786.5,11363.727272727272,11363.727272727272,-0.25862989323843416,,-0.2667018663850689,0.29911304290999247,0.29911304290999247,7.0,強い下降
1459,Lアクダマドライブ,5037.0,5900.25,8023.25,9788.6,9788.6,-0.41847973389183196,,-0.3972324949430971,0.46260989008261766,0.46260989008261766,0.0,強い下降
1460,Lスマスロヨルムンガンド,6131.0,9803.5,12419.0,12419.0,12419.0,,,-0.21060471857637492,0.3799765638357226,0.3799765638357226,34.8,下降
1461,L真打 吉宗,12161.0,13151.5,14153.5,15577.363636363636,15577.363636363636,-0.13222922371416318,,-0.15573005118149294,0.19454138888384687,0.19454138888384687,26.4,強い下降
1462,L虚構推理,8049.0,9110.0,11138.875,13232.0,13232.0,-0.30815818951605245,,-0.3115175332527207,0.3416341029284736,0.3416341029284736,0.0,強い下降
1463,P にゃんこ大戦争 多様性のネコ 神さまにおまかせ88ver.,9440.0,10670.0,13113.75,15173.0,15173.0,-0.31415715892656276,,-0.2967771699729783,0.34765104246065265,0.34765104246065265,0.0,強い下降
1464,P ウルトラマンメビウス デカヘソ319,10120.0,12995.0,15182.0,15182.0,15182.0,,,-0.1440521670399157,0.3826116248676081,0.3826116248676081,34.7,下降
1465,e 終末のワルキューレ EREA,10750.0,13282.5,15584.0,15584.0,15584.0,,,-0.14768352156057496,0.38502834060931945,0.38502834060931945,34.6,下降
1466,eラグナドール 妖しき皇帝と終焉の夜叉姫 CMB,11820.0,14107.5,16266.0,16266.0,16266.0,,,-0.13270011066027296,0.3393407957745965,0.3393407957745965,36.4,下降
1467,eリコリス・リコイル M3,22580.0,25060.0,28278.75,31422.727272727272,31422.727272727272,-0.20438130010318278,,-0.202488065962679,0.22314912857059452,0.22314912857059452,16.5,強い下降
1468,e転生したらスライムだった件2 MF,9790.0,11152.5,14167.5,18805.454545454544,18805.454545454544,-0.3509384548232213,,-0.406953978536208,0.5049839305393747,0.5049839305393747,0.0,強い下降
1469,Lアニマルスロットドッチ,8503.0,9858.5,11535.25,11999.222222222223,11999.222222222223,-0.25382228277323643,,-0.17840508181085815,0.2395781352064491,0.2395781352064491,10.0,強い下降
1470,Lスマスロ ミリオンゴッド-神々の軌跡-,13303.0,14473.25,17521.5,18444.777777777777,18444.777777777777,-0.2963818228223484,,-0.21531990385715918,0.2632580715191131,0.2632580715191131,3.9,強い下降
1471,Lパチスロ 機動戦士ガンダムユニコーン 覚醒DRIVE,5856.0,12124.75,12124.75,12124.75,12124.75,,,0.0,0.4195750697740408,0.4195750697740408,33.2,下降
1472,e86-エイティシックス- MAM2,11370.0,13727.5,18517.5,20324.444444444445,20324.444444444445,-0.41102649361793414,,-0.3245817843866171,0.4319278264806579,0.4319278264806579,0.0,強い下降
1473,eフィーバーキン肉マン,13250.0,15782.5,21656.25,23655.555555555555,23655.555555555555,-0.42671630948056666,,-0.33282057303898543,0.4246952142621847,0.4246952142621847,0.0,強い下降
1474,eリング 最恐領域 RHA,9940.0,11820.0,16551.25,18321.11111111111,18321.11111111111,-0.44461411958181607,,-0.35484262235429676,0.458103085546435,0.458103085546435,0.0,強い下降
1475,Lスマスロ スーパーリオエース2,8993.0,11815.75,13987.666666666666,13987.666666666666,13987.666666666666,,,-0.15527369349188566,0.2912765512294055,0.2912765512294055,38.3,下降
1476,Lスマスロ バイオハザードRE:3,6817.0,9300.5,11873.0,11873.0,11873.0,,,-0.21666807041185884,0.3888823504822204,0.3888823504822204,34.4,下降
1477,Lスマスロ ビッグドリーム THE GOLDEN PUSHER,6330.0,8903.75,11269.833333333334,11269.833333333334,11269.833333333334,,,-0.2099483872875967,0.38261559034828996,0.38261559034828996,34.7,下降
1478,Lタクトオーパス デスティニー,8652.0,11631.0,13702.666666666666,13702.666666666666,13702.666666666666,,,-0.1511871168628977,0.2960693791502272,0.2960693791502272,38.2,下降
1479,Pクイーンズブレイド奈落 ナナエル79Ver.,9750.0,12920.0,12920.0,12920.0,12920.0,,,0.0,0.25291562801627704,0.25291562801627704,39.9,下降
1480,PフィーバークィーンⅡ YS,10760.0,12537.5,15060.0,15060.0,15060.0,,,-0.16749667994687914,0.300932955420661,0.300932955420661,38.0,下降
1481,e バイオハザード6 APN,11280.0,15457.5,19240.0,19240.0,19240.0,,,-0.1965956340956341,0.36182536117342307,0.36182536117342307,35.5,下降
1482,eひきこまり吸血姫の悶々 FHV,18550.0,22887.5,25523.333333333332,25523.333333333332,25523.333333333332,,,-0.10327151625963167,0.21321617012179536,0.21321617012179536,41.5,下降
1483,eまわるん超ワープ ギンギラパラダイス VIVA FESTA HTA2,10770.0,15640.0,15640.0,15640.0,15640.0,,,0.0,0.3179736368487335,0.3179736368487335,37.3,下降
1484,eカケグルイ 7500ver,11060.0,15960.0,19876.666666666668,19876.666666666668,19876.666666666668,,,-0.19704846553748118,0.3748433671893738,0.3748433671893738,35.0,下降
1485,eライザのアトリエ 常闇の女王と秘密の隠れ家 K3,10250.0,16745.0,16745.0,16745.0,16745.0,,,0.0,0.4029293047327528,0.4029293047327528,33.9,下降
1486,eルパン三世VSキャッツ・アイ 157ver. 極限突破ブッた斬り7500,8710.0,13237.5,15088.0,15088.0,15088.0,,,-0.12264713679745493,0.3345371427036152,0.3345371427036152,36.6,下降
1487,デカスタP戦国無双 100ver.,9410.0,11390.0,13656.666666666666,13656.666666666666,13656.666666666666,,,-0.1659751037344398,0.30554835686358267,0.30554835686358267,37.8,下降
1488,LBスロットGALFY,8492.0,11698.75,11698.75,11698.75,11698.75,,,0.0,0.2920196064216034,0.2920196064216034,38.3,下降
1489,P 犬夜叉3.0 大入り 甘SPEC,12000.0,18277.5,18277.5,18277.5,18277.5,,,0.0,0.3793433081530965,0.3793433081530965,34.8,下降
1490,Lスマスロ BIRDIE WING -Golf Girls’ Story-,10339.0,12381.5,12381.5,12381.5,12381.5,,,0.0,0.23329412439099032,0.23329412439099032,40.7,下降
1491,Lスロット ソードアート・オンラインⅡ,22792.0,23476.0,23476.0,23476.0,23476.0,,,0.0,0.041204722979349,0.041204722979349,48.4,横ばい
1492,L戦国乙女5 業火を穿つ宿焔の双刃,23223.0,24078.0,24078.0,24078.0,24078.0,,,0.0,0.050218149174723656,0.050218149174723656,48.0,横ばい
1493,P 魔法少女まどか☆マギカ3 キュゥべえver.,20180.0,22330.0,22330.0,22330.0,22330.0,,,0.0,0.13616476305876196,0.13616476305876196,44.6,下降
1494,PAスーパー海物語IN沖縄6 Withえなこ RBD,17930.0,20390.0,20390.0,20390.0,20390.0,,,0.0,0.17062115563696978,0.17062115563696978,43.2,下降
1495,PA花の慶次～傾奇一転 87ver.,16570.0,18475.0,18475.0,18475.0,18475.0,,,0.0,0.14582283281844363,0.14582283281844363,44.2,下降
1496,e 化物語 鬼99ver.,16140.0,18115.0,18115.0,18115.0,18115.0,,,0.0,0.15418558022008627,0.15418558022008627,43.8,下降
1497,e 学園黙示録ハイスクール・オブ・ザ・デッド3 V1A,14230.0,17320.0,17320.0,17320.0,17320.0,,,0.0,0.2523048445573247,0.2523048445573247,39.9,下降
1498,e 東京喰種 超デカ 超一撃 ver.,41270.0,42600.0,42600.0,42600.0,42600.0,,,0.0,0.04415267694732902,0.04415267694732902,48.2,横ばい
1499,eソードアート・オンライン オルタナティブ ガンゲイル・オンライン M08,23470.0,26810.0,26810.0,26810.0,26810.0,,,0.0,0.17618326364513753,0.17618326364513753,43.0,下降
1500,eフィーバー デッドマウント・デスプレイ 魂神9000,18650.0,20905.0,20905.0,20905.0,20905.0,,,0.0,0.15254970500604303,0.15254970500604303,43.9,下降
1501,e冥妃転生 CMP,15810.0,18045.0,18045.0,18045.0,18045.0,,,0.0,0.17516028328644317,0.17516028328644317,43.0,下降
1502,遊moreLT PエガブレイブVVV AX4,15340.0,18550.0,18550.0,18550.0,18550.0,,,0.0,0.24472374852925255,0.24472374852925255,40.2,下降
