machine_id,machine_name,trend,life_stage,life_score,change_rate_4w_vs_12w,peak_ratio_out,days_since_last_seen,data_count
241,SLOTバジリスク～甲賀忍法帖～絆2,微減,準現役,30,-0.08417027194066755,0.06827393139180211,287,86
253,パチスロ ケロット4,横ばい,準現役,30,0.017153798061894415,0.3796223446105429,287,81
293,サンダーVライトニング,横ばい,準現役,30,0.0,0.3857971637301246,287,2
307,パチスロ モンキーターンⅣ,下降,準現役,30,-0.21032181910585762,0.20654301426041569,287,21
337,シャア専用パチスロ 逆襲の赤い彗星,微増,準現役,30,0.054503137613057126,0.36034383954154725,196,54
395,アイムジャグラーEX(2020年),微減,下降期,45,-0.045991285861626256,0.5889292869332937,0,232
397,パチスロひぐらしのなく頃に祭2,下降,準現役,30,-0.16528778419969894,0.3366204162537165,287,17
411,パチスロ頭文字D,微減,準現役,30,-0.072561514489046,0.1587992288625723,287,91
432,パチスロ BIOHAZARD 7 resident evil,横ばい,準現役,30,-0.02933882206063475,0.1601443241742992,287,91
442,PAわんわんパラダイスV GBA,微減,準現役,30,-0.08664119160882794,0.3196223870532704,602,183
453,パチスロ北斗の拳 宿命,下降,準現役,30,-0.40469919018129846,0.1087698986975398,287,18
469,ニューパルサーSPⅢ,微減,準現役,30,-0.051635765361007405,0.2857142857142857,287,73
492,P大海物語4 スペシャル BLACK SCA,横ばい,準現役,30,-0.012083303717392798,0.40552834149755074,637,140
503,チバリヨ-30(2021年),横ばい,準現役,30,-0.028009603292557448,0.2127449040174154,287,110
511,P NEW TOKIO ハカマタイプ,横ばい,下降期,45,0.0023657570422535613,0.6481171548117155,0,184
533,SLOT劇場版魔法少女まどか☆マギカ[前編]始まりの物語／[後編]永遠の物語,下降,準現役,30,-0.380962900094174,0.0907563025210084,287,8
554,PA乗物娘 WITH CYBERJAPAN(R) DANCERS 77ver.,微増,準現役,30,0.04518366983901101,0.36270840421912215,413,168
567,ファンキージャグラー2,横ばい,成熟期,90,-0.02515060377804222,0.6547075606276748,0,229
569,Pうまい棒 4500～10500,横ばい,準現役,30,0.01120358514724712,0.18826995179432243,441,121
576,P 009 RE:CYBORG ACCELERATOR EDITION M4-K,微減,撤去検討期,20,-0.07561615102254847,0.20425415871284427,14,141
599,P野生の王国GO 99ver.,微減,準現役,30,-0.048550171690194516,0.3404255319148936,203,152
604,パチスロうまい棒(2021年),下降,準現役,30,-0.17666203694106425,0.10773034135209661,287,14
605,マイジャグラーⅤ,横ばい,成熟期,90,-0.01754756488314702,0.8320057495358447,0,227
611,パチスロ 戦姫絶唱シンフォギア 勇気の歌,微減,準現役,30,-0.06561822125813449,0.15058331647447568,287,75
612,沖ドキ!DUO,横ばい,準現役,30,0.011213047910295617,0.2095554632322393,287,103
613,沖ドキ!DUO-30,下降,準現役,30,-0.1296501769003706,0.16652259332023575,287,91
615,P Re:ゼロから始める異世界生活 鬼がかりver.,微減,準現役,30,-0.03027027027027027,0.18447623054270088,504,139
621,バーサスリヴァイズ,横ばい,準現役,30,-0.004383302987389574,0.6945784294809956,287,111
628,パチスロ ディスクアップ2,微減,準現役,30,-0.07789690326903748,0.4927980563429166,287,134
630,パチスロアラジンAクラシック,下降,準現役,30,-0.18262384970140058,0.14861351819757365,287,41
633,押忍!番長ZERO,微減,準現役,30,-0.04313056542355911,0.2311176656483725,287,104
642,ハナハナホウオウ～天翔～,微増,準現役,30,0.03188277599369274,0.4785522788203753,287,71
643,ハナハナホウオウ～天翔～-30,微増,準現役,30,0.0542176645716176,0.8674892250485929,168,183
650,SLOTマッピー,微減,準現役,30,-0.06641147220913116,0.43738733962464216,287,35
665,ニューパルサーDXⅢ,横ばい,準現役,30,0.02053803876193235,0.8020257826887661,287,38
670,沖ドキ!2-30,微減,準現役,30,-0.058682851343475485,0.6092927012791572,287,18
681,パチスロ この素晴らしい世界に祝福を!,微減,撤去検討期,20,-0.03434942994785411,0.3891561225556834,0,202
684,新ハナビ,横ばい,準現役,30,-0.012377577870448719,0.8373470948012233,196,96
705,PAコマコマ倶楽部with坂本冬美 99ver.,微減,準現役,30,-0.05610892808187876,0.2886843899113838,581,125
723,スーパーハナハナ2-30,横ばい,準現役,30,0.00130865107296678,0.759496442255063,77,121
724,ニューゲッターマウス,微減,準現役,30,-0.05485861531158886,0.2323207171314741,287,33
727,パチスロ 甲鉄城のカバネリ,下降,準現役,30,-0.10231116817699198,0.25026325026325025,287,98
740,黄門ちゃま喝2,下降,準現役,30,-0.1388977572032883,0.1514998485001515,287,62
744,パチスロ 新鬼武者2,下降,準現役,30,-0.1495006584723442,0.1836412798557909,287,77
747,PA新海物語 ARBB,微減,準現役,30,-0.03449600491702515,0.26997404095760025,245,65
764,パチスロペルソナ5,微減,準現役,30,-0.09278443872930785,0.15089025248968915,287,31
774,パチスロ バイオハザード RE:2,微減,準現役,30,-0.07999649138195693,0.18475906224425936,287,68
776,パチスロハードボイルド(2022年),微減,準現役,30,-0.08482397716460514,0.1819468024900962,287,32
783,ハッピージャグラーVⅢ,微減,撤去検討期,20,-0.03509166803077423,0.38814376402081047,0,184
795,花火絶景,下降,準現役,30,-0.30968054211035817,0.11063858063658714,287,16
798,Lパチスロ 革命機ヴァルヴレイヴ,微減,準現役,30,-0.03106495279860304,0.29484745463375867,224,132
799,L HEY!エリートサラリーマン鏡,微減,準現役,30,-0.05677476541247664,0.19189962579793088,287,31
816,沖ドキ!GOLD,微減,下降期,45,-0.043936731107205626,0.4323076923076923,0,172
817,沖ドキ!GOLD-30,微減,撤去検討期,20,-0.05301577938357174,0.36815642458100556,0,174
820,Pスーパー海物語IN沖縄5 夜桜超旋風 99ver.,横ばい,撤去検討期,20,-0.029473357635926418,0.30942857142857144,0,171
828,パチスロ モンスターハンターワールド:アイスボーン,下降,準現役,30,-0.1416107159476168,0.0993530903050966,287,42
830,P大海物語5 MTE2,微減,下降期,45,-0.03802355701089871,0.48375550660792954,0,168
831,P宇宙戦艦ヤマト2202 -ONLY ONE- LIGHT ver.,微減,撤去検討期,20,-0.03773584905660371,0.3644278606965174,0,137
841,パチスロ盾の勇者の成り上がり,下降,準現役,30,-0.40274091465904455,0.1181897113088778,287,14
849,パチスロ機動戦士ガンダムユニコーン,下降,準現役,30,-0.2022075133533263,0.07991259559856408,287,22
850,戦国コレクション5,下降,準現役,30,-0.22922072268175886,0.07605693647758657,287,36
851,P 009 RE:CYBORG ACCELERATOR EDITION 99ver.,横ばい,下降期,45,-0.016141029455519245,0.4177594604720869,0,162
854,キングハナハナ-30(2023年),横ばい,下降期,45,-0.022387944952717714,0.5912604857722463,0,163
858,Lスマスロ北斗の拳,微減,準現役,30,-0.04441294845717744,0.2801077921585,287,117
864,Lゴブリンスレイヤー,上昇,準現役,30,0.11553218701151059,0.30193200539164294,133,46
866,Pフィーバー炎炎ノ消防隊 G,横ばい,準現役,30,-0.02535694780369827,0.24534821903242957,658,68
868,アナザーゴッドハーデス-解き放たれし槍撃ver.-,下降,準現役,30,-0.22084485553542482,0.10583941605839416,287,18
870,L主役は銭形4,微減,準現役,30,-0.057893913315600065,0.22782478845196616,287,61
875,P北斗の拳 暴凶星 SFPA,微増,準現役,30,0.03930269413629166,0.2962630792227205,161,133
878,パチスロ 炎炎ノ消防隊,下降,準現役,30,-0.17003267587890242,0.1735665137614679,287,65
880,Lスロット ソードアート・オンライン,微増,撤去検討期,20,0.06736126412540527,0.3874782453478513,7,48
899,パチスロコードギアス 反逆のルルーシュ3 C.C.&Kallen ver.,微減,準現役,30,-0.03782361000937477,0.21623727881177227,287,31
906,Lパチスロ からくりサーカス,下降,準現役,30,-0.1541850220264317,0.2813375952790755,238,115
907,PA大海物語5 Withアグネス・ラム ARBC,微減,撤去検討期,20,-0.04049163537043355,0.39816861383012314,0,148
914,ゴーゴージャグラー3,横ばい,下降期,45,-0.026827881590418018,0.511035025216305,0,149
916,パチスロナイツ,横ばい,準現役,30,-0.004132909108800473,0.2160452527218539,287,27
917,PフィーバークィーンⅡ30th ANNIVERSARY EDITION V,微減,準現役,30,-0.0401340906974578,0.3370044052863436,63,21
919,パチスロ 戦国†恋姫,微減,準現役,30,-0.03327526473409156,0.4161641616416164,112,90
923,Lぱちスロ 乃木坂46,微減,準現役,30,-0.08598259954278577,0.18615704525200516,287,41
925,Lスマスロキン肉マン～7人の悪魔超人編～,微増,撤去検討期,20,0.06488351430252814,0.36173967199501766,14,53
936,P新世紀エヴァンゲリオン～未来への咆哮～,下降,準現役,30,-0.1563361785948785,0.45187601957585644,42,122
938,L戦国乙女4 戦乱に閃く炯眼の軍師,横ばい,撤去検討期,20,-0.005074690872703881,0.32625337404309923,7,98
943,パチスロ傷物語 -始マリノ刻-,下降,準現役,30,-0.5199436884091976,0.08562660361221512,287,12
944,ファミスタ回胴版!!,微減,準現役,30,-0.045098208132322536,0.29632856976879285,287,41
945,回胴式遊技機 グランベルム,下降,準現役,30,-0.13131631186255044,0.24272694130514036,287,31
946,L戦国コレクション5超極楽LOOP,下降,準現役,30,-0.10156262598571215,0.20551247118004612,287,53
947,L麻雀格闘倶楽部 覚醒,横ばい,準現役,30,-0.006496697057378441,0.2989931055007192,287,67
953,Lスマスロ転生したらスライムだった件,下降,準現役,30,-0.23499689743817037,0.1523085967530412,287,15
966,L ひぐらしのなく頃に 業,下降,準現役,30,-0.25794260146673365,0.4163361859041258,287,9
967,Lスマスロとある魔術の禁書目録,微減,準現役,30,-0.04743202416918429,0.2069899473930934,287,28
974,P真・北斗無双 第4章 下剋上闘 GRPJ,微減,準現役,30,-0.07976125881714596,0.3160621761658031,700,34
976,パチスロ交響詩篇エウレカセブン HI-EVOLUTION ZERO TYPE-ART,横ばい,準現役,30,0.019423544391711962,0.31889106265209716,203,64
979,e Re:ゼロから始める異世界生活 season2 M13,微増,準現役,30,0.059687441159856976,0.2430939226519337,168,99
982,LスマスロモンキーターンⅤ,微減,撤去検討期,20,-0.034687855982371354,0.3557701107348769,0,120
983,Lマジカルハロウィン8,微減,準現役,30,-0.043476333983336286,0.2098208586868644,287,37
984,Lラブ嬢3～Wご指名はいかがですか?～,微増,撤去検討期,20,0.0733556329339512,0.30196592398427263,7,74
985,L花の慶次～佐渡攻めの章～,下降,準現役,30,-0.1014370245139476,0.25963983600602003,700,29
988,P大海物語5 ブラック HCL,微減,撤去検討期,20,-0.0387021809081159,0.2961441213653603,0,116
989,クランキークレスト,微減,準現役,30,-0.07546506424598862,0.3776551560460425,287,77
991,L スマスロバジリスク～甲賀忍法帖～絆2 天膳 BLACK EDITION,微減,撤去検討期,20,-0.05282146531795774,0.26379224652087474,7,38
992,Pぱちんこ シン・エヴァンゲリオン Type レイ,微減,準現役,30,-0.04742317928865231,0.2558669400774664,413,67
996,ドラゴンハナハナ～閃光～-30,微減,下降期,45,-0.045500722692546,0.5608108108108109,0,126
997,パチスロ ファイヤードリフト,下降,準現役,30,-0.4305854110971684,0.1223083548664944,287,11
998,L 仮面ライダー 7RIDERS,微減,準現役,30,-0.07956666855235613,0.29888168309247815,714,25
999,Lスマスロ バイオハザード:ヴィレッジ,下降,準現役,30,-0.3787545904179668,0.13903771404559304,287,10
1000,Lパチスロ マクロスフロンティア4,下降,準現役,30,-0.1662100785812126,0.1429954497047149,287,18
1004,Pとある魔術の禁書目録2 JMZ,横ばい,準現役,30,-0.00041649312786332966,0.27432140283449435,672,29
1008,Pポチッと一発!おだてブタ2 V1,横ばい,下降期,45,-0.018962738219398815,0.4007464427338465,0,122
1011,P弾球黙示録カイジ沼5 V1U,下降,準現役,30,-0.15644654088050314,0.20080645161290323,623,34
1012,P真・花の慶次3 99ver.,微減,準現役,30,-0.0904143258426967,0.283288948069241,693,21
1013,L GⅠ優駿倶楽部黄金,下降,準現役,30,-0.12726398461291874,0.2523930560813369,287,32
1015,Lゴジラ対エヴァンゲリオン,微減,準現役,30,-0.06722107662253098,0.20021822149481724,287,50
1016,Lストライクウィッチーズ2,微減,準現役,30,-0.08540132596105976,0.30926638568199866,687,26
1017,Lスマスロ コードギアス 反逆のルルーシュ/復活のルルーシュ,下降,準現役,30,-0.3795221345386283,0.18694218083042297,287,10
1019,Lパチスロガールズ＆パンツァー 最終章,横ばい,準現役,30,-0.014335277746006328,0.3648031655844156,203,21
1023,P新世紀エヴァンゲリオン ～未来への咆哮～ PREMIUM MODEL,横ばい,準現役,30,0.0035699286014279717,0.3253012048192771,651,30
1025,P真・一騎当千～桃園の誓い～129ver.,微減,準現役,30,-0.08906781771395363,0.24799081515499427,553,38
1027,ワードオブライツⅡ,下降,準現役,30,-0.34462265161159833,0.18260586319218242,287,10
1029,Pニュートキオ GREEN V1,微減,準現役,30,-0.06515957446808511,0.44679891794409377,574,20
1030,Pルパン三世 THE FIRST 99ver.,横ばい,準現役,30,-0.021260997067448745,0.26489868891537544,392,54
1031,Lスマスロキングパルサー,下降,準現役,30,-0.27477040244904055,0.15802030456852792,287,18
1032,Lチバリヨ2,微減,撤去検討期,20,-0.050941256520752966,0.37883810662463996,0,115
1033,L南国育ち(2024年),下降,準現役,30,-0.1453004184327055,0.22698647390613877,287,23
1035,PLT OVERLORD魔導王光臨 ME,下降,準現役,30,-0.3957751201520062,0.22893821877507356,714,14
1039,P世紀末・天才バカボン～福神SPEC～ LTH-JH,微減,準現役,30,-0.07488986784140969,0.30494505494505497,658,24
1040,P北斗の拳 強敵 LT SSPA,微減,準現役,30,-0.03841567291311761,0.22792173453199366,448,48
1042,P緋弾のアリア ～緋緋神降臨～ ラッキートリガーVer.,下降,準現役,30,-0.17914244186046516,0.2792176039119804,658,25
1045,パチスロ ガメラ2,下降,準現役,30,-0.11936455287391441,0.3213750267723281,287,31
1047,Lスマート沖スロ ドラゴンハナハナ～閃光～,横ばい,準現役,30,-0.023842917251051855,0.42853187512978475,287,51
1048,L忍魂参 ～奥義皆伝ノ章～,下降,準現役,30,-0.1660505810706593,0.1596148504768077,287,19
1049,P sin 七つの大罪 強甘 2400Ver.,微減,準現役,30,-0.08127797770560864,0.2679948586118252,665,20
1050,P咲-Saki-全国編 テンパイ即リーver.,下降,準現役,30,-0.25715037149056474,0.28847481021394067,687,14
1052,Lうる星やつら(2024年),下降,準現役,30,-0.22432300400058092,0.12738382693539643,287,23
1053,Lスマスロ ゴールデンカムイ,下降,準現役,30,-0.13605433426377334,0.2504909348312554,56,18
1054,Lスマスロ ストライク・ザ・ブラッド,下降,準現役,30,-0.37371147644975417,0.20380868512301173,287,10
1056,Pひぐらしのなく頃に 輪廻転生 FM-JT,下降,準現役,30,-0.4234099902506165,0.24630816383393703,714,11
1057,Pバイオハザード RE:2 LTver.,下降,準現役,30,-0.20916586199212653,0.24021554169030063,623,25
1060,P大工の源さん超韋駄天2 極源LighT,下降,準現役,30,-0.19334593572778833,0.22006637732958897,623,25
1061,ジャグラーガールズSS,微減,下降期,45,-0.03230526789734354,0.40621670449807756,0,110
1062,L押忍!番長4,下降,準現役,30,-0.1193617843537791,0.16014278680452979,287,28
1063,P FAIRY TAIL これが七炎竜の力だ FSA,下降,準現役,30,-0.1844186437826014,0.31410450015101177,658,18
1064,PAハイスクール・フリート オールスター すい～とでハッピー!2400,下降,準現役,30,-0.10337258032328876,0.35155449265459515,658,18
1066,P牙狼11～冴島大河～XX MU,下降,準現役,30,-0.20912056544787275,0.2813593203398301,532,22
1068,e新・必殺仕置人 超斬撃199,下降,準現役,30,-0.19637951679932383,0.33323038912909203,672,16
1069,パチスロ ダンジョンに出会いを求めるのは間違っているだろうか2,下降,準現役,30,-0.3686987246194429,0.19025702022030305,287,12
1070,Pこの素晴らしい世界に祝福を! 199LT「このラッキートリガーに祝福を!」,微減,準現役,30,-0.0958694543600204,0.5021834061135371,693,13
1071,L ウルトラマンティガ,下降,準現役,30,-0.32555558474309126,0.38674066477649754,714,9
1073,Lパチスロ 炎炎ノ消防隊(2024年),微減,準現役,30,-0.03136343653834072,0.23567123990255162,287,36
1075,Pゴブリンスレイヤー ラッキートリガーVer,下降,準現役,30,-0.15818516247700798,0.2609898555179834,651,17
1076,Pフィーバー炎炎ノ消防隊 Light ver.,下降,準現役,30,-0.1059174540029836,0.3131373725254949,532,24
1078,P七つの大罪2 神千斬りVER.,下降,準現役,30,-0.31666666666666665,0.3097158891616977,721,7
1080,ニューパルサーSP4 with 太鼓の達人,下降,準現役,30,-0.12750820377642688,0.3576276415239858,287,17
1081,L ToLOVEるダークネス,微減,準現役,30,-0.041669228971675215,0.2624468948398492,287,59
1083,Lスマスロ痛いのは嫌なので防御力に極振りしたいと思います。,微減,準現役,30,-0.06683504266443219,0.29767441860465116,287,42
1084,L聖闘士星矢 海皇覚醒 CUSTOM EDITION,横ばい,撤去検討期,20,-0.01637672125573747,0.27779563719862227,21,26
1085,P ToLOVEるダークネス H1YZ5,下降,準現役,30,-0.13428212641272494,0.22707423580786026,567,24
1086,Pうる星やつら～Eternal Love Song～ L2-K,下降,準現役,30,-0.3443656758911286,0.2882758620689655,665,11
1087,Pギルティクラウン2 プレミアムライブチケット,下降,準現役,30,-0.11519050326983224,0.527007299270073,714,5
1088,Pクイーンズブレイド4 UNLIMITED V1D,下降,準現役,30,-0.2695740023572992,0.3386593920498831,693,8
1089,Pフィーバー三国戦騎 7500,下降,準現役,30,-0.26919010361598644,0.35581622678396874,687,8
1090,P頭文字D 2nd GFPG,横ばい,準現役,30,0.0,0.4975786924939467,728,3
1091,P魔法少女まどか☆マギカ3 LM3,下降,準現役,30,-0.1707122212561975,0.5750448028673835,651,13
1092,P魔王学院の不適合者 FMY,下降,準現役,30,-0.3450228748524203,0.3108587650816182,687,9
1093,アオハル♪操 A-LIVE,下降,準現役,30,-0.20923796530890665,0.19339779926642214,287,17
1094,Pラブ嬢 ～極嬢のハーレム体験～ H1YZ6,微減,準現役,30,-0.05924013090611586,0.7107039537126326,595,11
1095,沖ドキ!BLACK,微減,下降期,45,-0.035773083684460194,0.5419591089411047,0,98
1096,L アカメが斬る!2,横ばい,準現役,30,0.0,0.35305745914602005,687,4
1097,Lスマスロ真・北斗無双(2024年),下降,準現役,30,-0.41816426885744473,0.18704486428680553,287,11
1098,Lパチスロ 戦姫絶唱シンフォギア 正義の歌,下降,準現役,30,-0.31031828731113537,0.15604759061050116,287,15
1099,Pアズールレーン THE ANIMATION 異次元トリガー M4,下降,準現役,30,-0.24959488459685542,0.43845223700120917,651,8
1100,Pフィーバーありふれた職業で世界最強 Light ver.,横ばい,準現役,30,0.0,0.4803664921465969,687,4
1101,P花の慶次～傾奇一転 L-MX,下降,準現役,30,-0.3881315700237369,0.25277940315974257,651,8
1102,P貞子 FMD,微減,準現役,30,-0.04579539367970006,0.21199905145838274,406,42
1103,e花の慶次～傾奇一転 L2-MX,下降,準現役,30,-0.47691862301294874,0.23962765957446808,637,10
1104,ご～やちゃんぷる～-25,横ばい,準現役,30,0.0,0.622070534698521,693,3
1105,ご～やちゃんぷる～-30,横ばい,準現役,30,0.0,0.6709632709632709,693,3
1106,バハマ30(2024年),横ばい,準現役,30,0.0,0.504730956704578,687,4
1107,Lスマスロ ゴッドイーター リザレクション,微増,準現役,30,0.056654089163798965,0.43619149219895986,168,69
1108,Lスロット ゾンビランドサガ,微減,準現役,30,-0.03890818117321982,0.350519357884797,49,28
1109,L賞金首Angel,横ばい,準現役,30,0.0,0.6643603709701162,687,2
1110,PAこの素晴らしい世界に祝福を! 「このゆる甘99に祝福を!」,下降,準現役,30,-0.1357636706473916,0.42240325865580447,658,5
1111,ミスタージャグラー,横ばい,下降期,45,-0.027910124278698933,0.42424673109721434,0,95
1112,L D4DJ Pachi-Slot Mix,下降,準現役,30,-0.11511373052147654,0.45955344070278187,644,5
1113,Lスマスロ ゲゲゲの鬼太郎 覚醒,下降,準現役,30,-0.3219843714878819,0.1566828566288901,287,14
1114,Lスマスロ トロピカーナ(2024年),横ばい,準現役,30,0.0,1.0,672,1
1115,Lワンパンマン,下降,準現役,30,-0.3052446074554825,0.3425320213292287,630,7
1116,PAスーパー海物語 IN 地中海2 HLA,下降,準現役,30,-0.28048052763819104,0.39807897545357523,609,9
1117,Pフィーバー機動戦士ガンダムユニコーン 再来 -白き一角獣と黒き獅子- S,下降,準現役,30,-0.3699158968702606,0.2687027178481367,623,8
1118,P百花繚乱 ご奉仕129ver.,横ばい,準現役,30,0.0,0.4912559618441971,651,4
1119,eフィーバー機動戦士ガンダムユニコーン 再来 -白き一角獣と黒き獅子- R,下降,準現役,30,-0.15076307601126096,0.19362084456424078,462,29
1120,e北斗の拳10 GHEG,微減,準現役,30,-0.04748283752860417,0.2551834130781499,518,22
1121,Pドラムだ!金ドン 花火外伝 MP,下降,準現役,30,-0.2449848024316109,0.23237982895900913,567,15
1122,Pバンドリ! H1YZ4,下降,準現役,30,-0.4215354624161458,0.20932697403285638,581,12
1123,Pリング 呪いの7日間3 ラッキートリガーVer.,下降,準現役,30,-0.15570532186846386,0.33636363636363636,532,17
1124,P七つの美徳 ゴールデンエンジェルタイム スイート99Ver.,横ばい,準現役,30,0.0,0.4375821287779238,644,4
1125,デジハネP交響詩篇エウレカセブン ANEMONE 99ver.,下降,準現役,30,-0.2721954576737784,0.3497076023391813,630,6
1126,L A-SLOT+ この素晴らしい世界に祝福を!,下降,準現役,30,-0.29550958069993877,0.2160608802086105,287,14
1127,Lパチスロ かぐや様は告らせたい,微減,準現役,30,-0.03178972773210649,0.32004076387965796,49,82
1128,Lパチスロ閃乱カグラ2 SHINOVI MASTER,下降,準現役,30,-0.15128969446380927,0.2070659455167965,287,23
1129,PAコマコマ倶楽部with坂本冬美 99確変ループver.,下降,準現役,30,-0.11728968019576412,0.5557704706640877,553,13
1130,PAフィーバーかぐや様は告らせたい Light ver.,下降,準現役,30,-0.2687834594794167,0.382842509603073,602,8
1131,Pとある科学の超電磁砲2 JMB,下降,準現役,30,-0.3893041978148361,0.29802955665024633,532,11
1132,Pルパン三世 銭形からの招待状 77Sweet Ver.,微減,準現役,30,-0.09564432778279053,0.41478129713423834,532,17
1133,e 仮面ライダー電王 KL12,下降,準現役,30,-0.12326085436621684,0.21049987440341622,518,19
1134,eキョンシー ライトミドル 新CタイムVer.,横ばい,準現役,30,0.0,0.5213987473903967,637,3
1135,eゴッドイーター TRIPLE BURST MJ,下降,準現役,30,-0.11313947615268052,0.38528557599225555,532,17
1136,パチスロL黄門ちゃま天,下降,準現役,30,-0.1347921246115364,0.39402893197907046,623,5
1137,P アズールレーン THE ANIMATION 異次元トリガー M4,下降,準現役,30,-0.10308093194359294,0.5421621621621622,413,22
1138,P 新世紀エヴァンゲリオン ～未来への咆哮～ PREMIUM MODEL,横ばい,準現役,30,-0.020371299548419396,0.5765625,266,35
1139,P 百花繚乱 ご奉仕129ver.,微減,準現役,30,-0.07836260441207961,0.734468085106383,567,9
1140,P 魔法少女まどか☆マギカ3 LM3,横ばい,準現役,30,0.028840662478583665,0.41836734693877553,315,46
1141,P DD北斗の拳3 V1C,横ばい,準現役,30,0.0,0.586453744493392,623,3
1142,PAワンパンマン 99ver.,横ばい,準現役,30,0.0,0.6160409556313993,623,3
1143,Pいくさの子 織田三郎信長伝 GFPF,横ばい,準現役,30,0.0,0.3503016591251885,616,4
1144,Pメイドインアビス 虹の黄金域 MR,横ばい,準現役,30,0.0,0.30849532037437005,616,4
1145,P攻殻機動隊SAC_2045 199LTver.,下降,準現役,30,-0.4060836758067776,0.23662790697674418,581,9
1146,パチスロハイパーラッシュ(2024年),下降,準現役,30,-0.10575351079438276,0.3365523622274909,287,34
1147,P大海物語4スペシャル BLACK SCA,微減,成熟期,90,-0.046475719910445405,0.818796992481203,0,78
1148,L 真・一騎当千,下降,準現役,30,-0.10059914612707638,0.2679056074336446,287,29
1149,Lスマスロ 鬼武者3(2024年),下降,準現役,30,-0.4027360911740397,0.12341834717279557,287,7
1150,Lスマスロ頭文字D 2nd,下降,準現役,30,-0.17010393482122804,0.21835972071983478,287,15
1151,L今日から俺は!! パチスロ編,下降,準現役,30,-0.21593277047849188,0.18461826522492158,287,15
1152,P CYBORG009 RULE OF SACRIFICE VS SCARL BODY EDITION 199,下降,準現役,30,-0.34430082256169214,0.33899821109123435,567,8
1153,P 宇宙戦艦ヤマト2202 超波動 G,横ばい,準現役,30,0.0,0.40930979133226325,595,4
1154,PAわんわんパラダイスCELEBRATION AGBD,横ばい,下降期,45,-0.029812206572769954,0.5027675276752768,0,75
1155,Pフィーバー革命機ヴァルヴレイヴ3 Light ver.,横ばい,準現役,30,0.0,0.5067264573991032,595,4
1156,Pルパン三世 ONE COLLECTION H1YZ4,下降,準現役,30,-0.20776189086664726,0.2807244501940492,490,16
1157,P中森明菜・歌姫伝説～BLACK DIVA 愛～ KD-NS,下降,準現役,30,-0.12224982256919807,0.2951310861423221,231,27
1158,e 乃木坂46 Ⅱ K4,下降,準現役,30,-0.42896867588124643,0.23852327447833066,567,8
1159,P大海物語4スペシャル E,横ばい,準現役,30,0.0,1.0,609,1
1160,Lスロット Re:ゼロから始める異世界生活 season2,下降,準現役,30,-0.4514796010192386,0.09321558732828708,287,11
1161,P弾球黙示録カイジ沼5 ざわっ・・・79Ver.,微減,撤去検討期,20,-0.03174722871578318,0.3868561278863233,0,82
1162,P江頭2:50inナナシーLT V3,下降,準現役,30,-0.34039634146341463,0.3559375,532,10
1163,L 新・必殺仕置人 回胴 CRASH SPEC,下降,準現役,30,-0.22859074519230768,0.3835372225978976,553,6
1164,Lバンドリ!,下降,準現役,30,-0.29515801145814086,0.3807683815411791,91,9
1165,Pモンスターハンターライズ GRPG,下降,準現役,30,-0.3231139646869984,0.2924200278164117,518,10
1166,Pラブ嬢 ～極嬢のハーレム体験～ 129ver.,下降,準現役,30,-0.2587220959764738,0.4010840108401084,504,12
1167,Pリング 呪いの7日間3 甘デジver.,下降,準現役,30,-0.1280353200883002,0.4457420924574209,560,5
1168,P大海物語5スペシャル ALTA,微減,成熟期,90,-0.060868523988185465,0.6617229409908488,0,80
1169,P義風堂々!!～兼続と慶次～3 199ver.,下降,準現役,30,-0.24238986575912272,0.47835497835497837,532,8
1170,P転生したらスライムだった件 NB,下降,準現役,30,-0.40467179955630955,0.32824829037348763,532,8
1171,e スマパチ SSSS.GRIDMAN XVSM,下降,準現役,30,-0.11140629312724262,0.37708830548926014,560,5
1172,eフィーバーからくりサーカス2 魔王ver.,下降,準現役,30,-0.1987780929522147,0.30398936170212765,168,45
1173,e大海物語5スペシャル ELTA4,横ばい,下降期,45,0.0027655562539283013,0.5425531914893617,0,72
1174,Lスマスロ モンスターハンターライズ,微増,準現役,30,0.05802867137663763,0.4094243910619209,168,52
1175,Lスマート沖スロ 超華祭,横ばい,準現役,30,0.0,0.513627254509018,560,3
1176,Lダブルアタック2 withOZS-1000＆RAPHAEL,横ばい,準現役,30,0.0,0.6859326691858468,567,2
1177,P にゃんこ大戦争 多様性のネコ M4,下降,準現役,30,-0.11070988920804262,0.2137366724522688,329,33
1178,PA銀河英雄伝説 Die Neue These 遊パチスペック,下降,準現役,30,-0.14397357396068322,0.40644171779141103,546,5
1179,L 犬夜叉2,下降,準現役,30,-0.3859464339452302,0.10124304874059535,287,7
1180,Lスマスロ 聖戦士ダンバイン,下降,準現役,30,-0.37023688785859166,0.16113449397359864,287,13
1181,Lルパン三世 大航海者の秘宝,下降,準現役,30,-0.22232472324723251,0.24402098070352726,287,18
1182,L桃太郎電鉄 ～パチスロも定番!～,下降,準現役,30,-0.4164715841849295,0.1846291065854021,287,11
1183,P ToLOVEるダークネス 199ver.,下降,準現役,30,-0.34350121511774073,0.32719067318540807,504,8
1184,P ゴジラ対エヴァンゲリオン セカンドインパクト G R,下降,準現役,30,-0.41967603954841876,0.24702467343976778,504,8
1185,Pえとたま2 神祭 MY,横ばい,準現役,30,0.0,0.5386119257086999,532,4
1186,Pフィーバー機動戦士ガンダムSEED LT-Light ver.,下降,準現役,30,-0.13358579263515277,0.3740425531914894,525,5
1187,P盾の勇者の成り上がり GFPC,下降,準現役,30,-0.34538956397426734,0.3404539385847797,504,8
1188,P真・一騎当千～桃園の誓い～ 199LTver.,下降,準現役,30,-0.3041538211909784,0.3498161013485901,490,9
1189,e大工の源さん超韋駄天2 フルスイングLT,横ばい,準現役,30,0.0,0.5263846489315307,532,4
1190,ウルトラミラクルジャグラー,微減,下降期,45,-0.030440270250204238,0.4613226661125253,0,77
1191,沖ドキ!ゴージャス,横ばい,成熟期,90,-0.027021306617750873,0.7098751418842225,0,77
1192,沖ドキ!ゴージャス-30,微減,成熟期,90,-0.03260772193854698,0.6908366037500778,0,77
1193,Lスマスロ 一方通行 とある魔術の禁書目録,下降,準現役,30,-0.3423845899528441,0.13507545086492456,287,6
1194,Lスーパービンゴネオ(2024年),微減,準現役,30,-0.044266487007916265,0.29569260068335856,56,35
1195,Lパチスロ ダンベル何キロ持てる?,下降,準現役,30,-0.32291994709327965,0.18766784831883124,287,10
1196,P STEINS；GATE 0 L2-K,下降,準現役,30,-0.40803413772807534,0.26655583264062066,476,10
1197,e ゴジラ対エヴァンゲリオン セカンドインパクト G～破壊神覚醒～ bA,下降,準現役,30,-0.31438370401163995,0.3030095759233926,504,6
1198,e ソードアート・オンライン 閃光の軌跡 K7,下降,撤去検討期,20,-0.10448598130841115,0.1999490575649516,0,39
1199,L サラリーマン金太郎(2025年),下降,準現役,30,-0.4382560854162246,0.14512645774343716,287,12
1200,Lチバリヨ2プラス,横ばい,下降期,45,-0.00924100356696723,0.4441615750169722,28,29
1201,PA世紀末・天才バカボン～神SPEC凱旋～ 99ver.,下降,準現役,30,-0.13328118623316557,0.41304347826086957,497,5
1202,PLTジューシーハニー極嬢 MA,下降,準現役,30,-0.3072335127319464,0.32131901840490795,469,9
1203,Pネオモンスターハウス 99Ver.,横ばい,準現役,30,0.004158004158004158,0.6486796785304249,315,30
1204,P世界最高の暗殺者、異世界貴族に転生する JMB,下降,準現役,30,-0.29442508710801396,0.3065784029788995,462,9
1205,P戦国乙女7 終焉の関ケ原 L9YY7,下降,準現役,30,-0.16931874689209347,0.21960264900662252,350,22
1206,P清流物語4 ヌシを求めて4000匹 HLC,下降,準現役,30,-0.34681393372982156,0.3138394478750454,441,12
1207,e ULTRAMAN 2400★80,横ばい,準現役,30,0.0,0.35809128630705395,504,4
1208,eぱちんこ押忍!番長 漢の頂 L09,上昇,準現役,30,0.1176582943367395,0.17525773195876287,140,50
1209,eフィーバー戦姫絶唱シンフォギア4 キャロルver.,下降,準現役,30,-0.3411275283316597,0.33137920394939835,476,8
1210,スターハナハナ-30,微減,下降期,45,-0.07454970438608552,0.4015485046303325,0,55
1211,L A-SLOT+ ディスクアップ ULTRAREMIX,横ばい,下降期,45,-0.002884342718249891,0.43217761557177614,0,47
1212,L にゃんこ大戦争 超神速,下降,準現役,30,-0.3981306066118813,0.13318031114511605,287,8
1213,Lスマート沖スロ スターハナハナ,微減,準現役,30,-0.05868630166946122,0.3636209142921883,287,22
1214,Lパチスロ シン・エヴァンゲリオン,下降,準現役,30,-0.3933499643620812,0.11045914625201701,287,7
1215,L七つの魔剣が支配する,微減,準現役,30,-0.08072693336023815,0.2589190798146022,84,42
1216,L島娘(2025年),下降,準現役,30,-0.2572990338562199,0.30290850628471205,287,11
1217,PA花の慶次 裂 99ver.,下降,準現役,30,-0.2993584135316419,0.3399765533411489,441,10
1218,Pゲゲゲの鬼太郎 獅子奮迅 99ver.,下降,準現役,30,-0.13899526920477584,0.37473535638673255,413,15
1219,Pハネモノ ファミリースタジアム MD,微減,撤去検討期,20,-0.0668390961067248,0.2822222222222222,0,57
1220,Pブラックラグーン4 EXTRA BULLET 129ver.,下降,準現役,30,-0.28437038032522505,0.2958827634333566,427,13
1221,P花の慶次 裂 蓮極129ver.,下降,準現役,30,-0.35035621546041684,0.29557007988380535,441,11
1222,L 東京喰種,微減,下降期,45,-0.06537147736976943,0.4432260494705562,0,69
1223,Lスマスロ シャーマンキング,微減,撤去検討期,20,-0.03842830847826904,0.30561854371378183,7,54
1224,Lスマスロスーパーブラックジャック(2025年),微減,準現役,30,-0.043699264092254005,0.2715198074787116,84,50
1225,Lパチスロ ありふれた職業で世界最強,下降,準現役,30,-0.304000710535665,0.2148623244498507,287,13
1226,P 冬のソナタ My Memory M7,下降,準現役,30,-0.2414385195077745,0.404951741502308,455,7
1227,PLT OVERLORD魔導王光臨 129ver.,微減,準現役,30,-0.08293944813490035,0.4848920863309353,469,5
1228,Pとある魔術の禁書目録2 Light PREMIUM 2000 ver.,微減,準現役,30,-0.09237668161434978,0.2761521580102414,231,35
1229,Pぱちんこ シン・エヴァンゲリオン 129 LT ver.,下降,準現役,30,-0.11835857002060753,0.2565789473684211,266,32
1230,Pフィーバー戦姫絶唱シンフォギア4 199ver.,下降,準現役,30,-0.33423365314843184,0.3013698630136986,441,9
1231,P愛の不時着 MF,横ばい,準現役,30,0.0,0.532197977647685,483,3
1232,eルパン三世 ONE COLLECTION 超ブチヌキLT ver.,下降,準現役,30,-0.3393132716049383,0.37549096622152395,413,12
1233,e蒼天の拳 羅龍 SREN,下降,準現役,30,-0.38414634146341464,0.25111573936328474,427,11
1234,e閃乱カグラ LTM-JF,下降,準現役,30,-0.318569151544875,0.3377808988764045,413,11
1235,Pクイーンズブレイド4 ナナエルver.,横ばい,準現役,30,-0.0013285253368759986,0.29847328244274807,287,23
1236,Pデビルマン THE FINAL N4-S,下降,準現役,30,-0.2486962190352021,0.37924151696606784,441,6
1237,P緋弾のアリア ～緋緋神降臨～ 199Ver.,下降,準現役,30,-0.37039420756234914,0.250241235123834,434,8
1238,L Sister Quest(2025年),下降,準現役,30,-0.3495359722936226,0.21575880415505447,287,11
1239,L スマスロ バイオハザード5(2025年),下降,準現役,30,-0.12006165520512209,0.24761541396413583,280,27
1240,Lてぃだどんどん,横ばい,準現役,30,0.0,0.7030677944703951,462,2
1241,L回胴黙示録カイジ 狂宴,下降,準現役,30,-0.3647089848900696,0.2050112801804829,287,14
1242,L少女☆歌劇 レヴュースタァライト -The SLOT-,横ばい,撤去検討期,20,-0.004007075162685028,0.3149137132012182,21,56
1243,P FAIRY TAIL 89Ver.,下降,準現役,30,-0.11300997727946267,0.27360308285163776,231,27
1244,P リングにかけろ1 L5-S,横ばい,準現役,30,0.0,0.4572384137601529,455,3
1245,P 俺の妹がこんなに可愛いわけがない。 M3,横ばい,準現役,30,0.0,0.3427480916030534,448,4
1246,PA大海物語5 ブラック LT99ver.,横ばい,下降期,45,0.002305405569374463,0.5349452210049113,0,64
1247,Pバンドリ! Light ver.,下降,準現役,30,-0.12397747083277458,0.4491259524876737,441,5
1248,eフィーバーダンジョンに出会いを求めるのは間違っているだろうか2 G,下降,準現役,30,-0.1603784536800557,0.3783592644978784,441,5
1249,L 仮面ライダー電王,下降,準現役,30,-0.19492795075045624,0.12145098339328078,287,5
1250,P モモキュンソード 速撃3000+,下降,準現役,30,-0.32780806542130997,0.35449063789273244,413,7
1251,PAひぐらしのなく頃に 輪廻転生 99Ver.,下降,準現役,30,-0.3340233804188991,0.3125,378,12
1252,PA魔王学院の不適合者 魔王再臨 99Ver,下降,準現役,30,-0.24394107397433862,0.28499222395023327,322,14
1253,Pうまい棒2 V3,横ばい,準現役,30,0.016711016498137266,0.23293396489272777,175,36
1254,Pうる星やつら～Eternal Love Song～ 129ver.,下降,準現役,30,-0.23456854377016756,0.46512641673932,413,7
1255,e真・北斗無双 第5章 ドデカSTART,下降,準現役,30,-0.13740326741186581,0.16212303980699638,266,23
1256,Lうしおととら白面決戦VH,横ばい,準現役,30,0.0,0.10679677441214339,287,4
1257,Lゴジラ(2025年),下降,準現役,30,-0.24692489687720648,0.2999944711671366,287,7
1258,Lスマスロ マギアレコード 魔法少女まどか☆マギカ外伝,微減,撤去検討期,20,-0.08125057265314015,0.2962412226352747,7,59
1259,Lスマート沖スロ アメイジングライブ,横ばい,準現役,30,0.0,0.6786405316732566,427,2
1260,Pアナザーゴッドハーデス-獄炎- SB,下降,準現役,30,-0.2566228731423648,0.2828474062854979,399,6
1261,Pフィーバーうたわれるもの 199ver.,下降,準現役,30,-0.3373428102788409,0.32018927444794953,385,8
1262,P少女☆歌劇 レヴュースタァライト ラッキートリガー4500,微減,準現役,30,-0.08020859200397318,0.30076230076230076,322,16
1263,e シン・ウルトラマン K3,下降,準現役,30,-0.28048558697826675,0.23654211526282456,399,6
1264,eフィーバーうたわれるもの Z,横ばい,準現役,30,0.0,0.42874743326488707,413,4
1265,e牙狼 神速神撃3000LT,下降,準現役,30,-0.4901423609412456,0.22192584689250466,350,12
1266,Lスマスロ アイドルマスター ミリオンライブ! ネクストプロローグ,下降,準現役,30,-0.18773983529513222,0.13925141590741197,287,5
1267,L吉宗(2025年),横ばい,準現役,30,-0.008788590168575734,0.2835990390915047,140,38
1268,L麻雀物語(2025年),下降,準現役,30,-0.40763663472440087,0.21191175078117602,287,12
1269,Pゾンビランドサガ SCPC,下降,準現役,30,-0.3867480815248783,0.2640722724113968,357,8
1270,P痛いのは嫌なので防御力に極振りしたいと思います。 FHZ,下降,準現役,30,-0.3693126421839454,0.3125904486251809,350,9
1271,e 東京喰種 W,横ばい,下降期,45,-0.003963963963963964,0.4727230698104484,0,57
1272,Lスマスロ ようこそ実力至上主義の教室へ,下降,準現役,30,-0.28528757883274597,0.15547034510233554,287,6
1273,Lスマスロ 緑ドン VIVA!情熱南米編 REVIVAL,下降,準現役,30,-0.3815744657474043,0.1915647447097651,287,8
1274,Lパチスロ 機動戦士ガンダムSEED,下降,準現役,30,-0.2924118816023428,0.15205171444631815,287,6
1275,P ToLOVEるダークネス 100ver.,下降,準現役,30,-0.12912157060156054,0.391701244813278,378,5
1276,P 宇宙戦艦ヤマト2202 超波動 森雪 199LT ver.,横ばい,準現役,30,0.0,0.4880195599022005,385,4
1277,P 織田信奈の野望 下剋上 V1D,下降,準現役,30,-0.3080701754385965,0.3114001530221882,350,7
1278,PLT世界でいちばん強くなりたい!2 MQ,横ばい,準現役,30,0.0,0.39771030363364857,385,4
1279,Pフィーバー機動戦士ガンダムユニコーン再来 129ver.,横ばい,準現役,30,0.0,0.7108378870673953,392,3
1280,P乗物娘 with CYBER JAPAN DANCERS 2nd season LM3,横ばい,準現役,30,0.0,0.5240328253223916,385,4
1281,P攻殻機動隊SAC_2045 大入りLTver,下降,準現役,30,-0.2802676941796796,0.3636748518204911,357,7
1282,P海物語 極JAPAN HTH,下降,準現役,30,-0.15175879396984926,0.24528301886792453,231,23
1283,e 仮面ライダーBLACK KRJ2,下降,準現役,30,-0.359204618345093,0.25191570881226055,357,7
1284,デジハネP北斗の拳 慈母 SSPC,微減,撤去検討期,20,-0.04628717746700801,0.2765957446808511,0,52
1285,P【超甘LT】江頭2:50inナナシー 奇跡の99%,横ばい,準現役,30,0.0,0.8,385,3
1286,L ToLOVEるダークネス TRANCE ver.8.7,横ばい,撤去検討期,20,-0.014906260179953454,0.35981921562910046,0,52
1287,L花笠,下降,準現役,30,-0.21608278174534057,0.2291970802919708,287,5
1288,Pフィーバー機動戦士ガンダムユニコーン 再来 129ver.,微減,準現役,30,-0.04310344827586207,0.6689922480620155,336,7
1289,L ULTRAMAN,横ばい,準現役,30,0.0,0.19384564752344907,287,2
1290,L スマスロ デビル メイ クライ 5 スタイリッシュトライブ,下降,準現役,30,-0.1526767334518162,0.27284408203607613,238,19
1291,LBスマスロニューパルサーBT,下降,準現役,30,-0.19062210915818686,0.2375672483925994,287,5
1292,LBパチスロ1000ちゃんA,下降,準現役,30,-0.16213075652865272,0.2663080442713164,287,5
1293,LBプレミアムうまい棒,下降,準現役,30,-0.21838818398096743,0.2831227729186913,287,6
1294,LB翔べ!ハーレムエース,下降,準現役,30,-0.3473229021345662,0.3408048612703508,287,11
1295,Lいざ!番長,微減,準現役,30,-0.0786862264056477,0.30105477188969376,140,32
1296,Lスマスロ ギルティクラウン2,下降,準現役,30,-0.3323404255319149,0.19144541286714695,287,7
1297,P DD北斗の拳3 百突99ver.,下降,準現役,30,-0.15963855421686743,0.4550964187327824,336,6
1298,PA海物語3R3 LBA(クリスタルシェル),横ばい,準現役,30,0.0,0.5748074807480749,357,3
1299,PLT激デジ ジューシーハニー極嬢 77LT-ARB,下降,準現役,30,-0.19709923664122134,0.4412247129579005,273,12
1300,Pフィーバーマクロスフロンティア5 LT-Light ver.,下降,準現役,30,-0.15183351177730198,0.4584837545126354,329,6
1301,P緋弾のアリア ～緋緋神降臨～ 88Ver.,下降,準現役,30,-0.21231296061937016,0.38796477495107634,287,12
1302,e 新・必殺仕置人S 超斬撃99,下降,準現役,30,-0.14300444162436549,0.45408678102926336,343,5
1303,eフィーバー彼女、お借りします H,下降,準現役,30,-0.34155175700578255,0.27627118644067794,287,11
1304,e冴えない彼女の育てかた LX04,下降,準現役,30,-0.23204461338401516,0.36634050880626223,329,7
1305,e範馬刃牙 XAM2,下降,準現役,30,-0.3747968360602449,0.22394933793897526,301,10
1306,デジハネPモンスターハンターライズ GSPB,横ばい,準現役,30,0.0,0.5036303630363036,350,4
1307,L 絶対衝激～PLATONIC HEART～,下降,準現役,30,-0.29054295232807165,0.1677235667141193,287,6
1308,デカスタP戦国無双 HM3,下降,準現役,30,-0.3013387218994696,0.41800391389432484,315,8
1309,LBアレックス ブライト,微減,準現役,30,-0.06796528486416042,0.3972858440117042,56,37
1310,LBパチスロ ヱヴァンゲリヲン ～約束の扉～,下降,準現役,30,-0.18502164750408578,0.3059870093194013,231,16
1311,Lわたしの幸せな結婚,下降,準現役,30,-0.32396945178668707,0.4088355604035997,287,9
1312,PA CYBORG009 RULE OF SACRIFICE LT99Ver,下降,準現役,30,-0.27103178582171866,0.36743119266055047,287,8
1313,PAフィーバー機動戦士ガンダムユニコーン 再来 99ver.,横ばい,準現役,30,0.0,0.5372398685651698,322,4
1314,Pドラムだ!金ドン 花火外伝 99ver.,横ばい,準現役,30,0.0,0.49095890410958903,322,4
1315,e 犬夜叉3.0 LTM-TS,横ばい,準現役,30,0.0,0.5289719626168224,329,3
1316,eフィーバー炎炎ノ消防隊2 シンラver.,下降,準現役,30,-0.45570035951327437,0.2425636307881018,280,9
1317,eフィーバー炎炎ノ消防隊2 紅丸ver.,下降,準現役,30,-0.3491179201485608,0.2139885595423817,231,15
1318,e一方通行 とある魔術の禁書目録 JKZ,下降,準現役,30,-0.2687951295483505,0.23467697404748758,231,15
1319,e冒険島 EHLC2,横ばい,準現役,30,0.0,0.5714982918496828,322,4
1320,e東京リベンジャーズ GFEC,微減,準現役,30,-0.06170628459785081,0.2804822565969063,168,23
1321,ハイビリターン-30,微減,下降期,45,-0.038463719142277246,0.47539902387547817,0,48
1322,PAコマコマ倶楽部with坂本冬美 89STver.,下降,準現役,30,-0.1721311475409836,0.4915079773546063,287,6
1323,e マギアレコード 魔法少女まどか☆マギカ外伝 KRJ1,下降,準現役,30,-0.21789447486311597,0.23085106382978723,294,5
1324,デカスタe花の慶次～傾奇一転 H6,下降,準現役,30,-0.37208974840405556,0.27356624917600525,280,7
1325,L アズールレーン THE ANIMATION,下降,撤去検討期,20,-0.13539175107635354,0.3480095039518984,14,42
1326,L ダーリン・イン・ザ・フランキス,下降,準現役,30,-0.21905502624927084,0.37844595861724073,266,8
1327,LBマタドールⅢ,下降,準現役,30,-0.1126825978520894,0.5603017279186037,287,5
1328,Lパチスロ 転生したら剣でした,下降,準現役,30,-0.28665464195380846,0.36470588235294116,245,10
1329,L咲-Saki- 頂上決戦,下降,準現役,30,-0.22807711808861902,0.3678208707014314,266,8
1330,Pクイーンズブレイド奈落 5400,横ばい,準現役,30,0.0,0.4703389830508475,287,4
1331,Pフィーバー戦姫絶唱シンフォギア4 LT-Light ver.,下降,準現役,30,-0.11604960622793524,0.3572041166380789,203,15
1332,Pフィーバー戦姫絶唱シンフォギア4 Light ver.,下降,準現役,30,-0.28767960868236014,0.35955576122165667,238,8
1333,eシャーマンキング MH,下降,準現役,30,-0.17395167022032693,0.3294216261525566,280,5
1334,eシャーマンキング でっけぇえなver.,下降,準現役,30,-0.40328556306489693,0.24126113776559288,245,9
1335,e牙狼12黄金騎士極限 XX-MJ,微減,下降期,45,-0.04904632152588556,0.43167860798362334,0,43
1336,e真・一騎当千～軍神覚醒～ 319大入りver.,微減,撤去検討期,20,-0.05954639175257726,0.25936277249860257,0,43
1337,e黄門ちゃま寿限無 LLサイズ 9HC3,下降,準現役,30,-0.11158312092891533,0.38714672861014326,168,16
1338,e GODZILLA7 TYPE-CRASH,下降,準現役,30,-0.15367989989762257,0.32159210989785136,273,5
1339,e女神のカフェテラス JLZ,下降,撤去検討期,20,-0.10197152245345013,0.36040748898678415,0,25
1340,LBトリプルクラウン(2025年),横ばい,準現役,30,0.0,1.0,287,1
1341,もっと!クレアの秘宝伝～女神の歌声と太陽の子供達～,横ばい,準現役,30,0.0,1.0,287,1
1342,ドンちゃん2(2019年),横ばい,準現役,30,0.0,1.0,287,1
1343,ネオアイムジャグラーEX,横ばい,下降期,45,-0.028754097825909736,0.5481071295458175,0,41
1344,LBクレアの秘宝伝 ～はじまりの扉と太陽の石～ ボーナストリガーver.,微減,撤去検討期,20,-0.07036736422345344,0.2969309932922907,0,34
1345,Lスマスロ ドルアーガの塔,下降,準現役,30,-0.26608208680274115,0.40641639145379793,224,8
1346,Lスマスロ 東京リベンジャーズ,微減,準現役,30,-0.05766469786460706,0.3184110141623186,154,17
1347,P FAIRY TAIL 超一夜Ver.,下降,準現役,30,-0.28025682182985556,0.3688107357704766,224,8
1348,P アズールレーン THE ANIMATION 異次元トリガー 79ver.,横ばい,撤去検討期,20,-0.021793103448275862,0.35277207392197124,21,36
1349,PAぱちんこ シン・エヴァンゲリオン PREMIUM MODEL,横ばい,準現役,30,0.0,0.48568019093078757,251,4
1350,P戦国乙女7 終焉の関ケ原 LLサイズ 299ver.,下降,準現役,30,-0.142819956616052,0.2490693739424704,77,20
1351,SLOTドルアーガの塔,下降,準現役,30,-0.2740287956417407,0.38255211791262783,217,9
1352,eパリピ孔明 NB,横ばい,準現役,30,0.0,0.6552335895919574,273,2
1353,eフィーバーブルーロック MZ,微減,準現役,30,-0.05021936696960195,0.3498163322972591,168,15
1354,デジハネP 頭文字D せかんど GCPC,横ばい,準現役,30,0.0,0.4404973357015986,251,4
1355,LBマジカルハロウィン ボーナストリガー,下降,準現役,30,-0.26597693985665316,0.4117447616464366,203,9
1356,P【超甘LT】豊丸のとあるパチンコにしみけん参戦 感度UP1/39,横ばい,準現役,30,0.0,1.0,266,1
1357,Pルパン三世 ONE COLLECTION 100ver.,微減,準現役,30,-0.06312211701869386,0.38821954484605087,154,15
1358,デカスタPデビルマン THE FINAL 179ver.,横ばい,準現役,30,0.0,1.0,266,1
1359,Lスマスロ バベル(2025年),横ばい,準現役,30,0.0,0.6549800055798382,245,2
1360,Lスマスロ 新鬼武者3,下降,準現役,30,-0.18746284089440352,0.3312317251461988,126,18
1361,L主役は銭形5,下降,準現役,30,-0.16435587533853435,0.3342296179798082,119,18
1362,P 冬のソナタ My Memory SWEET Version,横ばい,準現役,30,0.0,0.6015180265654649,231,4
1363,PAフィーバーダンジョンに出会いを求めるのは間違っているだろうか2 LT-Light ver.,横ばい,準現役,30,0.0,0.5188888888888888,231,4
1364,Pスーパー海物語IN沖縄6 LTP,微減,撤去検討期,20,-0.07492478168342266,0.3842016806722689,0,34
1365,e ベルセルク無双 第2章 H3,横ばい,準現役,30,0.0,0.4000918695452457,231,4
1366,e 聖戦士ダンバイン3 ZEROSONIC GREA,下降,準現役,30,-0.40775558166862513,0.26371308016877637,196,9
1367,eとある科学の超電磁砲 PHASE NEXT LTRSY,横ばい,準現役,30,0.0,0.632589663936741,231,4
1368,eガールズ＆パンツァー 最終章 LAH1,下降,準現役,30,-0.33086340206185566,0.3854533803268183,168,12
1369,L 荒野のコトブキ飛行隊,横ばい,準現役,30,0.0,0.40143279079997485,217,4
1370,LB SHAKE BONUS TRIGGER,横ばい,下降期,45,-0.029110256838821104,0.4496926560983501,0,33
1371,PA義風堂々!!～兼続と慶次～3 99Ver.,下降,準現役,30,-0.2226098434848199,0.4449463579898362,147,10
1372,Pゴッドイーター199 ゴッドトリガーVER.,横ばい,準現役,30,0.0,0.3348,217,4
1373,デカスタP STEINS；GATE 0 まゆしぃば～じょん,微減,撤去検討期,20,-0.06244717813879231,0.29776310964429775,0,31
1374,L 絶対衝激Ⅳ,下降,準現役,30,-0.2178001664996008,0.36605470213563135,182,6
1375,Lスマスロ とある科学の超電磁砲2,下降,準現役,30,-0.20550954401839636,0.30572572476002124,77,17
1376,Lパチスロ 革命機ヴァルヴレイヴ2,横ばい,撤去検討期,20,-0.012983987121918195,0.33002964060763246,0,28
1377,P Re:ゼロから始める異世界生活 鬼がかり 199ver.,下降,準現役,30,-0.20664928292046936,0.3110896196002579,112,16
1378,P Re:ゼロから始める異世界生活 鬼がかり 99ver.,下降,準現役,30,-0.34487203093352975,0.30812220566318926,140,12
1379,P いくさの子 戦極最強 ドデカ199ver.,横ばい,準現役,30,0.0,0.5662451896646509,203,4
1380,Pはねものファインプレー H3,下降,準現役,30,-0.1054495376746016,0.4289444237224916,70,20
1381,P転生したらスライムだった件 129ver.,微減,準現役,30,-0.0953259532595326,0.45325022261798753,196,5
1382,e ノーゲーム・ノーライフ 199Ver.,下降,準現役,30,-0.3631865011762797,0.36720081827480394,168,8
1383,e ノーゲーム・ノーライフ 319Ver.,下降,準現役,30,-0.2799603829646748,0.26873661670235544,182,6
1384,e 仮面ライダー電王 デカヘソ239,下降,準現役,30,-0.17707629979743422,0.32293722858270824,112,15
1385,eとある科学の超電磁砲 PHASE NEXT LT RSY,下降,準現役,30,-0.18949536560247168,0.486039886039886,133,13
1386,eフィーバーもののがたり F,下降,準現役,30,-0.10567567567567568,0.3741784037558685,77,21
1387,eルパン三世VSキャッツ・アイ MAH4,下降,準現役,30,-0.3780639800581637,0.29790310918293567,140,12
1388,e源外伝 EPISODE OF -大龍- EHLG,横ばい,準現役,30,0.0,0.47570194384449244,203,4
1389,e花の慶次～黄金の一撃 H4,下降,準現役,30,-0.12440695835529784,0.2656562768086932,42,20
1390,Lスマスロネオプラネット,下降,準現役,30,-0.22474210325706068,0.41248516240423005,161,7
1391,Pメイドインアビス 奈落の連環蝕 SL,横ばい,準現役,30,0.0,0.43407407407407406,196,3
1392,e女神のカフェテラス FLX,微減,準現役,30,-0.08456641431520985,0.655705996131528,91,17
1393,Lスマスロ 化物語,微減,準現役,30,-0.0827075677690792,0.27283255461043887,35,23
1394,Lバーニングエクスプレス,微減,準現役,30,-0.06802603918243323,0.5554784057769754,161,5
1395,Lプリズムナナ(2025年),下降,撤去検討期,20,-0.14382748249187027,0.30225330225330227,7,26
1396,L銀河英雄伝説 Die Neue These,下降,準現役,30,-0.30519624659469274,0.3892424242424242,140,8
1397,PAフィーバーからくりサーカス2 Light ver.,下降,準現役,30,-0.17629854936827324,0.42746703046839474,154,6
1398,PA海物語 極JAPAN Withナギナミ HBD,下降,準現役,30,-0.25232432013636014,0.4292860391086858,84,9
1399,PA野生の王国Ⅵ N2,微減,準現役,30,-0.0987059122050241,0.4116788321167883,63,16
1400,e アズールレーン2 THE ANIMATION 超次元 K6,下降,準現役,30,-0.321732912222156,0.23237225235512418,91,13
1401,e 北斗の拳11 暴凶星 SHEF,下降,撤去検討期,20,-0.12424803331790837,0.22211397954213347,0,28
1402,eうしおととら～神のせSPEC～ 150ver.,下降,準現役,30,-0.3500815660685155,0.36125461254612545,140,8
1403,e地獄少女 7500Ver.,下降,撤去検討期,20,-0.19794021602612408,0.20801874511845875,14,26
1404,L 無職転生 ～異世界行ったら本気だす～,下降,準現役,30,-0.1741226704621269,0.3696269092730156,42,17
1405,LB不二子BT,微減,撤去検討期,20,-0.0976905899313113,0.3275078480063721,28,21
1406,Lスマスロ 沖ドキ!DUO アンコール,横ばい,下降期,45,0.022559863041470545,0.46083761939750184,28,21
1407,Lスマスロ 秘宝伝(2025年),下降,準現役,30,-0.3566289632391582,0.2996301455401316,105,11
1408,P沖ドキ!ドキドキ弾丸ツアー LG,微減,準現役,30,-0.0787014738464503,0.3021685033771774,42,20
1409,e 新世紀エヴァンゲリオン ～はじまりの記憶～ R,下降,撤去検討期,20,-0.15953175366170902,0.27430002276348736,0,26
1410,LBスマート沖スロ ニューキングハナハナV,横ばい,下降期,45,-0.021205525696264316,0.5874157017432243,0,24
1411,Lスマスロ 北斗の拳 転生の章2,下降,撤去検討期,20,-0.14620089833199165,0.34873985476292185,0,21
1412,Lスマスロ鉄拳6,下降,準現役,30,-0.2961665765759095,0.34018943263069923,77,13
1413,P ゴジラ対エヴァンゲリオン2 超デカシルバー,下降,準現役,30,-0.22757792589688294,0.4234006734006734,119,7
1414,PA清流物語4 ウキウキ79ver.,下降,準現役,30,-0.25465057817998993,0.42240587695133147,98,10
1415,Pフィーバーうたわれるもの LT-Light ver.,横ばい,準現役,30,0.0,0.5215453194650818,140,4
1416,Pフィーバー彼女、お借りします LT-Light ver.,下降,準現役,30,-0.2524875621890547,0.4486021505376344,112,8
1417,SBニューキングハナハナV-30,横ばい,成熟期,90,-0.013654941992908457,0.711341942728804,0,24
1418,e ゴジラ対エヴァンゲリオン2 超デカゴールド,下降,準現役,30,-0.33118691263487643,0.2772902772902773,98,10
1419,e ソードアート・オンライン 閃光の軌跡 99Ver.,下降,撤去検討期,20,-0.1649731978558285,0.31469825990373934,0,15
1420,e 盾の勇者の成り上がり アルティメット199ver.,下降,準現役,30,-0.27664891883081605,0.3527659574468085,119,7
1421,eようこそ実力至上主義の教室へ MA,下降,撤去検討期,20,-0.17426521638509604,0.24447476125511597,14,22
1422,e吉宗 極乗3000ver.,下降,準現役,30,-0.19728164709667037,0.2864476386036961,63,15
1423,P【超甘LT】華牌RR 1/49×99de遊タイム,微減,準現役,30,-0.07071310420878515,0.6318051575931232,119,5
1424,P閃乱カグラ 189大入りver.,下降,撤去検討期,20,-0.12776659959758546,0.24034053700065489,0,21
1425,e ULTRAMAN 4500超ライト,横ばい,準現役,30,0.0,0.44281663516068054,133,3
1426,e範馬刃牙 199ver.,下降,準現役,30,-0.35893103977883584,0.2891526541378173,91,8
1427,Lスマスロ ゴブリンスレイヤーⅡ,下降,準現役,30,-0.24604089961407088,0.2936771156520809,98,6
1428,Lスマスロ ハナビ(2026年),微減,下降期,45,-0.09206107301103492,0.40715404699738905,0,20
1429,Lスマスロ 攻殻機動隊(2026年),下降,下降期,45,-0.12976393180719345,0.4258296681327469,0,20
1430,Lパチスロ 炎炎ノ消防隊2,下降,下降期,45,-0.13785577884877695,0.40115335326783425,0,20
1431,Lパチスロうみねこのなく頃に2,下降,下降期,45,-0.12484807822390386,0.5181589059207536,0,20
1432,L範馬刃牙,下降,準現役,30,-0.347584246399033,0.34720464135021095,84,8
1433,PA乗物娘 with CYBER JAPAN DANCERS 2nd season 77ver.,横ばい,準現役,30,0.0,0.6048951048951049,112,4
1434,P俺の妹がこんなに可愛いわけがない。 攻略!!スキップ159ver.,横ばい,準現役,30,0.0,0.6115859449192782,119,3
1435,P冴えない彼女の育てかた 99ver.,下降,撤去検討期,20,-0.11960259839510885,0.3496985357450474,14,14
1436,P黄門ちゃま寿限無 99ver.,下降,準現役,30,-0.29291174426685196,0.4003777148253069,70,10
1437,e 真・北斗無双 第5章 夢幻闘双 SCEA,下降,準現役,30,-0.36416757452708726,0.3031774051191527,84,8
1438,eフィーバーBASTARD!! -暗黒の破壊神- G,下降,準現役,30,-0.4041651959054006,0.32053291536050155,77,8
1439,e異世界でチート能力を手にした俺は現実世界をも無双する ～レベルアップは人生を変えた～ FSZ,下降,準現役,30,-0.36222100827220227,0.3209624796084829,70,10
1440,P黄門ちゃま寿限無 LLサイズ 259ver.,横ばい,準現役,30,0.0,1.0,126,1
1441,P 俺の妹がこんなに可愛いわけがない。 攻略!!スキップ159ver.,横ばい,準現役,30,0.0,0.7364016736401674,91,2
1442,LBスマスロ サンダーV(2026年),微減,下降期,45,-0.08970310541265328,0.5185604987248512,0,16
1443,Lスマスロ 甲鉄城のカバネリ 海門決戦,下降,下降期,45,-0.14412581508194056,0.49284253578732107,0,16
1444,P Re:ゼロから始める異世界生活 season2 129ver.,下降,撤去検討期,20,-0.1917568748739326,0.36432350718065004,0,16
1445,P Re:ゼロから始める異世界生活 season2 249ver.,下降,導入初期,80,-0.2741484832357637,0.3321754233608337,21,12
1446,P戦国乙女7 終焉の関ケ原 99ver.,下降,撤去検討期,20,-0.1128691090616803,0.37254081205525325,0,16
1447,P痛いのは嫌なので防御力に極振りしたいと思います。 極振り129ver,下降,導入初期,80,-0.23802395209580837,0.36114974501622626,14,12
1448,e 甲鉄城のカバネリ2 咲かせや燦然 GFEA,下降,準現役,30,-0.36260928457086566,0.33396704689480355,42,10
1449,e 魔法少女まどか☆マギカ3 時間遡行～始まりの願い～ LPM1,下降,撤去検討期,20,-0.33929011584914964,0.21533442088091354,7,15
1450,eアクダマドライブ EHLT,下降,準現役,30,-0.28828403226978705,0.3858984078847612,42,10
1451,eフィーバーダンベル何キロ持てる？2 F,下降,撤去検討期,20,-0.2945705024311183,0.3079084704937776,21,13
1452,eワンパンマン2～正義執行 LM10,下降,撤去検討期,20,-0.2583327653193375,0.27532290958531613,14,14
1453,e牙狼11～冴島大河～ 魔戒BURST Ver.,下降,準現役,30,-0.2749018775856582,0.3259378781766841,63,7
1454,P モモキュンソード 速撃99ver.,下降,準現役,30,-0.23546930540878086,0.444140446876425,42,8
1455,Pえとたま2 神祭 干支甘,横ばい,準現役,30,0.0,0.4426229508196721,70,4
1456,e スマパチ SSSS.GRIDMAN メガSTART 159ver.,下降,準現役,30,-0.31985294117647056,0.25952380952380955,35,8
1457,e 乃木坂46 Ⅱ SWEET Version,下降,準現役,30,-0.3004720406681191,0.3589540412044374,49,7
1458,LB A-SLOT+ 異世界かるてっと BT,下降,導入初期,80,-0.2667018663850689,0.4208593054318789,0,11
1459,Lアクダマドライブ,下降,導入初期,80,-0.3972324949430971,0.26895557454079455,0,10
1460,Lスマスロヨルムンガンド,下降,準現役,30,-0.21060471857637492,0.309271589991929,35,6
1461,L真打 吉宗,下降,導入初期,80,-0.15573005118149294,0.5762960856790825,0,11
1462,L虚構推理,下降,導入初期,80,-0.3115175332527207,0.37845589618205755,0,11
1463,P にゃんこ大戦争 多様性のネコ 神さまにおまかせ88ver.,下降,導入初期,80,-0.2967771699729783,0.3649014302280634,7,10
1464,P ウルトラマンメビウス デカヘソ319,下降,準現役,30,-0.1440521670399157,0.4229001253656498,42,5
1465,e 終末のワルキューレ EREA,下降,準現役,30,-0.14768352156057496,0.4336425978217023,42,5
1466,eラグナドール 妖しき皇帝と終焉の夜叉姫 CMB,下降,準現役,30,-0.13270011066027296,0.4746987951807229,42,5
1467,eリコリス・リコイル M3,下降,導入初期,80,-0.202488065962679,0.5217190388170055,0,11
1468,e転生したらスライムだった件2 MF,下降,導入初期,80,-0.406953978536208,0.25749605470804837,0,11
1469,Lアニマルスロットドッチ,下降,導入初期,80,-0.17840508181085815,0.5362638748738647,0,9
1470,Lスマスロ ミリオンゴッド-神々の軌跡-,下降,導入初期,80,-0.21531990385715918,0.5150013549610932,0,9
1471,Lパチスロ 機動戦士ガンダムユニコーン 覚醒DRIVE,横ばい,準現役,30,0.0,0.3257676902536716,35,4
1472,e86-エイティシックス- MAM2,下降,導入初期,80,-0.3245817843866171,0.3269120184013801,0,9
1473,eフィーバーキン肉マン,下降,導入初期,80,-0.33282057303898543,0.33417402269861285,0,9
1474,eリング 最恐領域 RHA,下降,導入初期,80,-0.35484262235429676,0.30603448275862066,0,9
1475,Lスマスロ スーパーリオエース2,下降,導入初期,80,-0.15527369349188566,0.4478585657370518,0,6
1476,Lスマスロ バイオハザードRE:3,下降,導入初期,80,-0.21666807041185884,0.3559419381787803,0,6
1477,Lスマスロ ビッグドリーム THE GOLDEN PUSHER,下降,導入初期,80,-0.2099483872875967,0.3560981098109811,0,6
1478,Lタクトオーパス デスティニー,下降,導入初期,80,-0.1511871168628977,0.44246701442160175,0,6
1479,Pクイーンズブレイド奈落 ナナエル79Ver.,横ばい,導入直後,70,0.0,0.5626081938834391,14,4
1480,PフィーバークィーンⅡ YS,下降,導入初期,80,-0.16749667994687914,0.4761061946902655,0,6
1481,e バイオハザード6 APN,下降,導入初期,80,-0.1965956340956341,0.37814280925243043,0,6
1482,eひきこまり吸血姫の悶々 FHV,下降,導入初期,80,-0.10327151625963167,0.5727076258104353,0,6
1483,eまわるん超ワープ ギンギラパラダイス VIVA FESTA HTA2,横ばい,導入直後,70,0.0,0.4812332439678284,14,4
1484,eカケグルイ 7500ver,下降,導入初期,80,-0.19704846553748118,0.3608482871125612,0,6
1485,eライザのアトリエ 常闇の女王と秘密の隠れ家 K3,横ばい,導入直後,70,0.0,0.39575289575289574,14,4
1486,eルパン三世VSキャッツ・アイ 157ver. 極限突破ブッた斬り7500,下降,導入初期,80,-0.12264713679745493,0.3872832369942196,7,5
1487,デカスタP戦国無双 100ver.,下降,導入初期,80,-0.1659751037344398,0.45857699805068225,0,6
1488,LBスロットGALFY,横ばい,導入直後,70,0.0,0.5258855585831063,0,4
1489,P 犬夜叉3.0 大入り 甘SPEC,横ばい,導入直後,70,0.0,0.44150110375275936,0,4
1490,Lスマスロ BIRDIE WING -Golf Girls’ Story-,横ばい,導入直後,70,0.0,0.7167914586799778,0,2
1491,Lスロット ソードアート・オンラインⅡ,横ばい,導入直後,70,0.0,0.9433774834437086,0,2
1492,L戦国乙女5 業火を穿つ宿焔の双刃,横ばい,導入直後,70,0.0,0.9314161954036818,0,2
1493,P 魔法少女まどか☆マギカ3 キュゥべえver.,横ばい,導入直後,70,0.0,0.8243464052287581,0,2
1494,PAスーパー海物語IN沖縄6 Withえなこ RBD,横ばい,導入直後,70,0.0,0.7846827133479213,0,2
1495,PA花の慶次～傾奇一転 87ver.,横ばい,導入直後,70,0.0,0.8130520117762512,0,2
1496,e 化物語 鬼99ver.,横ばい,導入直後,70,0.0,0.8033847685415629,0,2
1497,e 学園黙示録ハイスクール・オブ・ザ・デッド3 V1A,横ばい,導入直後,70,0.0,0.6972072513473787,0,2
1498,e 東京喰種 超デカ 超一撃 ver.,横ばい,導入直後,70,0.0,0.9394491236057364,0,2
1499,eソードアート・オンライン オルタナティブ ガンゲイル・オンライン M08,横ばい,導入直後,70,0.0,0.7784411276948591,0,2
1500,eフィーバー デッドマウント・デスプレイ 魂神9000,横ばい,導入直後,70,0.0,0.8052677029360967,0,2
1501,e冥妃転生 CMP,横ばい,導入直後,70,0.0,0.7795857988165681,0,2
1502,遊moreLT PエガブレイブVVV AX4,横ばい,導入直後,70,0.0,0.7049632352941176,0,2
