machine_id,machine_name,category,category_size,category_rank_out_4w,category_rank_sales_4w,category_rank_profit_4w,category_top_rate,category_power_score
241,SLOTバジリスク～甲賀忍法帖～絆2,その他,65,54.0,58.0,38.0,0.18461538461538463,20.6
253,パチスロ ケロット4,その他,65,47.0,59.0,17.0,0.29230769230769227,31.5
293,サンダーVライトニング,その他,65,28.0,53.0,32.0,0.5846153846153845,47.9
307,パチスロ モンキーターンⅣ,その他,65,53.0,50.0,57.0,0.19999999999999996,20.2
337,シャア専用パチスロ 逆襲の赤い彗星,その他,65,31.0,9.0,5.0,0.5384615384615384,68.3
395,アイムジャグラーEX(2020年),ジャグラー,9,9.0,9.0,7.0,0.11111111111111116,14.4
397,パチスロひぐらしのなく頃に祭2,その他,65,15.0,32.0,54.0,0.7846153846153846,62.9
411,パチスロ頭文字D,その他,65,42.0,42.0,56.0,0.36923076923076925,33.7
432,パチスロ BIOHAZARD 7 resident evil,その他,65,44.0,34.0,47.0,0.3384615384615385,37.0
442,PAわんわんパラダイスV GBA,パチンコ,176,98.0,157.0,166.0,0.44886363636363635,30.7
453,パチスロ北斗の拳 宿命,北斗,14,14.0,14.0,12.0,0.0714285714285714,9.3
469,ニューパルサーSPⅢ,その他,65,57.0,61.0,28.0,0.1384615384615384,19.0
492,P大海物語4 スペシャル BLACK SCA,海,17,9.0,7.0,9.0,0.5294117647058824,55.9
503,チバリヨ-30(2021年),沖スロ,23,20.0,16.0,19.0,0.17391304347826086,22.4
511,P NEW TOKIO ハカマタイプ,パチンコ,176,16.0,173.0,176.0,0.9147727272727273,55.5
533,SLOT劇場版魔法少女まどか☆マギカ[前編]始まりの物語／[後編]永遠の物語,まどマギ,7,7.0,7.0,7.0,0.1428571428571429,14.3
554,PA乗物娘 WITH CYBERJAPAN(R) DANCERS 77ver.,パチンコ,176,95.0,165.0,159.0,0.46590909090909094,31.2
567,ファンキージャグラー2,ジャグラー,9,4.0,4.0,3.0,0.6666666666666667,68.3
569,Pうまい棒 4500～10500,パチンコ,176,173.0,123.0,8.0,0.022727272727272707,23.4
576,P 009 RE:CYBORG ACCELERATOR EDITION M4-K,パチンコ,176,176.0,159.0,113.0,0.005681818181818232,8.4
599,P野生の王国GO 99ver.,パチンコ,176,163.0,170.0,165.0,0.07954545454545459,6.8
604,パチスロうまい棒(2021年),その他,65,63.0,63.0,42.0,0.0461538461538461,9.5
605,マイジャグラーⅤ,ジャグラー,9,1.0,1.0,1.0,1.0,100.0
611,パチスロ 戦姫絶唱シンフォギア 勇気の歌,その他,65,56.0,49.0,40.0,0.15384615384615385,21.8
612,沖ドキ!DUO,沖スロ,23,21.0,14.0,11.0,0.13043478260869568,27.2
613,沖ドキ!DUO-30,沖スロ,23,23.0,17.0,13.0,0.04347826086956519,17.4
615,P Re:ゼロから始める異世界生活 鬼がかりver.,パチンコ,176,132.0,97.0,119.0,0.25568181818181823,31.6
621,バーサスリヴァイズ,その他,65,19.0,51.0,62.0,0.7230769230769231,50.1
628,パチスロ ディスクアップ2,その他,65,8.0,17.0,64.0,0.8923076923076922,72.8
630,パチスロアラジンAクラシック,その他,65,64.0,52.0,29.0,0.03076923076923077,15.8
633,押忍!番長ZERO,その他,65,40.0,28.0,21.0,0.4,49.0
642,ハナハナホウオウ～天翔～,沖スロ,23,19.0,23.0,16.0,0.21739130434782605,19.3
643,ハナハナホウオウ～天翔～-30,沖スロ,23,10.0,20.0,17.0,0.6086956521739131,45.4
650,SLOTマッピー,その他,65,14.0,37.0,65.0,0.8,59.4
665,ニューパルサーDXⅢ,その他,65,51.0,60.0,34.0,0.23076923076923073,23.5
670,沖ドキ!2-30,沖スロ,23,22.0,22.0,14.0,0.08695652173913049,13.9
681,パチスロ この素晴らしい世界に祝福を!,その他,65,16.0,14.0,24.0,0.7692307692307692,75.8
684,新ハナビ,その他,65,11.0,39.0,63.0,0.8461538461538461,61.8
705,PAコマコマ倶楽部with坂本冬美 99ver.,パチンコ,176,155.0,168.0,152.0,0.125,10.9
723,スーパーハナハナ2-30,沖スロ,23,15.0,10.0,6.0,0.3913043478260869,50.4
724,ニューゲッターマウス,その他,65,46.0,62.0,58.0,0.3076923076923077,21.8
727,パチスロ 甲鉄城のカバネリ,その他,65,30.0,13.0,49.0,0.5538461538461539,57.5
740,黄門ちゃま喝2,その他,65,61.0,55.0,25.0,0.07692307692307687,18.3
744,パチスロ 新鬼武者2,その他,65,39.0,22.0,41.0,0.41538461538461535,47.6
747,PA新海物語 ARBB,海,17,12.0,17.0,16.0,0.3529411764705882,24.4
764,パチスロペルソナ5,その他,65,50.0,57.0,50.0,0.24615384615384617,21.9
774,パチスロ バイオハザード RE:2,その他,65,38.0,31.0,33.0,0.4307692307692308,46.9
776,パチスロハードボイルド(2022年),その他,65,43.0,54.0,53.0,0.3538461538461538,28.8
783,ハッピージャグラーVⅢ,ジャグラー,9,8.0,8.0,4.0,0.2222222222222222,28.9
795,花火絶景,その他,65,62.0,45.0,44.0,0.06153846153846154,16.8
798,Lパチスロ 革命機ヴァルヴレイヴ,スマスロ,155,110.0,75.0,84.0,0.2967741935483871,37.8
799,L HEY!エリートサラリーマン鏡,スマスロ,155,147.0,148.0,135.0,0.058064516129032295,6.8
816,沖ドキ!GOLD,沖スロ,23,17.0,7.0,8.0,0.30434782608695654,47.2
817,沖ドキ!GOLD-30,沖スロ,23,16.0,6.0,10.0,0.34782608695652173,49.6
820,Pスーパー海物語IN沖縄5 夜桜超旋風 99ver.,海,17,14.0,11.0,3.0,0.23529411764705888,37.6
828,パチスロ モンスターハンターワールド:アイスボーン,その他,65,48.0,44.0,39.0,0.27692307692307694,31.3
830,P大海物語5 MTE2,海,17,3.0,2.0,13.0,0.8823529411764706,80.9
831,P宇宙戦艦ヤマト2202 -ONLY ONE- LIGHT ver.,パチンコ,176,157.0,139.0,151.0,0.11363636363636365,14.4
841,パチスロ盾の勇者の成り上がり,その他,65,55.0,56.0,51.0,0.16923076923076918,17.5
849,パチスロ機動戦士ガンダムユニコーン,その他,65,58.0,43.0,48.0,0.12307692307692308,20.4
850,戦国コレクション5,その他,65,60.0,25.0,23.0,0.09230769230769231,31.2
851,P 009 RE:CYBORG ACCELERATOR EDITION 99ver.,パチンコ,176,63.0,133.0,78.0,0.6477272727272727,53.6
854,キングハナハナ-30(2023年),沖スロ,23,3.0,13.0,22.0,0.9130434782608696,68.0
858,Lスマスロ北斗の拳,北斗,14,12.0,4.0,13.0,0.2142857142857143,34.6
864,Lゴブリンスレイヤー,スマスロ,155,122.0,67.0,21.0,0.21935483870967742,40.6
866,Pフィーバー炎炎ノ消防隊 G,パチンコ,176,78.0,54.0,111.0,0.5625,56.8
868,アナザーゴッドハーデス-解き放たれし槍撃ver.-,その他,65,52.0,15.0,20.0,0.2153846153846154,43.2
870,L主役は銭形4,スマスロ,155,115.0,81.0,129.0,0.2645161290322581,30.6
875,P北斗の拳 暴凶星 SFPA,北斗,14,3.0,5.0,5.0,0.8571428571428572,80.0
878,パチスロ 炎炎ノ消防隊,その他,65,37.0,20.0,26.0,0.4461538461538461,53.7
880,Lスロット ソードアート・オンライン,スマスロ,155,37.0,79.0,147.0,0.7677419354838709,59.4
899,パチスロコードギアス 反逆のルルーシュ3 C.C.&Kallen ver.,その他,65,26.0,38.0,55.0,0.6153846153846154,50.2
906,Lパチスロ からくりサーカス,スマスロ,155,109.0,70.0,95.0,0.3032258064516129,38.0
907,PA大海物語5 Withアグネス・ラム ARBC,海,17,8.0,16.0,14.0,0.5882352941176471,41.8
914,ゴーゴージャグラー3,ジャグラー,9,2.0,2.0,2.0,0.8888888888888888,88.9
916,パチスロナイツ,その他,65,18.0,19.0,30.0,0.7384615384615385,70.7
917,PフィーバークィーンⅡ30th ANNIVERSARY EDITION V,パチンコ,176,156.0,171.0,169.0,0.11931818181818177,8.7
919,パチスロ 戦国†恋姫,その他,65,13.0,27.0,59.0,0.8153846153846154,65.5
923,Lぱちスロ 乃木坂46,スマスロ,155,153.0,138.0,86.0,0.01935483870967747,10.8
925,Lスマスロキン肉マン～7人の悪魔超人編～,スマスロ,155,52.0,21.0,51.0,0.6709677419354838,72.2
936,P新世紀エヴァンゲリオン～未来への咆哮～,エヴァ,13,6.0,4.0,12.0,0.6153846153846154,58.5
938,L戦国乙女4 戦乱に閃く炯眼の軍師,スマスロ,155,73.0,93.0,128.0,0.5354838709677419,45.0
943,パチスロ傷物語 -始マリノ刻-,その他,65,49.0,30.0,35.0,0.2615384615384615,36.7
944,ファミスタ回胴版!!,その他,65,33.0,40.0,36.0,0.5076923076923077,47.4
945,回胴式遊技機 グランベルム,その他,65,36.0,29.0,16.0,0.46153846153846156,53.5
946,L戦国コレクション5超極楽LOOP,スマスロ,155,152.0,127.0,108.0,0.02580645161290318,10.9
947,L麻雀格闘倶楽部 覚醒,スマスロ,155,114.0,134.0,118.0,0.2709677419354839,23.5
953,Lスマスロ転生したらスライムだった件,スマスロ,155,91.0,107.0,125.0,0.4193548387096774,36.1
966,L ひぐらしのなく頃に 業,スマスロ,155,106.0,153.0,140.0,0.32258064516129037,21.4
967,Lスマスロとある魔術の禁書目録,スマスロ,155,137.0,133.0,114.0,0.1225806451612903,15.1
974,P真・北斗無双 第4章 下剋上闘 GRPJ,北斗,14,8.0,9.0,10.0,0.5,46.1
976,パチスロ交響詩篇エウレカセブン HI-EVOLUTION ZERO TYPE-ART,その他,65,20.0,35.0,37.0,0.7076923076923076,61.1
979,e Re:ゼロから始める異世界生活 season2 M13,スマパチ,91,67.0,63.0,90.0,0.27472527472527475,24.8
982,LスマスロモンキーターンⅤ,スマスロ,155,33.0,45.0,152.0,0.7935483870967742,65.9
983,Lマジカルハロウィン8,スマスロ,155,141.0,152.0,121.0,0.09677419354838712,9.8
984,Lラブ嬢3～Wご指名はいかがですか?～,スマスロ,155,88.0,87.0,36.0,0.43870967741935485,49.1
985,L花の慶次～佐渡攻めの章～,スマスロ,155,148.0,111.0,46.0,0.05161290322580647,21.0
988,P大海物語5 ブラック HCL,海,17,16.0,10.0,5.0,0.11764705882352944,30.3
989,クランキークレスト,その他,65,21.0,33.0,46.0,0.6923076923076923,58.8
991,L スマスロバジリスク～甲賀忍法帖～絆2 天膳 BLACK EDITION,スマスロ,155,120.0,95.0,94.0,0.23225806451612907,29.8
992,Pぱちんこ シン・エヴァンゲリオン Type レイ,エヴァ,13,8.0,9.0,11.0,0.46153846153846156,40.8
996,ドラゴンハナハナ～閃光～-30,沖スロ,23,4.0,15.0,23.0,0.8695652173913043,62.6
997,パチスロ ファイヤードリフト,その他,65,45.0,36.0,18.0,0.32307692307692304,42.0
998,L 仮面ライダー 7RIDERS,スマスロ,155,139.0,106.0,79.0,0.10967741935483866,22.1
999,Lスマスロ バイオハザード:ヴィレッジ,スマスロ,155,126.0,125.0,143.0,0.19354838709677424,17.9
1000,Lパチスロ マクロスフロンティア4,スマスロ,155,131.0,121.0,113.0,0.16129032258064513,19.5
1004,Pとある魔術の禁書目録2 JMZ,パチンコ,176,88.0,64.0,131.0,0.5056818181818181,50.3
1008,Pポチッと一発!おだてブタ2 V1,パチンコ,176,8.0,172.0,175.0,0.9602272727272727,58.5
1011,P弾球黙示録カイジ沼5 V1U,パチンコ,176,169.0,119.0,103.0,0.045454545454545414,17.3
1012,P真・花の慶次3 99ver.,パチンコ,176,152.0,164.0,160.0,0.14204545454545459,11.8
1013,L GⅠ優駿倶楽部黄金,スマスロ,155,138.0,124.0,112.0,0.11612903225806448,16.4
1015,Lゴジラ対エヴァンゲリオン,エヴァ,13,13.0,8.0,7.0,0.07692307692307687,24.2
1016,Lストライクウィッチーズ2,スマスロ,155,128.0,84.0,65.0,0.1806451612903226,31.3
1017,Lスマスロ コードギアス 反逆のルルーシュ/復活のルルーシュ,スマスロ,155,77.0,103.0,123.0,0.5096774193548388,42.3
1019,Lパチスロガールズ＆パンツァー 最終章,スマスロ,155,92.0,100.0,132.0,0.41290322580645167,36.1
1023,P新世紀エヴァンゲリオン ～未来への咆哮～ PREMIUM MODEL,エヴァ,13,3.0,10.0,2.0,0.8461538461538461,72.3
1025,P真・一騎当千～桃園の誓い～129ver.,パチンコ,176,120.0,120.0,154.0,0.32386363636363635,29.5
1027,ワードオブライツⅡ,その他,65,34.0,47.0,45.0,0.49230769230769234,41.7
1029,Pニュートキオ GREEN V1,パチンコ,176,73.0,176.0,172.0,0.5909090909090908,36.0
1030,Pルパン三世 THE FIRST 99ver.,パチンコ,176,135.0,163.0,143.0,0.23863636363636365,19.2
1031,Lスマスロキングパルサー,スマスロ,155,150.0,144.0,119.0,0.03870967741935483,7.8
1032,Lチバリヨ2,沖スロ,23,14.0,5.0,7.0,0.4347826086956522,57.8
1033,L南国育ち(2024年),スマスロ,155,144.0,97.0,106.0,0.07741935483870965,19.0
1035,PLT OVERLORD魔導王光臨 ME,パチンコ,176,130.0,88.0,92.0,0.2670454545454546,35.9
1039,P世紀末・天才バカボン～福神SPEC～ LTH-JH,パチンコ,176,112.0,105.0,129.0,0.36931818181818177,36.5
1040,P北斗の拳 強敵 LT SSPA,北斗,14,7.0,11.0,8.0,0.5714285714285714,48.9
1042,P緋弾のアリア ～緋緋神降臨～ ラッキートリガーVer.,パチンコ,176,34.0,23.0,47.0,0.8125,81.7
1045,パチスロ ガメラ2,その他,65,25.0,18.0,61.0,0.6307692307692307,57.5
1047,Lスマート沖スロ ドラゴンハナハナ～閃光～,沖スロ,23,11.0,18.0,12.0,0.5652173913043479,48.3
1048,L忍魂参 ～奥義皆伝ノ章～,スマスロ,155,145.0,120.0,91.0,0.07096774193548383,16.4
1049,P sin 七つの大罪 強甘 2400Ver.,パチンコ,176,149.0,156.0,136.0,0.15909090909090906,16.0
1050,P咲-Saki-全国編 テンパイ即リーver.,パチンコ,176,113.0,122.0,157.0,0.36363636363636365,31.3
1052,Lうる星やつら(2024年),スマスロ,155,149.0,135.0,96.0,0.04516129032258065,11.9
1053,Lスマスロ ゴールデンカムイ,スマスロ,155,135.0,123.0,99.0,0.13548387096774195,19.0
1054,Lスマスロ ストライク・ザ・ブラッド,スマスロ,155,118.0,151.0,149.0,0.2451612903225806,16.2
1056,Pひぐらしのなく頃に 輪廻転生 FM-JT,パチンコ,176,121.0,85.0,121.0,0.31818181818181823,36.9
1057,Pバイオハザード RE:2 LTver.,パチンコ,176,140.0,90.0,102.0,0.2102272727272727,31.4
1060,P大工の源さん超韋駄天2 極源LighT,パチンコ,176,137.0,131.0,135.0,0.2272727272727273,23.8
1061,ジャグラーガールズSS,ジャグラー,9,7.0,7.0,6.0,0.33333333333333337,35.0
1062,L押忍!番長4,スマスロ,155,142.0,130.0,142.0,0.0903225806451613,11.0
1063,P FAIRY TAIL これが七炎竜の力だ FSA,パチンコ,176,47.0,30.0,45.0,0.7386363636363636,76.4
1064,PAハイスクール・フリート オールスター すい～とでハッピー!2400,パチンコ,176,61.0,108.0,140.0,0.6590909090909092,52.5
1066,P牙狼11～冴島大河～XX MU,パチンコ,176,100.0,81.0,126.0,0.4375,44.2
1068,e新・必殺仕置人 超斬撃199,スマパチ,91,63.0,67.0,69.0,0.31868131868131866,29.8
1069,パチスロ ダンジョンに出会いを求めるのは間違っているだろうか2,その他,65,27.0,48.0,43.0,0.6,48.2
1070,Pこの素晴らしい世界に祝福を! 199LT「このラッキートリガーに祝福を!」,パチンコ,176,142.0,126.0,86.0,0.19886363636363635,26.9
1071,L ウルトラマンティガ,スマスロ,155,134.0,88.0,59.0,0.14193548387096777,28.9
1073,Lパチスロ 炎炎ノ消防隊(2024年),スマスロ,155,96.0,102.0,89.0,0.3870967741935484,38.4
1075,Pゴブリンスレイヤー ラッキートリガーVer,パチンコ,176,82.0,66.0,98.0,0.5397727272727273,54.9
1076,Pフィーバー炎炎ノ消防隊 Light ver.,パチンコ,176,131.0,115.0,114.0,0.26136363636363635,29.9
1078,P七つの大罪2 神千斬りVER.,パチンコ,176,68.0,68.0,117.0,0.6193181818181819,57.8
1080,ニューパルサーSP4 with 太鼓の達人,その他,65,35.0,46.0,27.0,0.4769230769230769,45.3
1081,L ToLOVEるダークネス,スマスロ,155,90.0,29.0,80.0,0.4258064516129032,53.4
1083,Lスマスロ痛いのは嫌なので防御力に極振りしたいと思います。,スマスロ,155,83.0,114.0,124.0,0.47096774193548385,38.1
1084,L聖闘士星矢 海皇覚醒 CUSTOM EDITION,スマスロ,155,130.0,53.0,47.0,0.16774193548387095,37.2
1085,P ToLOVEるダークネス H1YZ5,パチンコ,176,154.0,104.0,137.0,0.13068181818181823,21.6
1086,Pうる星やつら～Eternal Love Song～ L2-K,パチンコ,176,77.0,53.0,34.0,0.5681818181818181,63.9
1087,Pギルティクラウン2 プレミアムライブチケット,パチンコ,176,44.0,33.0,31.0,0.7556818181818181,78.2
1088,Pクイーンズブレイド4 UNLIMITED V1D,パチンコ,176,64.0,46.0,37.0,0.6420454545454546,69.1
1089,Pフィーバー三国戦騎 7500,パチンコ,176,151.0,79.0,87.0,0.1477272727272727,30.5
1090,P頭文字D 2nd GFPG,パチンコ,176,51.0,29.0,61.0,0.7159090909090908,73.9
1091,P魔法少女まどか☆マギカ3 LM3,まどマギ,7,1.0,1.0,1.0,1.0,100.0
1092,P魔王学院の不適合者 FMY,パチンコ,176,92.0,60.0,89.0,0.4829545454545454,53.1
1093,アオハル♪操 A-LIVE,その他,65,41.0,26.0,22.0,0.3846153846153846,48.6
1094,Pラブ嬢 ～極嬢のハーレム体験～ H1YZ6,パチンコ,176,161.0,102.0,77.0,0.09090909090909094,24.6
1095,沖ドキ!BLACK,沖スロ,23,7.0,3.0,4.0,0.7391304347826086,80.2
1096,L アカメが斬る!2,スマスロ,155,23.0,16.0,14.0,0.8580645161290322,87.8
1097,Lスマスロ真・北斗無双(2024年),北斗,14,13.0,8.0,11.0,0.1428571428571429,25.4
1098,Lパチスロ 戦姫絶唱シンフォギア 正義の歌,スマスロ,155,151.0,136.0,116.0,0.032258064516129004,9.0
1099,Pアズールレーン THE ANIMATION 異次元トリガー M4,パチンコ,176,1.0,1.0,1.0,1.0,100.0
1100,Pフィーバーありふれた職業で世界最強 Light ver.,パチンコ,176,13.0,16.0,24.0,0.9318181818181819,91.8
1101,P花の慶次～傾奇一転 L-MX,パチンコ,176,60.0,38.0,22.0,0.6647727272727273,72.8
1102,P貞子 FMD,パチンコ,176,133.0,107.0,51.0,0.25,35.7
1103,e花の慶次～傾奇一転 L2-MX,スマパチ,91,53.0,55.0,65.0,0.4285714285714286,40.3
1104,ご～やちゃんぷる～-25,その他,65,23.0,2.0,6.0,0.6615384615384615,78.2
1105,ご～やちゃんぷる～-30,その他,65,32.0,6.0,9.0,0.523076923076923,67.6
1106,バハマ30(2024年),その他,65,17.0,16.0,14.0,0.7538461538461538,76.5
1107,Lスマスロ ゴッドイーター リザレクション,スマスロ,155,43.0,39.0,120.0,0.7290322580645161,66.1
1108,Lスロット ゾンビランドサガ,スマスロ,155,94.0,129.0,75.0,0.4,36.2
1109,L賞金首Angel,スマスロ,155,13.0,10.0,12.0,0.9225806451612903,92.8
1110,PAこの素晴らしい世界に祝福を! 「このゆる甘99に祝福を!」,パチンコ,176,29.0,94.0,91.0,0.8409090909090909,69.6
1111,ミスタージャグラー,ジャグラー,9,5.0,5.0,9.0,0.5555555555555556,48.9
1112,L D4DJ Pachi-Slot Mix,スマスロ,155,82.0,116.0,42.0,0.4774193548387097,46.1
1113,Lスマスロ ゲゲゲの鬼太郎 覚醒,スマスロ,155,154.0,113.0,109.0,0.012903225806451646,12.3
1114,Lスマスロ トロピカーナ(2024年),スマスロ,155,65.0,57.0,34.0,0.5870967741935484,63.0
1115,Lワンパンマン,スマスロ,155,62.0,64.0,82.0,0.6064516129032258,58.4
1116,PAスーパー海物語 IN 地中海2 HLA,海,17,7.0,12.0,12.0,0.6470588235294117,52.9
1117,Pフィーバー機動戦士ガンダムユニコーン 再来 -白き一角獣と黒き獅子- S,パチンコ,176,55.0,27.0,79.0,0.6931818181818181,71.2
1118,P百花繚乱 ご奉仕129ver.,パチンコ,176,6.0,9.0,16.0,0.9715909090909091,95.9
1119,eフィーバー機動戦士ガンダムユニコーン 再来 -白き一角獣と黒き獅子- R,スマパチ,91,61.0,62.0,87.0,0.34065934065934067,29.5
1120,e北斗の拳10 GHEG,北斗,14,2.0,3.0,2.0,0.9285714285714286,91.1
1121,Pドラムだ!金ドン 花火外伝 MP,パチンコ,176,164.0,132.0,110.0,0.07386363636363635,16.5
1122,Pバンドリ! H1YZ4,パチンコ,176,158.0,112.0,142.0,0.10795454545454541,18.7
1123,Pリング 呪いの7日間3 ラッキートリガーVer.,パチンコ,176,127.0,100.0,106.0,0.28409090909090906,34.0
1124,P七つの美徳 ゴールデンエンジェルタイム スイート99Ver.,パチンコ,176,14.0,49.0,18.0,0.9261363636363636,87.3
1125,デジハネP交響詩篇エウレカセブン ANEMONE 99ver.,その他,65,4.0,21.0,10.0,0.9538461538461538,87.5
1126,L A-SLOT+ この素晴らしい世界に祝福を!,スマスロ,155,127.0,154.0,151.0,0.18709677419354842,12.0
1127,Lパチスロ かぐや様は告らせたい,スマスロ,155,97.0,72.0,42.0,0.38064516129032255,47.4
1128,Lパチスロ閃乱カグラ2 SHINOVI MASTER,スマスロ,155,124.0,137.0,107.0,0.20645161290322578,20.2
1129,PAコマコマ倶楽部with坂本冬美 99確変ループver.,パチンコ,176,150.0,167.0,141.0,0.15340909090909094,13.7
1130,PAフィーバーかぐや様は告らせたい Light ver.,パチンコ,176,91.0,124.0,156.0,0.48863636363636365,38.6
1131,Pとある科学の超電磁砲2 JMB,パチンコ,176,70.0,48.0,68.0,0.6079545454545454,64.1
1132,Pルパン三世 銭形からの招待状 77Sweet Ver.,パチンコ,176,117.0,140.0,128.0,0.34090909090909094,29.9
1133,e 仮面ライダー電王 KL12,スマパチ,91,43.0,52.0,36.0,0.5384615384615384,52.5
1134,eキョンシー ライトミドル 新CタイムVer.,スマパチ,91,24.0,33.0,81.0,0.7472527472527473,62.9
1135,eゴッドイーター TRIPLE BURST MJ,スマパチ,91,48.0,49.0,76.0,0.48351648351648346,43.5
1136,パチスロL黄門ちゃま天,その他,65,10.0,1.0,3.0,0.8615384615384616,91.2
1137,P アズールレーン THE ANIMATION 異次元トリガー M4,パチンコ,176,99.0,61.0,74.0,0.44318181818181823,51.8
1138,P 新世紀エヴァンゲリオン ～未来への咆哮～ PREMIUM MODEL,エヴァ,13,11.0,13.0,10.0,0.23076923076923073,20.4
1139,P 百花繚乱 ご奉仕129ver.,パチンコ,176,108.0,101.0,147.0,0.3920454545454546,36.9
1140,P 魔法少女まどか☆マギカ3 LM3,まどマギ,7,4.0,6.0,5.0,0.5714285714285714,47.9
1141,P DD北斗の拳3 V1C,北斗,14,1.0,2.0,1.0,1.0,98.2
1142,PAワンパンマン 99ver.,パチンコ,176,26.0,34.0,25.0,0.8579545454545454,84.7
1143,Pいくさの子 織田三郎信長伝 GFPF,パチンコ,176,9.0,3.0,29.0,0.9545454545454546,94.6
1144,Pメイドインアビス 虹の黄金域 MR,パチンコ,176,7.0,2.0,4.0,0.9659090909090909,97.6
1145,P攻殻機動隊SAC_2045 199LTver.,パチンコ,176,94.0,76.0,80.0,0.47159090909090906,50.9
1146,パチスロハイパーラッシュ(2024年),その他,65,22.0,23.0,52.0,0.676923076923077,60.4
1147,P大海物語4スペシャル BLACK SCA,海,17,15.0,14.0,10.0,0.17647058823529416,23.5
1148,L 真・一騎当千,スマスロ,155,104.0,82.0,101.0,0.3354838709677419,37.4
1149,Lスマスロ 鬼武者3(2024年),スマスロ,155,123.0,112.0,117.0,0.2129032258064516,23.6
1150,Lスマスロ頭文字D 2nd,スマスロ,155,78.0,98.0,77.0,0.5032258064516129,47.2
1151,L今日から俺は!! パチスロ編,スマスロ,155,81.0,115.0,130.0,0.4838709677419355,38.2
1152,P CYBORG009 RULE OF SACRIFICE VS SCARL BODY EDITION 199,パチンコ,176,160.0,117.0,69.0,0.09659090909090906,23.5
1153,P 宇宙戦艦ヤマト2202 超波動 G,パチンコ,176,11.0,5.0,5.0,0.9431818181818182,95.7
1154,PAわんわんパラダイスCELEBRATION AGBD,パチンコ,176,81.0,144.0,171.0,0.5454545454545454,37.9
1155,Pフィーバー革命機ヴァルヴレイヴ3 Light ver.,パチンコ,176,22.0,42.0,63.0,0.8806818181818181,81.7
1156,Pルパン三世 ONE COLLECTION H1YZ4,パチンコ,176,128.0,77.0,108.0,0.27840909090909094,36.8
1157,P中森明菜・歌姫伝説～BLACK DIVA 愛～ KD-NS,パチンコ,176,165.0,169.0,170.0,0.06818181818181823,5.8
1158,e 乃木坂46 Ⅱ K4,スマパチ,91,76.0,85.0,68.0,0.17582417582417587,16.4
1159,P大海物語4スペシャル E,海,17,13.0,8.0,11.0,0.2941176470588235,38.5
1160,Lスロット Re:ゼロから始める異世界生活 season2,スマスロ,155,143.0,80.0,39.0,0.08387096774193548,28.6
1161,P弾球黙示録カイジ沼5 ざわっ・・・79Ver.,パチンコ,176,66.0,153.0,120.0,0.6306818181818181,46.1
1162,P江頭2:50inナナシーLT V3,パチンコ,176,65.0,86.0,53.0,0.6363636363636364,61.7
1163,L 新・必殺仕置人 回胴 CRASH SPEC,スマスロ,155,51.0,50.0,27.0,0.6774193548387097,70.2
1164,Lバンドリ!,スマスロ,155,100.0,76.0,103.0,0.3612903225806452,39.7
1165,Pモンスターハンターライズ GRPG,パチンコ,176,74.0,36.0,44.0,0.5852272727272727,66.5
1166,Pラブ嬢 ～極嬢のハーレム体験～ 129ver.,パチンコ,176,116.0,137.0,107.0,0.34659090909090906,32.4
1167,Pリング 呪いの7日間3 甘デジver.,パチンコ,176,49.0,69.0,72.0,0.7272727272727273,67.9
1168,P大海物語5スペシャル ALTA,海,17,2.0,1.0,4.0,0.9411764705882353,93.8
1169,P義風堂々!!～兼続と慶次～3 199ver.,パチンコ,176,86.0,80.0,59.0,0.5170454545454546,54.9
1170,P転生したらスライムだった件 NB,パチンコ,176,57.0,51.0,125.0,0.6818181818181819,63.2
1171,e スマパチ SSSS.GRIDMAN XVSM,スマパチ,91,33.0,32.0,27.0,0.6483516483516483,66.1
1172,eフィーバーからくりサーカス2 魔王ver.,スマパチ,91,68.0,75.0,85.0,0.2637362637362637,21.6
1173,e大海物語5スペシャル ELTA4,海,17,6.0,4.0,17.0,0.7058823529411764,63.8
1174,Lスマスロ モンスターハンターライズ,スマスロ,155,50.0,69.0,92.0,0.6838709677419355,61.3
1175,Lスマート沖スロ 超華祭,スマスロ,155,12.0,63.0,41.0,0.9290322580645162,81.9
1176,Lダブルアタック2 withOZS-1000＆RAPHAEL,スマスロ,155,20.0,24.0,8.0,0.8774193548387097,88.3
1177,P にゃんこ大戦争 多様性のネコ M4,パチンコ,176,129.0,95.0,124.0,0.2727272727272727,32.5
1178,PA銀河英雄伝説 Die Neue These 遊パチスペック,パチンコ,176,69.0,121.0,26.0,0.6136363636363636,57.6
1179,L 犬夜叉2,スマスロ,155,112.0,60.0,37.0,0.28387096774193543,44.0
1180,Lスマスロ 聖戦士ダンバイン,スマスロ,155,129.0,94.0,131.0,0.17419354838709677,22.9
1181,Lルパン三世 大航海者の秘宝,スマスロ,155,105.0,77.0,76.0,0.3290322580645161,40.2
1182,L桃太郎電鉄 ～パチスロも定番!～,スマスロ,155,111.0,118.0,100.0,0.29032258064516125,29.0
1183,P ToLOVEるダークネス 199ver.,パチンコ,176,95.0,63.0,127.0,0.46590909090909094,48.4
1184,P ゴジラ対エヴァンゲリオン セカンドインパクト G R,エヴァ,13,7.0,3.0,1.0,0.5384615384615384,68.5
1185,Pえとたま2 神祭 MY,パチンコ,176,23.0,12.0,13.0,0.875,89.9
1186,Pフィーバー機動戦士ガンダムSEED LT-Light ver.,パチンコ,176,33.0,20.0,9.0,0.8181818181818181,85.7
1187,P盾の勇者の成り上がり GFPC,パチンコ,176,54.0,35.0,122.0,0.6988636363636364,66.8
1188,P真・一騎当千～桃園の誓い～ 199LTver.,パチンコ,176,110.0,84.0,54.0,0.38068181818181823,46.5
1189,e大工の源さん超韋駄天2 フルスイングLT,スマパチ,91,12.0,16.0,9.0,0.8791208791208791,87.3
1190,ウルトラミラクルジャグラー,ジャグラー,9,6.0,6.0,5.0,0.4444444444444444,46.1
1191,沖ドキ!ゴージャス,沖スロ,23,5.0,2.0,3.0,0.8260869565217391,87.2
1192,沖ドキ!ゴージャス-30,沖スロ,23,2.0,1.0,2.0,0.9565217391304348,96.7
1193,Lスマスロ 一方通行 とある魔術の禁書目録,スマスロ,155,102.0,89.0,56.0,0.34838709677419355,41.4
1194,Lスーパービンゴネオ(2024年),スマスロ,155,146.0,71.0,24.0,0.06451612903225812,30.4
1195,Lパチスロ ダンベル何キロ持てる?,スマスロ,155,93.0,36.0,137.0,0.40645161290322585,45.6
1196,P STEINS；GATE 0 L2-K,パチンコ,176,85.0,58.0,75.0,0.5227272727272727,57.0
1197,e ゴジラ対エヴァンゲリオン セカンドインパクト G～破壊神覚醒～ bA,エヴァ,13,5.0,2.0,3.0,0.6923076923076923,77.3
1198,e ソードアート・オンライン 閃光の軌跡 K7,スマパチ,91,89.0,88.0,84.0,0.03296703296703296,4.4
1199,L サラリーマン金太郎(2025年),スマスロ,155,133.0,83.0,55.0,0.1483870967741936,30.5
1200,Lチバリヨ2プラス,沖スロ,23,18.0,8.0,5.0,0.26086956521739135,45.4
1201,PA世紀末・天才バカボン～神SPEC凱旋～ 99ver.,パチンコ,176,42.0,40.0,57.0,0.7670454545454546,75.7
1202,PLTジューシーハニー極嬢 MA,パチンコ,176,107.0,73.0,52.0,0.3977272727272727,49.3
1203,Pネオモンスターハウス 99Ver.,パチンコ,176,102.0,160.0,123.0,0.42613636363636365,32.6
1204,P世界最高の暗殺者、異世界貴族に転生する JMB,パチンコ,176,101.0,59.0,39.0,0.43181818181818177,54.4
1205,P戦国乙女7 終焉の関ケ原 L9YY7,パチンコ,176,162.0,110.0,133.0,0.08522727272727271,18.4
1206,P清流物語4 ヌシを求めて4000匹 HLC,パチンコ,176,104.0,135.0,146.0,0.4147727272727273,33.5
1207,e ULTRAMAN 2400★80,スマパチ,91,21.0,19.0,16.0,0.7802197802197802,79.4
1208,eぱちんこ押忍!番長 漢の頂 L09,スマパチ,91,58.0,64.0,57.0,0.37362637362637363,35.9
1209,eフィーバー戦姫絶唱シンフォギア4 キャロルver.,スマパチ,91,38.0,41.0,67.0,0.5934065934065934,53.7
1210,スターハナハナ-30,沖スロ,23,8.0,19.0,21.0,0.6956521739130435,49.1
1211,L A-SLOT+ ディスクアップ ULTRAREMIX,スマスロ,155,17.0,96.0,154.0,0.896774193548387,63.7
1212,L にゃんこ大戦争 超神速,スマスロ,155,116.0,74.0,48.0,0.25806451612903225,39.2
1213,Lスマート沖スロ スターハナハナ,沖スロ,23,13.0,21.0,15.0,0.4782608695652174,37.8
1214,Lパチスロ シン・エヴァンゲリオン,エヴァ,13,12.0,11.0,13.0,0.15384615384615385,16.2
1215,L七つの魔剣が支配する,スマスロ,155,113.0,119.0,89.0,0.2774193548387097,29.1
1216,L島娘(2025年),スマスロ,155,132.0,30.0,111.0,0.1548387096774193,34.0
1217,PA花の慶次 裂 99ver.,パチンコ,176,104.0,138.0,139.0,0.4147727272727273,33.7
1218,Pゲゲゲの鬼太郎 獅子奮迅 99ver.,パチンコ,176,109.0,143.0,132.0,0.38636363636363635,31.8
1219,Pハネモノ ファミリースタジアム MD,パチンコ,176,55.0,175.0,174.0,0.6931818181818181,42.1
1220,Pブラックラグーン4 EXTRA BULLET 129ver.,パチンコ,176,139.0,103.0,130.0,0.21590909090909094,27.5
1221,P花の慶次 裂 蓮極129ver.,パチンコ,176,141.0,109.0,99.0,0.20454545454545459,28.6
1222,L 東京喰種,東京喰種,3,3.0,3.0,3.0,0.33333333333333337,33.3
1223,Lスマスロ シャーマンキング,スマスロ,155,98.0,68.0,60.0,0.37419354838709673,45.9
1224,Lスマスロスーパーブラックジャック(2025年),スマスロ,155,101.0,101.0,62.0,0.3548387096774194,39.3
1225,Lパチスロ ありふれた職業で世界最強,スマスロ,155,125.0,108.0,105.0,0.19999999999999996,24.7
1226,P 冬のソナタ My Memory M7,パチンコ,176,59.0,75.0,116.0,0.6704545454545454,59.9
1227,PLT OVERLORD魔導王光臨 129ver.,パチンコ,176,24.0,11.0,32.0,0.8693181818181819,88.1
1228,Pとある魔術の禁書目録2 Light PREMIUM 2000 ver.,パチンコ,176,174.0,155.0,153.0,0.017045454545454586,6.2
1229,Pぱちんこ シン・エヴァンゲリオン 129 LT ver.,エヴァ,13,10.0,12.0,8.0,0.3076923076923077,29.2
1230,Pフィーバー戦姫絶唱シンフォギア4 199ver.,パチンコ,176,118.0,91.0,101.0,0.3352272727272727,38.8
1231,P愛の不時着 MF,パチンコ,176,25.0,13.0,20.0,0.8636363636363636,88.5
1232,eルパン三世 ONE COLLECTION 超ブチヌキLT ver.,スマパチ,91,81.0,78.0,54.0,0.1208791208791209,17.4
1233,e蒼天の拳 羅龍 SREN,スマパチ,91,46.0,47.0,59.0,0.5054945054945055,48.1
1234,e閃乱カグラ LTM-JF,スマパチ,91,49.0,50.0,56.0,0.4725274725274725,45.8
1235,Pクイーンズブレイド4 ナナエルver.,パチンコ,176,145.0,151.0,105.0,0.18181818181818177,20.7
1236,Pデビルマン THE FINAL N4-S,パチンコ,176,52.0,47.0,65.0,0.7102272727272727,70.6
1237,P緋弾のアリア ～緋緋神降臨～ 199Ver.,パチンコ,176,97.0,70.0,46.0,0.4545454545454546,53.6
1238,L Sister Quest(2025年),スマスロ,155,86.0,73.0,69.0,0.4516129032258065,48.9
1239,L スマスロ バイオハザード5(2025年),スマスロ,155,108.0,110.0,71.0,0.3096774193548387,34.2
1240,Lてぃだどんどん,スマスロ,155,80.0,46.0,23.0,0.4903225806451613,60.0
1241,L回胴黙示録カイジ 狂宴,スマスロ,155,140.0,122.0,110.0,0.10322580645161294,16.1
1242,L少女☆歌劇 レヴュースタァライト -The SLOT-,スマスロ,155,56.0,128.0,85.0,0.6451612903225806,50.1
1243,P FAIRY TAIL 89Ver.,パチンコ,176,175.0,152.0,138.0,0.011363636363636354,7.6
1244,P リングにかけろ1 L5-S,パチンコ,176,21.0,17.0,19.0,0.8863636363636364,89.4
1245,P 俺の妹がこんなに可愛いわけがない。 M3,パチンコ,176,12.0,10.0,17.0,0.9375,93.6
1246,PA大海物語5 ブラック LT99ver.,海,17,4.0,5.0,2.0,0.8235294117647058,82.6
1247,Pバンドリ! Light ver.,パチンコ,176,36.0,82.0,112.0,0.8011363636363636,67.1
1248,eフィーバーダンジョンに出会いを求めるのは間違っているだろうか2 G,スマパチ,91,23.0,29.0,34.0,0.7582417582417582,72.4
1249,L 仮面ライダー電王,スマスロ,155,119.0,85.0,67.0,0.2387096774193549,34.4
1250,P モモキュンソード 速撃3000+,パチンコ,176,48.0,19.0,41.0,0.7329545454545454,78.0
1251,PAひぐらしのなく頃に 輪廻転生 99Ver.,パチンコ,176,123.0,148.0,168.0,0.30681818181818177,23.3
1252,PA魔王学院の不適合者 魔王再臨 99Ver,パチンコ,176,171.0,162.0,93.0,0.03409090909090906,11.3
1253,Pうまい棒2 V3,パチンコ,176,170.0,113.0,88.0,0.03977272727272729,19.1
1254,Pうる星やつら～Eternal Love Song～ 129ver.,パチンコ,176,76.0,106.0,61.0,0.5738636363636364,54.4
1255,e真・北斗無双 第5章 ドデカSTART,北斗,14,9.0,10.0,4.0,0.4285714285714286,46.4
1256,Lうしおととら白面決戦VH,スマスロ,155,40.0,25.0,63.0,0.7483870967741936,75.0
1257,Lゴジラ(2025年),スマスロ,155,31.0,9.0,138.0,0.8064516129032258,73.8
1258,Lスマスロ マギアレコード 魔法少女まどか☆マギカ外伝,まどマギ,7,6.0,4.0,6.0,0.2857142857142857,35.7
1259,Lスマート沖スロ アメイジングライブ,スマスロ,155,18.0,26.0,31.0,0.8903225806451613,86.5
1260,Pアナザーゴッドハーデス-獄炎- SB,パチンコ,176,53.0,41.0,28.0,0.7045454545454546,74.3
1261,Pフィーバーうたわれるもの 199ver.,パチンコ,176,125.0,74.0,76.0,0.2954545454545454,41.0
1262,P少女☆歌劇 レヴュースタァライト ラッキートリガー4500,パチンコ,176,115.0,78.0,71.0,0.3522727272727273,44.2
1263,e シン・ウルトラマン K3,スマパチ,91,32.0,27.0,19.0,0.6593406593406593,69.5
1264,eフィーバーうたわれるもの Z,スマパチ,91,18.0,20.0,20.0,0.8131868131868132,80.4
1265,e牙狼 神速神撃3000LT,スマパチ,91,79.0,69.0,82.0,0.1428571428571429,16.5
1266,Lスマスロ アイドルマスター ミリオンライブ! ネクストプロローグ,スマスロ,155,57.0,62.0,26.0,0.6387096774193548,66.1
1267,L吉宗(2025年),スマスロ,155,70.0,37.0,50.0,0.5548387096774193,62.7
1268,L麻雀物語(2025年),スマスロ,155,99.0,86.0,88.0,0.367741935483871,39.9
1269,Pゾンビランドサガ SCPC,パチンコ,176,114.0,89.0,49.0,0.3579545454545454,44.9
1270,P痛いのは嫌なので防御力に極振りしたいと思います。 FHZ,パチンコ,176,153.0,96.0,97.0,0.13636363636363635,26.5
1271,e 東京喰種 W,東京喰種,3,2.0,2.0,2.0,0.6666666666666667,66.7
1272,Lスマスロ ようこそ実力至上主義の教室へ,スマスロ,155,45.0,49.0,20.0,0.7161290322580645,73.4
1273,Lスマスロ 緑ドン VIVA!情熱南米編 REVIVAL,スマスロ,155,68.0,66.0,98.0,0.567741935483871,54.2
1274,Lパチスロ 機動戦士ガンダムSEED,スマスロ,155,79.0,34.0,38.0,0.49677419354838714,60.9
1275,P ToLOVEるダークネス 100ver.,パチンコ,176,28.0,44.0,73.0,0.8465909090909091,78.6
1276,P 宇宙戦艦ヤマト2202 超波動 森雪 199LT ver.,パチンコ,176,27.0,21.0,10.0,0.8522727272727273,87.5
1277,P 織田信奈の野望 下剋上 V1D,パチンコ,176,93.0,65.0,82.0,0.4772727272727273,52.6
1278,PLT世界でいちばん強くなりたい!2 MQ,パチンコ,176,41.0,22.0,15.0,0.7727272727272727,82.2
1279,Pフィーバー機動戦士ガンダムユニコーン再来 129ver.,パチンコ,176,3.0,4.0,6.0,0.9886363636363636,98.5
1280,P乗物娘 with CYBER JAPAN DANCERS 2nd season LM3,パチンコ,176,46.0,55.0,40.0,0.7443181818181819,73.7
1281,P攻殻機動隊SAC_2045 大入りLTver,パチンコ,176,83.0,93.0,94.0,0.5340909090909092,51.1
1282,P海物語 極JAPAN HTH,海,17,17.0,13.0,8.0,0.05882352941176472,19.7
1283,e 仮面ライダーBLACK KRJ2,スマパチ,91,51.0,58.0,45.0,0.4505494505494505,44.1
1284,デジハネP北斗の拳 慈母 SSPC,北斗,14,10.0,13.0,9.0,0.3571428571428571,31.4
1285,P【超甘LT】江頭2:50inナナシー 奇跡の99%,パチンコ,176,5.0,26.0,50.0,0.9772727272727273,90.9
1286,L ToLOVEるダークネス TRANCE ver.8.7,スマスロ,155,60.0,14.0,126.0,0.6193548387096774,63.0
1287,L花笠,スマスロ,155,64.0,38.0,25.0,0.5935483870967742,67.3
1288,Pフィーバー機動戦士ガンダムユニコーン 再来 129ver.,パチンコ,176,89.0,72.0,81.0,0.5,53.1
1289,L ULTRAMAN,スマスロ,155,63.0,59.0,78.0,0.6,59.2
1290,L スマスロ デビル メイ クライ 5 スタイリッシュトライブ,スマスロ,155,136.0,109.0,49.0,0.12903225806451613,25.7
1291,LBスマスロニューパルサーBT,スマスロ,155,71.0,132.0,97.0,0.5483870967741935,42.5
1292,LBパチスロ1000ちゃんA,スマスロ,155,39.0,126.0,134.0,0.7548387096774194,52.3
1293,LBプレミアムうまい棒,スマスロ,155,85.0,139.0,61.0,0.4580645161290322,39.4
1294,LB翔べ!ハーレムエース,スマスロ,155,89.0,147.0,102.0,0.432258064516129,32.6
1295,Lいざ!番長,スマスロ,155,55.0,55.0,74.0,0.6516129032258065,63.3
1296,Lスマスロ ギルティクラウン2,スマスロ,155,103.0,117.0,71.0,0.3419354838709677,35.0
1297,P DD北斗の拳3 百突99ver.,北斗,14,4.0,12.0,6.0,0.7857142857142857,62.1
1298,PA海物語3R3 LBA(クリスタルシェル),海,17,5.0,9.0,6.0,0.7647058823529411,69.7
1299,PLT激デジ ジューシーハニー極嬢 77LT-ARB,パチンコ,176,146.0,136.0,155.0,0.17613636363636365,18.3
1300,Pフィーバーマクロスフロンティア5 LT-Light ver.,パチンコ,176,72.0,87.0,84.0,0.5965909090909092,56.5
1301,P緋弾のアリア ～緋緋神降臨～ 88Ver.,パチンコ,176,144.0,142.0,96.0,0.1875,23.1
1302,e 新・必殺仕置人S 超斬撃99,スマパチ,91,42.0,57.0,61.0,0.5494505494505495,47.7
1303,eフィーバー彼女、お借りします H,スマパチ,91,66.0,65.0,80.0,0.2857142857142857,26.5
1304,e冴えない彼女の育てかた LX04,スマパチ,91,40.0,43.0,51.0,0.5714285714285714,54.5
1305,e範馬刃牙 XAM2,スマパチ,91,37.0,37.0,32.0,0.6043956043956045,61.3
1306,デジハネPモンスターハンターライズ GSPB,その他,65,6.0,11.0,2.0,0.9230769230769231,91.3
1307,L 絶対衝激～PLATONIC HEART～,スマスロ,155,117.0,149.0,35.0,0.25161290322580643,27.9
1308,デカスタP戦国無双 HM3,その他,65,5.0,7.0,4.0,0.9384615384615385,93.3
1309,LBアレックス ブライト,スマスロ,155,53.0,131.0,146.0,0.6645161290322581,44.9
1310,LBパチスロ ヱヴァンゲリヲン ～約束の扉～,スマスロ,155,66.0,150.0,139.0,0.5806451612903225,37.5
1311,Lわたしの幸せな結婚,スマスロ,155,59.0,65.0,144.0,0.6258064516129032,53.4
1312,PA CYBORG009 RULE OF SACRIFICE LT99Ver,パチンコ,176,126.0,134.0,118.0,0.2897727272727273,28.5
1313,PAフィーバー機動戦士ガンダムユニコーン 再来 99ver.,パチンコ,176,32.0,50.0,58.0,0.8238636363636364,77.6
1314,Pドラムだ!金ドン 花火外伝 99ver.,パチンコ,176,40.0,45.0,21.0,0.7784090909090909,78.8
1315,e 犬夜叉3.0 LTM-TS,スマパチ,91,17.0,17.0,22.0,0.8241758241758241,81.6
1316,eフィーバー炎炎ノ消防隊2 シンラver.,スマパチ,91,74.0,70.0,77.0,0.19780219780219777,20.4
1317,eフィーバー炎炎ノ消防隊2 紅丸ver.,スマパチ,91,73.0,71.0,88.0,0.20879120879120883,19.0
1318,e一方通行 とある魔術の禁書目録 JKZ,スマパチ,91,80.0,82.0,83.0,0.13186813186813184,12.1
1319,e冒険島 EHLC2,スマパチ,91,15.0,14.0,26.0,0.8461538461538461,83.1
1320,e東京リベンジャーズ GFEC,スマパチ,91,60.0,56.0,72.0,0.3516483516483516,34.3
1321,ハイビリターン-30,その他,65,24.0,3.0,12.0,0.6461538461538461,75.5
1322,PAコマコマ倶楽部with坂本冬美 89STver.,パチンコ,176,71.0,158.0,134.0,0.6022727272727273,42.5
1323,e マギアレコード 魔法少女まどか☆マギカ外伝 KRJ1,まどマギ,7,3.0,3.0,3.0,0.7142857142857143,71.4
1324,デカスタe花の慶次～傾奇一転 H6,その他,65,9.0,10.0,11.0,0.8769230769230769,86.8
1325,L アズールレーン THE ANIMATION,スマスロ,155,74.0,56.0,104.0,0.5290322580645161,52.9
1326,L ダーリン・イン・ザ・フランキス,スマスロ,155,58.0,28.0,45.0,0.6322580645161291,69.3
1327,LBマタドールⅢ,スマスロ,155,72.0,145.0,57.0,0.5419354838709678,43.9
1328,Lパチスロ 転生したら剣でした,スマスロ,155,76.0,91.0,83.0,0.5161290322580645,48.5
1329,L咲-Saki- 頂上決戦,スマスロ,155,47.0,54.0,33.0,0.7032258064516129,70.5
1330,Pクイーンズブレイド奈落 5400,パチンコ,176,61.0,39.0,36.0,0.6590909090909092,71.2
1331,Pフィーバー戦姫絶唱シンフォギア4 LT-Light ver.,パチンコ,176,168.0,147.0,144.0,0.051136363636363646,10.1
1332,Pフィーバー戦姫絶唱シンフォギア4 Light ver.,パチンコ,176,147.0,161.0,149.0,0.17045454545454541,14.9
1333,eシャーマンキング MH,スマパチ,91,36.0,35.0,42.0,0.6153846153846154,60.8
1334,eシャーマンキング でっけぇえなver.,スマパチ,91,87.0,87.0,62.0,0.05494505494505497,9.6
1335,e牙狼12黄金騎士極限 XX-MJ,スマパチ,91,9.0,10.0,44.0,0.9120879120879121,85.2
1336,e真・一騎当千～軍神覚醒～ 319大入りver.,スマパチ,91,64.0,59.0,50.0,0.3076923076923077,34.5
1337,e黄門ちゃま寿限無 LLサイズ 9HC3,スマパチ,91,91.0,83.0,52.0,0.01098901098901095,9.7
1338,e GODZILLA7 TYPE-CRASH,スマパチ,91,22.0,22.0,29.0,0.7692307692307692,75.8
1339,e女神のカフェテラス JLZ,スマパチ,91,29.0,25.0,31.0,0.6923076923076923,70.0
1340,LBトリプルクラウン(2025年),スマスロ,155,155.0,155.0,153.0,0.006451612903225823,0.8
1341,もっと!クレアの秘宝伝～女神の歌声と太陽の子供達～,その他,65,59.0,64.0,31.0,0.10769230769230764,15.3
1342,ドンちゃん2(2019年),その他,65,65.0,65.0,60.0,0.01538461538461533,2.7
1343,ネオアイムジャグラーEX,ジャグラー,9,3.0,3.0,8.0,0.7777777777777778,69.4
1344,LBクレアの秘宝伝 ～はじまりの扉と太陽の石～ ボーナストリガーver.,スマスロ,155,84.0,143.0,127.0,0.46451612903225803,32.8
1345,Lスマスロ ドルアーガの塔,スマスロ,155,107.0,140.0,81.0,0.31612903225806455,28.8
1346,Lスマスロ 東京リベンジャーズ,スマスロ,155,32.0,40.0,54.0,0.8,76.6
1347,P FAIRY TAIL 超一夜Ver.,パチンコ,176,158.0,127.0,94.0,0.10795454545454541,20.7
1348,P アズールレーン THE ANIMATION 異次元トリガー 79ver.,パチンコ,176,142.0,145.0,145.0,0.19886363636363635,19.2
1349,PAぱちんこ シン・エヴァンゲリオン PREMIUM MODEL,エヴァ,13,2.0,7.0,4.0,0.9230769230769231,80.4
1350,P戦国乙女7 終焉の関ケ原 LLサイズ 299ver.,パチンコ,176,167.0,118.0,83.0,0.05681818181818177,19.8
1351,SLOTドルアーガの塔,その他,65,29.0,24.0,13.0,0.5692307692307692,62.5
1352,eパリピ孔明 NB,スマパチ,91,27.0,31.0,33.0,0.7142857142857143,69.3
1353,eフィーバーブルーロック MZ,スマパチ,91,50.0,45.0,47.0,0.46153846153846156,48.0
1354,デジハネP 頭文字D せかんど GCPC,その他,65,2.0,4.0,7.0,0.9846153846153847,96.5
1355,LBマジカルハロウィン ボーナストリガー,スマスロ,155,87.0,142.0,53.0,0.44516129032258067,38.9
1356,P【超甘LT】豊丸のとあるパチンコにしみけん参戦 感度UP1/39,パチンコ,176,19.0,28.0,11.0,0.8977272727272727,89.2
1357,Pルパン三世 ONE COLLECTION 100ver.,パチンコ,176,103.0,116.0,48.0,0.4204545454545454,44.9
1358,デカスタPデビルマン THE FINAL 179ver.,その他,65,7.0,8.0,19.0,0.9076923076923077,87.6
1359,Lスマスロ バベル(2025年),スマスロ,155,29.0,22.0,11.0,0.8193548387096774,84.8
1360,Lスマスロ 新鬼武者3,スマスロ,155,46.0,48.0,73.0,0.7096774193548387,68.0
1361,L主役は銭形5,スマスロ,155,75.0,33.0,66.0,0.5225806451612903,59.9
1362,P 冬のソナタ My Memory SWEET Version,パチンコ,176,45.0,128.0,164.0,0.75,53.1
1363,PAフィーバーダンジョンに出会いを求めるのは間違っているだろうか2 LT-Light ver.,パチンコ,176,38.0,36.0,27.0,0.7897727272727273,80.2
1364,Pスーパー海物語IN沖縄6 LTP,海,17,11.0,6.0,15.0,0.4117647058823529,45.0
1365,e ベルセルク無双 第2章 H3,スマパチ,91,26.0,28.0,24.0,0.7252747252747253,72.3
1366,e 聖戦士ダンバイン3 ZEROSONIC GREA,スマパチ,91,70.0,66.0,60.0,0.2417582417582418,26.9
1367,eとある科学の超電磁砲 PHASE NEXT LTRSY,スマパチ,91,1.0,1.0,1.0,1.0,100.0
1368,eガールズ＆パンツァー 最終章 LAH1,スマパチ,91,45.0,44.0,40.0,0.5164835164835164,52.7
1369,L 荒野のコトブキ飛行隊,スマスロ,155,16.0,19.0,9.0,0.9032258064516129,90.5
1370,LB SHAKE BONUS TRIGGER,スマスロ,155,30.0,104.0,145.0,0.8129032258064516,58.2
1371,PA義風堂々!!～兼続と慶次～3 99Ver.,パチンコ,176,165.0,150.0,109.0,0.06818181818181823,13.7
1372,Pゴッドイーター199 ゴッドトリガーVER.,パチンコ,176,15.0,6.0,35.0,0.9204545454545454,91.6
1373,デカスタP STEINS；GATE 0 まゆしぃば～じょん,その他,65,12.0,41.0,15.0,0.8307692307692307,71.2
1374,L 絶対衝激Ⅳ,スマスロ,155,54.0,47.0,18.0,0.6580645161290323,70.4
1375,Lスマスロ とある科学の超電磁砲2,スマスロ,155,67.0,78.0,52.0,0.5741935483870968,57.1
1376,Lパチスロ 革命機ヴァルヴレイヴ2,スマスロ,155,48.0,32.0,133.0,0.6967741935483871,64.0
1377,P Re:ゼロから始める異世界生活 鬼がかり 199ver.,パチンコ,176,122.0,62.0,42.0,0.3125,46.6
1378,P Re:ゼロから始める異世界生活 鬼がかり 99ver.,パチンコ,176,136.0,130.0,55.0,0.23295454545454541,31.1
1379,P いくさの子 戦極最強 ドデカ199ver.,パチンコ,176,31.0,18.0,2.0,0.8295454545454546,87.3
1380,Pはねものファインプレー H3,パチンコ,176,58.0,174.0,173.0,0.6761363636363636,41.3
1381,P転生したらスライムだった件 129ver.,パチンコ,176,18.0,43.0,161.0,0.9034090909090909,74.6
1382,e ノーゲーム・ノーライフ 199Ver.,スマパチ,91,55.0,48.0,49.0,0.4065934065934066,43.6
1383,e ノーゲーム・ノーライフ 319Ver.,スマパチ,91,41.0,38.0,23.0,0.5604395604395604,59.8
1384,e 仮面ライダー電王 デカヘソ239,スマパチ,91,88.0,84.0,46.0,0.04395604395604391,12.4
1385,eとある科学の超電磁砲 PHASE NEXT LT RSY,スマパチ,91,54.0,51.0,66.0,0.41758241758241754,40.6
1386,eフィーバーもののがたり F,スマパチ,91,85.0,77.0,78.0,0.07692307692307687,11.0
1387,eルパン三世VSキャッツ・アイ MAH4,スマパチ,91,75.0,74.0,63.0,0.18681318681318682,20.9
1388,e源外伝 EPISODE OF -大龍- EHLG,スマパチ,91,34.0,36.0,43.0,0.6373626373626373,61.7
1389,e花の慶次～黄金の一撃 H4,スマパチ,91,84.0,80.0,74.0,0.08791208791208793,11.5
1390,Lスマスロネオプラネット,スマスロ,155,27.0,35.0,30.0,0.832258064516129,81.6
1391,Pメイドインアビス 奈落の連環蝕 SL,パチンコ,176,17.0,14.0,12.0,0.9090909090909091,91.8
1392,e女神のカフェテラス FLX,スマパチ,91,8.0,7.0,11.0,0.9230769230769231,92.1
1393,Lスマスロ 化物語,スマスロ,155,34.0,58.0,122.0,0.7870967741935484,66.3
1394,Lバーニングエクスプレス,スマスロ,155,14.0,12.0,22.0,0.9161290322580645,91.2
1395,Lプリズムナナ(2025年),スマスロ,155,95.0,51.0,64.0,0.3935483870967742,49.5
1396,L銀河英雄伝説 Die Neue These,スマスロ,155,35.0,42.0,70.0,0.7806451612903226,73.5
1397,PAフィーバーからくりサーカス2 Light ver.,パチンコ,176,50.0,52.0,64.0,0.7215909090909092,70.7
1398,PA海物語 極JAPAN Withナギナミ HBD,海,17,10.0,15.0,7.0,0.47058823529411764,42.4
1399,PA野生の王国Ⅵ N2,パチンコ,176,138.0,166.0,147.0,0.22159090909090906,17.4
1400,e アズールレーン2 THE ANIMATION 超次元 K6,スマパチ,91,65.0,61.0,58.0,0.29670329670329665,31.9
1401,e 北斗の拳11 暴凶星 SHEF,北斗,14,5.0,6.0,7.0,0.7142857142857143,67.5
1402,eうしおととら～神のせSPEC～ 150ver.,スマパチ,91,52.0,54.0,71.0,0.43956043956043955,40.3
1403,e地獄少女 7500Ver.,スマパチ,91,90.0,79.0,86.0,0.02197802197802201,5.9
1404,L 無職転生 ～異世界行ったら本気だす～,スマスロ,155,49.0,52.0,40.0,0.6903225806451613,69.4
1405,LB不二子BT,スマスロ,155,42.0,141.0,148.0,0.7354838709677419,47.3
1406,Lスマスロ 沖ドキ!DUO アンコール,沖スロ,23,12.0,4.0,9.0,0.5217391304347826,62.8
1407,Lスマスロ 秘宝伝(2025年),スマスロ,155,69.0,90.0,44.0,0.5612903225806452,55.2
1408,P沖ドキ!ドキドキ弾丸ツアー LG,沖スロ,23,9.0,12.0,1.0,0.6521739130434783,67.2
1409,e 新世紀エヴァンゲリオン ～はじまりの記憶～ R,エヴァ,13,1.0,1.0,9.0,1.0,90.8
1410,LBスマート沖スロ ニューキングハナハナV,沖スロ,23,6.0,11.0,20.0,0.782608695652174,63.7
1411,Lスマスロ 北斗の拳 転生の章2,北斗,14,6.0,1.0,14.0,0.6428571428571428,64.6
1412,Lスマスロ鉄拳6,スマスロ,155,44.0,41.0,93.0,0.7225806451612904,68.0
1413,P ゴジラ対エヴァンゲリオン2 超デカシルバー,エヴァ,13,4.0,5.0,5.0,0.7692307692307692,73.8
1414,PA清流物語4 ウキウキ79ver.,パチンコ,176,79.0,149.0,163.0,0.5568181818181819,38.6
1415,Pフィーバーうたわれるもの LT-Light ver.,パチンコ,176,20.0,24.0,30.0,0.8920454545454546,87.8
1416,Pフィーバー彼女、お借りします LT-Light ver.,パチンコ,176,75.0,67.0,67.0,0.5795454545454546,59.8
1417,SBニューキングハナハナV-30,沖スロ,23,1.0,9.0,18.0,1.0,80.2
1418,e ゴジラ対エヴァンゲリオン2 超デカゴールド,エヴァ,13,9.0,6.0,6.0,0.3846153846153846,47.7
1419,e ソードアート・オンライン 閃光の軌跡 99Ver.,スマパチ,91,78.0,91.0,91.0,0.15384615384615385,9.7
1420,e 盾の勇者の成り上がり アルティメット199ver.,スマパチ,91,62.0,46.0,30.0,0.3296703296703297,42.6
1421,eようこそ実力至上主義の教室へ MA,スマパチ,91,71.0,68.0,89.0,0.23076923076923073,20.9
1422,e吉宗 極乗3000ver.,スマパチ,91,83.0,81.0,75.0,0.09890109890109888,11.8
1423,P【超甘LT】華牌RR 1/49×99de遊タイム,パチンコ,176,84.0,129.0,60.0,0.5284090909090908,48.5
1424,P閃乱カグラ 189大入りver.,パチンコ,176,172.0,141.0,104.0,0.02840909090909094,13.0
1425,e ULTRAMAN 4500超ライト,スマパチ,91,20.0,21.0,25.0,0.7912087912087912,78.0
1426,e範馬刃牙 199ver.,スマパチ,91,44.0,40.0,47.0,0.5274725274725275,53.4
1427,Lスマスロ ゴブリンスレイヤーⅡ,スマスロ,155,36.0,13.0,15.0,0.7741935483870968,83.2
1428,Lスマスロ ハナビ(2026年),スマスロ,155,41.0,146.0,141.0,0.7419354838709677,47.6
1429,Lスマスロ 攻殻機動隊(2026年),スマスロ,155,15.0,23.0,68.0,0.9096774193548387,84.5
1430,Lパチスロ 炎炎ノ消防隊2,スマスロ,155,24.0,31.0,58.0,0.8516129032258064,80.7
1431,Lパチスロうみねこのなく頃に2,スマスロ,155,5.0,92.0,155.0,0.9741935483870968,68.9
1432,L範馬刃牙,スマスロ,155,61.0,61.0,28.0,0.6129032258064516,64.5
1433,PA乗物娘 with CYBER JAPAN DANCERS 2nd season 77ver.,パチンコ,176,35.0,111.0,90.0,0.8068181818181819,65.2
1434,P俺の妹がこんなに可愛いわけがない。 攻略!!スキップ159ver.,パチンコ,176,10.0,7.0,38.0,0.9488636363636364,92.9
1435,P冴えない彼女の育てかた 99ver.,パチンコ,176,106.0,92.0,100.0,0.40340909090909094,42.8
1436,P黄門ちゃま寿限無 99ver.,パチンコ,176,119.0,114.0,150.0,0.3295454545454546,31.0
1437,e 真・北斗無双 第5章 夢幻闘双 SCEA,北斗,14,11.0,7.0,3.0,0.2857142857142857,44.3
1438,eフィーバーBASTARD!! -暗黒の破壊神- G,スマパチ,91,82.0,73.0,73.0,0.10989010989010994,14.9
1439,e異世界でチート能力を手にした俺は現実世界をも無双する ～レベルアップは人生を変えた～ FSZ,スマパチ,91,86.0,86.0,79.0,0.06593406593406592,7.7
1440,P黄門ちゃま寿限無 LLサイズ 259ver.,パチンコ,176,111.0,125.0,43.0,0.375,41.3
1441,P 俺の妹がこんなに可愛いわけがない。 攻略!!スキップ159ver.,パチンコ,176,80.0,57.0,115.0,0.5511363636363636,55.4
1442,LBスマスロ サンダーV(2026年),スマスロ,155,22.0,105.0,150.0,0.864516129032258,60.7
1443,Lスマスロ 甲鉄城のカバネリ 海門決戦,スマスロ,155,4.0,8.0,136.0,0.9806451612903225,84.6
1444,P Re:ゼロから始める異世界生活 season2 129ver.,パチンコ,176,86.0,56.0,55.0,0.5170454545454546,58.6
1445,P Re:ゼロから始める異世界生活 season2 249ver.,パチンコ,176,124.0,71.0,84.0,0.30113636363636365,41.1
1446,P戦国乙女7 終焉の関ケ原 99ver.,パチンコ,176,147.0,146.0,158.0,0.17045454545454541,16.2
1447,P痛いのは嫌なので防御力に極振りしたいと思います。 極振り129ver,パチンコ,176,133.0,98.0,70.0,0.25,35.3
1448,e 甲鉄城のカバネリ2 咲かせや燦然 GFEA,スマパチ,91,46.0,42.0,38.0,0.5054945054945055,53.0
1449,e 魔法少女まどか☆マギカ3 時間遡行～始まりの願い～ LPM1,まどマギ,7,5.0,5.0,4.0,0.4285714285714286,45.0
1450,eアクダマドライブ EHLT,スマパチ,91,56.0,53.0,41.0,0.39560439560439564,42.9
1451,eフィーバーダンベル何キロ持てる？2 F,スマパチ,91,77.0,72.0,70.0,0.1648351648351648,19.0
1452,eワンパンマン2～正義執行 LM10,スマパチ,91,69.0,76.0,64.0,0.25274725274725274,24.2
1453,e牙狼11～冴島大河～ 魔戒BURST Ver.,スマパチ,91,57.0,60.0,53.0,0.3846153846153846,38.3
1454,P モモキュンソード 速撃99ver.,パチンコ,176,90.0,99.0,66.0,0.49431818181818177,50.2
1455,Pえとたま2 神祭 干支甘,パチンコ,176,30.0,32.0,33.0,0.8352272727272727,83.0
1456,e スマパチ SSSS.GRIDMAN メガSTART 159ver.,スマパチ,91,72.0,89.0,35.0,0.21978021978021978,23.4
1457,e 乃木坂46 Ⅱ SWEET Version,スマパチ,91,59.0,90.0,37.0,0.3626373626373627,31.4
1458,LB A-SLOT+ 異世界かるてっと BT,スマスロ,155,38.0,99.0,115.0,0.7612903225806451,58.8
1459,Lアクダマドライブ,スマスロ,155,121.0,43.0,29.0,0.22580645161290325,44.1
1460,Lスマスロヨルムンガンド,スマスロ,155,21.0,18.0,17.0,0.8709677419354839,88.0
1461,L真打 吉宗,スマスロ,155,6.0,4.0,5.0,0.967741935483871,97.2
1462,L虚構推理,スマスロ,155,26.0,27.0,32.0,0.8387096774193549,83.1
1463,P にゃんこ大戦争 多様性のネコ 神さまにおまかせ88ver.,パチンコ,176,67.0,83.0,162.0,0.625,52.1
1464,P ウルトラマンメビウス デカヘソ319,パチンコ,176,37.0,15.0,14.0,0.7954545454545454,84.6
1465,e 終末のワルキューレ EREA,スマパチ,91,30.0,18.0,13.0,0.6813186813186813,74.2
1466,eラグナドール 妖しき皇帝と終焉の夜叉姫 CMB,スマパチ,91,25.0,26.0,21.0,0.7362637362637363,74.0
1467,eリコリス・リコイル M3,スマパチ,91,3.0,3.0,7.0,0.978021978021978,97.1
1468,e転生したらスライムだった件2 MF,スマパチ,91,39.0,39.0,55.0,0.5824175824175823,55.6
1469,Lアニマルスロットドッチ,スマスロ,155,19.0,17.0,13.0,0.8838709677419355,89.3
1470,Lスマスロ ミリオンゴッド-神々の軌跡-,スマスロ,155,3.0,3.0,2.0,0.9870967741935484,98.8
1471,Lパチスロ 機動戦士ガンダムユニコーン 覚醒DRIVE,スマスロ,155,8.0,6.0,6.0,0.9548387096774194,96.0
1472,e86-エイティシックス- MAM2,スマパチ,91,28.0,23.0,17.0,0.7032967032967032,73.5
1473,eフィーバーキン肉マン,スマパチ,91,14.0,15.0,18.0,0.8571428571428572,84.8
1474,eリング 最恐領域 RHA,スマパチ,91,35.0,34.0,28.0,0.6263736263736264,64.1
1475,Lスマスロ スーパーリオエース2,スマスロ,155,9.0,11.0,10.0,0.9483870967741935,94.4
1476,Lスマスロ バイオハザードRE:3,スマスロ,155,25.0,20.0,19.0,0.8451612903225807,85.9
1477,Lスマスロ ビッグドリーム THE GOLDEN PUSHER,スマスロ,155,28.0,5.0,4.0,0.8258064516129032,88.6
1478,Lタクトオーパス デスティニー,スマスロ,155,11.0,15.0,16.0,0.935483870967742,92.4
1479,Pクイーンズブレイド奈落 ナナエル79Ver.,パチンコ,176,39.0,31.0,23.0,0.7840909090909091,80.9
1480,PフィーバークィーンⅡ YS,パチンコ,176,43.0,154.0,167.0,0.7613636363636364,49.8
1481,e バイオハザード6 APN,スマパチ,91,19.0,13.0,10.0,0.8021978021978022,83.4
1482,eひきこまり吸血姫の悶々 FHV,スマパチ,91,4.0,4.0,4.0,0.967032967032967,96.7
1483,eまわるん超ワープ ギンギラパラダイス VIVA FESTA HTA2,スマパチ,91,16.0,24.0,39.0,0.8351648351648352,77.5
1484,eカケグルイ 7500ver,スマパチ,91,13.0,11.0,15.0,0.8681318681318682,87.0
1485,eライザのアトリエ 常闇の女王と秘密の隠れ家 K3,スマパチ,91,11.0,12.0,14.0,0.8901098901098901,88.2
1486,eルパン三世VSキャッツ・アイ 157ver. 極限突破ブッた斬り7500,スマパチ,91,31.0,30.0,12.0,0.6703296703296704,70.4
1487,デカスタP戦国無双 100ver.,その他,65,3.0,12.0,8.0,0.9692307692307692,92.3
1488,LBスロットGALFY,スマスロ,155,10.0,44.0,87.0,0.9419354838709677,81.3
1489,P 犬夜叉3.0 大入り 甘SPEC,パチンコ,176,4.0,8.0,3.0,0.9829545454545454,97.8
1490,Lスマスロ BIRDIE WING -Golf Girls’ Story-,スマスロ,155,7.0,7.0,7.0,0.9612903225806452,96.1
1491,Lスロット ソードアート・オンラインⅡ,スマスロ,155,2.0,1.0,1.0,0.9935483870967742,99.6
1492,L戦国乙女5 業火を穿つ宿焔の双刃,スマスロ,155,1.0,2.0,3.0,1.0,99.6
1493,P 魔法少女まどか☆マギカ3 キュゥべえver.,まどマギ,7,2.0,2.0,2.0,0.8571428571428572,85.7
1494,PAスーパー海物語IN沖縄6 Withえなこ RBD,海,17,1.0,3.0,1.0,1.0,97.1
1495,PA花の慶次～傾奇一転 87ver.,パチンコ,176,2.0,25.0,7.0,0.9943181818181818,95.7
1496,e 化物語 鬼99ver.,スマパチ,91,6.0,8.0,6.0,0.945054945054945,94.0
1497,e 学園黙示録ハイスクール・オブ・ザ・デッド3 V1A,スマパチ,91,10.0,9.0,5.0,0.9010989010989011,91.2
1498,e 東京喰種 超デカ 超一撃 ver.,東京喰種,3,1.0,1.0,1.0,1.0,100.0
1499,eソードアート・オンライン オルタナティブ ガンゲイル・オンライン M08,スマパチ,91,2.0,2.0,2.0,0.989010989010989,98.9
1500,eフィーバー デッドマウント・デスプレイ 魂神9000,スマパチ,91,5.0,5.0,3.0,0.9560439560439561,95.9
1501,e冥妃転生 CMP,スマパチ,91,7.0,6.0,8.0,0.9340659340659341,93.5
1502,遊moreLT PエガブレイブVVV AX4,その他,65,1.0,5.0,1.0,1.0,98.5
