machine_id,machine_name,peak_out_per_unit,peak_out_date,peak_sales_per_unit,peak_profit_per_unit,peak_ratio_out,peak_ratio_sales,peak_ratio_profit,drop_from_peak_out,drop_rate_from_peak_out
241,SLOTバジリスク～甲賀忍法帖～絆2,23933.0,2020-02-26,46644.0,5550.0,0.06827393139180211,0.10691621644798903,0.2300900900900901,-22299.0,-0.9317260686081978
253,パチスロ ケロット4,12710.0,2020-03-11,21175.0,3224.0,0.3796223446105429,0.5180637544273908,0.9714640198511166,-7885.0,-0.6203776553894571
293,サンダーVライトニング,9308.0,2020-04-30,16099.0,2474.0,0.3857971637301246,0.44555562457295483,0.51535974130962,-5717.0,-0.6142028362698754
307,パチスロ モンキーターンⅣ,10729.0,2020-06-03,28967.0,3081.0,0.20654301426041569,0.2488348810715642,0.14735475494969166,-8513.0,-0.7934569857395843
337,シャア専用パチスロ 逆襲の赤い彗星,17450.0,2020-08-12,57875.0,9748.0,0.36034383954154725,0.36746436285097195,0.43342224045958144,-11162.0,-0.6396561604584527
395,アイムジャグラーEX(2020年),13477.0,2021-01-04,24730.0,4609.0,0.5889292869332937,0.6359078042862919,0.4836190062920373,-5540.0,-0.41107071306670623
397,パチスロひぐらしのなく頃に祭2,20180.0,2021-01-04,36074.0,7539.0,0.3366204162537165,0.3327604368797472,-0.03501790688420215,-13387.0,-0.6633795837462835
411,パチスロ頭文字D,18155.0,2021-01-20,44821.0,5600.0,0.1587992288625723,0.18245911514691773,0.11678571428571428,-15272.0,-0.8412007711374277
432,パチスロ BIOHAZARD 7 resident evil,18015.0,2021-02-17,51708.0,5685.0,0.1601443241742992,0.18722441401717335,0.2478452066842568,-15130.0,-0.8398556758257008
442,PAわんわんパラダイスV GBA,29660.0,2021-03-17,38396.0,5392.0,0.3196223870532704,0.37798208146681944,0.514280415430267,-20180.0,-0.6803776129467296
453,パチスロ北斗の拳 宿命,17275.0,2021-03-17,49505.0,4373.0,0.1087698986975398,0.12816887183112816,0.1495540818659959,-15396.0,-0.8912301013024602
469,ニューパルサーSPⅢ,10864.0,2021-04-14,19708.0,3292.0,0.2857142857142857,0.3777653744672214,0.5750303766707169,-7760.0,-0.7142857142857143
492,P大海物語4 スペシャル BLACK SCA,28580.0,2021-06-02,38637.0,3808.0,0.40552834149755074,0.4331858063514248,0.6215861344537815,-16990.0,-0.5944716585024493
503,チバリヨ-30(2021年),15159.0,2021-08-18,47404.0,6494.0,0.2127449040174154,0.21325204624082356,0.14875269479519557,-11934.0,-0.7872550959825846
511,P NEW TOKIO ハカマタイプ,23900.0,2021-07-07,14408.0,2647.0,0.6481171548117155,0.6660882842865075,0.2772950510011334,-8410.0,-0.3518828451882845
533,SLOT劇場版魔法少女まどか☆マギカ[前編]始まりの物語／[後編]永遠の物語,19635.0,2021-08-11,43031.0,5884.0,0.0907563025210084,0.13322953219771794,0.27073419442556085,-17853.0,-0.9092436974789916
554,PA乗物娘 WITH CYBERJAPAN(R) DANCERS 77ver.,29390.0,2021-09-29,33008.0,4557.0,0.36270840421912215,0.45734367426078526,0.7412771560236998,-18730.0,-0.6372915957808778
567,ファンキージャグラー2,14020.0,2022-05-11,25108.0,4824.0,0.6547075606276748,0.7071053050820456,0.5439469320066335,-4841.0,-0.34529243937232523
569,Pうまい棒 4500～10500,37340.0,2021-10-27,73092.0,19521.0,0.18826995179432243,0.22096809500355716,0.2585420828850981,-30310.0,-0.8117300482056775
576,P 009 RE:CYBORG ACCELERATOR EDITION M4-K,36670.0,2021-11-17,67400.0,14445.0,0.20425415871284427,0.22173590504451038,0.23641398407753547,-29180.0,-0.7957458412871558
599,P野生の王国GO 99ver.,24910.0,2021-12-15,31831.0,5102.0,0.3404255319148936,0.39945336307373314,0.5362602900823207,-16430.0,-0.6595744680851063
604,パチスロうまい棒(2021年),10517.0,2021-12-22,21329.0,2563.0,0.10773034135209661,0.1506399737446669,0.21342177136168552,-9384.0,-0.8922696586479034
605,マイジャグラーⅤ,16697.0,2022-05-11,28532.0,5719.0,0.8320057495358447,0.8497827001261741,0.47455848924637173,-2805.0,-0.16799425046415523
611,パチスロ 戦姫絶唱シンフォギア 勇気の歌,14829.0,2021-12-29,44534.0,6589.0,0.15058331647447568,0.16475052768671128,0.12141447867658219,-12596.0,-0.8494166835255244
612,沖ドキ!DUO,12035.0,2022-01-12,39982.0,5939.0,0.2095554632322393,0.26586964133860236,0.3165516080148173,-9513.0,-0.7904445367677607
613,沖ドキ!DUO-30,12725.0,2022-01-12,41939.0,6611.0,0.16652259332023575,0.22053458594625527,0.29844199062169113,-10606.0,-0.8334774066797642
615,P Re:ゼロから始める異世界生活 鬼がかりver.,47540.0,2022-01-19,89578.0,18575.0,0.18447623054270088,0.2151644376967559,0.1918707940780619,-38770.0,-0.8155237694572991
621,バーサスリヴァイズ,10366.0,2022-01-26,16622.0,1306.0,0.6945784294809956,0.7151967272289736,0.48009188361408883,-3166.0,-0.3054215705190044
628,パチスロ ディスクアップ2,17287.0,2022-02-02,29950.0,1230.0,0.4927980563429166,0.5176961602671118,-0.41544715447154473,-8768.0,-0.5072019436570834
630,パチスロアラジンAクラシック,16156.0,2022-02-02,49336.0,7005.0,0.14861351819757365,0.18582779309226527,0.16202712348322626,-13755.0,-0.8513864818024264
633,押忍!番長ZERO,18986.0,2022-02-09,47605.0,5514.0,0.2311176656483725,0.29286839617687216,0.4397896264055132,-14598.0,-0.7688823343516276
642,ハナハナホウオウ～天翔～,7460.0,2022-02-16,12037.0,3349.0,0.4785522788203753,0.5635955802940932,0.5568826515377725,-3890.0,-0.5214477211796247
643,ハナハナホウオウ～天翔～-30,11833.0,2023-01-11,18729.0,4165.0,0.8674892250485929,0.8507127983341343,0.8189675870348139,-1568.0,-0.1325107749514071
650,SLOTマッピー,18862.0,2022-03-02,29627.0,1257.0,0.43738733962464216,0.43345596921726803,-1.422434367541766,-10612.0,-0.5626126603753578
665,ニューパルサーDXⅢ,5430.0,2022-05-11,10965.0,2769.0,0.8020257826887661,0.8287277701778386,0.6601661249548574,-1075.0,-0.19797421731123388
670,沖ドキ!2-30,5316.0,2023-08-23,14194.0,3111.0,0.6092927012791572,0.6418909398337326,0.8193506910961106,-2077.0,-0.39070729872084276
681,パチスロ この素晴らしい世界に祝福を!,19126.0,2022-04-13,44114.0,6664.0,0.3891561225556834,0.4082150791132067,0.35669267707082836,-11683.0,-0.6108438774443167
684,新ハナビ,10464.0,2024-08-21,15342.0,569.0,0.8373470948012233,0.8854125928822839,0.3022847100175747,-1702.0,-0.16265290519877676
705,PAコマコマ倶楽部with坂本冬美 99ver.,29340.0,2022-06-15,35691.0,7986.0,0.2886843899113838,0.3514051161357205,0.35336839469070874,-20870.0,-0.7113156100886162
723,スーパーハナハナ2-30,9135.0,2026-01-07,26245.0,6968.0,0.759496442255063,0.7809868546389789,0.7098163030998852,-2197.0,-0.24050355774493706
724,ニューゲッターマウス,16064.0,2022-07-13,23922.0,3659.0,0.2323207171314741,0.27765237020316025,0.24214266192948894,-12332.0,-0.7676792828685259
727,パチスロ 甲鉄城のカバネリ,19943.0,2022-09-28,53770.0,6690.0,0.25026325026325025,0.29408592151757484,0.1852017937219731,-14952.0,-0.7497367497367498
740,黄門ちゃま喝2,19802.0,2022-08-10,51559.0,8420.0,0.1514998485001515,0.19356465408561066,0.27066508313539195,-16802.0,-0.8485001514998485
744,パチスロ 新鬼武者2,22190.0,2022-08-17,60252.0,7225.0,0.1836412798557909,0.21478125207461993,0.16761245674740485,-18115.0,-0.8163587201442091
747,PA新海物語 ARBB,34670.0,2022-08-31,32609.0,3076.0,0.26997404095760025,0.3361035297003895,0.543888166449935,-25310.0,-0.7300259590423998
764,パチスロペルソナ5,19882.0,2022-09-14,47739.0,6108.0,0.15089025248968915,0.17505603385073001,0.16666666666666666,-16882.0,-0.8491097475103109
774,パチスロ バイオハザード RE:2,20773.0,2022-10-12,52546.0,5953.0,0.18475906224425936,0.21573478476001978,0.25516546279186963,-16935.0,-0.8152409377557406
776,パチスロハードボイルド(2022年),17670.0,2022-10-12,38975.0,6590.0,0.1819468024900962,0.2086722257857601,0.10637329286798179,-14455.0,-0.8180531975099038
783,ハッピージャグラーVⅢ,20951.0,2022-11-02,31932.0,4588.0,0.38814376402081047,0.4881310284354253,0.5357454228421971,-12819.0,-0.6118562359791896
795,花火絶景,15049.0,2022-11-16,45540.0,7528.0,0.11063858063658714,0.1321475625823452,0.109192348565356,-13384.0,-0.8893614193634128
798,Lパチスロ 革命機ヴァルヴレイヴ,22649.0,2022-11-30,85451.0,14510.0,0.29484745463375867,0.30794256357444616,0.15754651964162647,-15971.0,-0.7051525453662414
799,L HEY!エリートサラリーマン鏡,22715.0,2022-12-14,60925.0,9284.0,0.19189962579793088,0.21895773491998358,0.18903489875053855,-18356.0,-0.8081003742020691
816,沖ドキ!GOLD,14950.0,2023-01-11,52192.0,7734.0,0.4323076923076923,0.4832349785407725,0.4917248513059219,-8487.0,-0.5676923076923077
817,沖ドキ!GOLD-30,17900.0,2023-01-11,62882.0,9413.0,0.36815642458100556,0.3988104704048853,0.32423244449166044,-11310.0,-0.6318435754189944
820,Pスーパー海物語IN沖縄5 夜桜超旋風 99ver.,35000.0,2023-01-18,45574.0,6012.0,0.30942857142857144,0.3577258963444069,0.5355954757152362,-24170.0,-0.6905714285714286
828,パチスロ モンスターハンターワールド:アイスボーン,22878.0,2023-02-08,56125.0,6311.0,0.0993530903050966,0.12183518930957683,0.18887656472825226,-20605.0,-0.9006469096949034
830,P大海物語5 MTE2,36320.0,2023-02-15,55616.0,5126.0,0.48375550660792954,0.5137370540851554,0.4297698010144362,-18750.0,-0.5162444933920705
831,P宇宙戦艦ヤマト2202 -ONLY ONE- LIGHT ver.,24120.0,2023-02-15,39834.0,6393.0,0.3644278606965174,0.4241853692825225,0.42781166901298295,-15330.0,-0.6355721393034826
841,パチスロ盾の勇者の成り上がり,18428.0,2023-03-01,48875.0,7210.0,0.1181897113088778,0.13354475703324808,0.1509015256588072,-16250.0,-0.8818102886911222
849,パチスロ機動戦士ガンダムユニコーン,19221.0,2023-03-15,60159.0,8236.0,0.07991259559856408,0.09009458268920693,0.034847013113161726,-17685.0,-0.9200874044014359
850,戦国コレクション5,18828.0,2023-03-15,69954.0,10438.0,0.07605693647758657,0.08795780084055237,0.11506035639011304,-17396.0,-0.9239430635224134
851,P 009 RE:CYBORG ACCELERATOR EDITION 99ver.,26690.0,2023-03-29,40000.0,10340.0,0.4177594604720869,0.438725,0.380174081237911,-15540.0,-0.5822405395279131
854,キングハナハナ-30(2023年),18239.0,2023-03-29,27005.0,5189.0,0.5912604857722463,0.6379189039066839,0.2364617460011563,-7455.0,-0.40873951422775373
858,Lスマスロ北斗の拳,26347.0,2023-04-12,75641.0,12211.0,0.2801077921585,0.320143837336894,0.12873638522643518,-18967.0,-0.7198922078415
864,Lゴブリンスレイヤー,20031.0,2023-04-26,79135.0,10781.0,0.30193200539164294,0.34113856068743287,0.5669232909748632,-13983.0,-0.698067994608357
866,Pフィーバー炎炎ノ消防隊 G,37620.0,2023-04-26,78795.0,11814.0,0.24534821903242957,0.25612031220255094,0.27458947012019636,-28390.0,-0.7546517809675705
868,アナザーゴッドハーデス-解き放たれし槍撃ver.-,19454.0,2023-04-26,76735.0,9374.0,0.10583941605839416,0.12639603831367693,0.14060166417751227,-17395.0,-0.8941605839416058
870,L主役は銭形4,20090.0,2023-05-17,75984.0,8084.0,0.22782478845196616,0.24353811328700778,0.24492825333993073,-15513.0,-0.7721752115480338
875,P北斗の拳 暴凶星 SFPA,33450.0,2023-05-17,67306.0,10524.0,0.2962630792227205,0.3105963807090007,0.3328582288103383,-23540.0,-0.7037369207772796
878,パチスロ 炎炎ノ消防隊,17440.0,2023-05-17,50620.0,8123.0,0.1735665137614679,0.20160015804030026,0.16090114489720547,-14413.0,-0.8264334862385321
880,Lスロット ソードアート・オンライン,22409.0,2023-05-24,60807.0,9302.0,0.3874782453478513,0.4015985001726775,0.19587185551494302,-13726.0,-0.6125217546521486
899,パチスロコードギアス 反逆のルルーシュ3 C.C.&Kallen ver.,21814.0,2023-06-14,38458.0,4744.0,0.21623727881177227,0.25968589110198137,0.1551433389544688,-17097.0,-0.7837627211882278
906,Lパチスロ からくりサーカス,20335.0,2023-07-12,83724.0,12932.0,0.2813375952790755,0.28098275285461755,0.22873492112588928,-14614.0,-0.7186624047209245
907,PA大海物語5 Withアグネス・ラム ARBC,31670.0,2023-07-12,33437.0,3582.0,0.39816861383012314,0.45201423572688937,0.6018983807928532,-19060.0,-0.6018313861698769
914,ゴーゴージャグラー3,21613.0,2023-07-12,33774.0,4797.0,0.511035025216305,0.6004026766151478,0.5261621846987701,-10568.0,-0.488964974783695
916,パチスロナイツ,16441.0,2023-07-12,33276.0,4487.0,0.2160452527218539,0.26610770525303523,0.2736795186093158,-12889.0,-0.7839547472781461
917,PフィーバークィーンⅡ30th ANNIVERSARY EDITION V,27240.0,2023-07-26,31707.0,4229.0,0.3370044052863436,0.39436086668558995,0.6039252778434618,-18060.0,-0.6629955947136564
919,パチスロ 戦国†恋姫,22222.0,2023-07-26,37480.0,3794.0,0.4161641616416164,0.4593383137673426,0.33236689509752243,-12974.0,-0.5838358383583836
923,Lぱちスロ 乃木坂46,20198.0,2023-08-16,62823.0,10449.0,0.18615704525200516,0.21646530729191538,0.10393339075509618,-16438.0,-0.8138429547479948
925,Lスマスロキン肉マン～7人の悪魔超人編～,19268.0,2023-08-16,86050.0,8403.0,0.36173967199501766,0.36895990703079606,0.491134118767107,-12298.0,-0.6382603280049823
936,P新世紀エヴァンゲリオン～未来への咆哮～,24520.0,2023-09-27,49225.0,7615.0,0.45187601957585644,0.4893042153377349,0.42797110965200263,-13440.0,-0.5481239804241436
938,L戦国乙女4 戦乱に閃く炯眼の軍師,22599.0,2023-09-13,68527.0,9433.0,0.32625337404309923,0.34230303384067595,0.2013145340824764,-15226.0,-0.6737466259569007
943,パチスロ傷物語 -始マリノ刻-,19877.0,2023-09-13,56352.0,7093.0,0.08562660361221512,0.11937464508801818,0.14239390948822783,-18175.0,-0.9143733963877849
944,ファミスタ回胴版!!,17214.0,2023-09-13,35800.0,7042.0,0.29632856976879285,0.3401117318435754,0.22110195967054813,-12113.0,-0.7036714302312072
945,回胴式遊技機 グランベルム,13715.0,2023-09-13,42169.0,8607.0,0.24272694130514036,0.2348644739026299,0.20030207970256766,-10386.0,-0.7572730586948596
946,L戦国コレクション5超極楽LOOP,19084.0,2023-09-27,61975.0,8834.0,0.20551247118004612,0.2590076643807987,0.11206701381027848,-15162.0,-0.7944875288199539
947,L麻雀格闘倶楽部 覚醒,20161.0,2023-09-27,47593.0,9286.0,0.2989931055007192,0.3662303279894102,0.2349773853112212,-14133.0,-0.7010068944992808
953,Lスマスロ転生したらスライムだった件,22113.0,2023-10-11,65468.0,7319.0,0.1523085967530412,0.17072462882629683,0.15002049460308786,-18745.0,-0.8476914032469588
966,L ひぐらしのなく頃に 業,14373.0,2023-11-29,29620.0,6542.0,0.4163361859041258,0.4170830519918974,0.11372668908590645,-8389.0,-0.5836638140958742
967,Lスマスロとある魔術の禁書目録,19199.0,2023-11-22,57526.0,9420.0,0.2069899473930934,0.2284706045961826,0.10859872611464969,-15225.0,-0.7930100526069066
974,P真・北斗無双 第4章 下剋上闘 GRPJ,27020.0,2023-11-22,59660.0,9915.0,0.3160621761658031,0.32529332886356016,0.3232476046394352,-18480.0,-0.6839378238341969
976,パチスロ交響詩篇エウレカセブン HI-EVOLUTION ZERO TYPE-ART,20957.0,2023-11-22,38022.0,5923.0,0.31889106265209716,0.3422229235705644,0.32567955427992573,-14274.0,-0.6811089373479029
979,e Re:ゼロから始める異世界生活 season2 M13,50680.0,2023-11-29,100891.0,18137.0,0.2430939226519337,0.2813630551783608,0.2612339416662072,-38360.0,-0.7569060773480663
982,LスマスロモンキーターンⅤ,21854.0,2023-12-13,63355.0,9526.0,0.3557701107348769,0.39951069371004655,0.12145706487507874,-14079.0,-0.644229889265123
983,Lマジカルハロウィン8,23501.0,2023-12-13,46609.0,11273.0,0.2098208586868644,0.2747752579973825,0.19675330435553978,-18570.0,-0.7901791413131356
984,Lラブ嬢3～Wご指名はいかがですか?～,19075.0,2023-12-13,54898.0,9201.0,0.30196592398427263,0.3883019417829429,0.4732094337572003,-13315.0,-0.6980340760157274
985,L花の慶次～佐渡攻めの章～,19269.0,2023-12-13,70394.0,12809.0,0.25963983600602003,0.27874534761485353,0.3024435943477243,-14266.0,-0.74036016399398
988,P大海物語5 ブラック HCL,31640.0,2023-12-13,52763.0,7895.0,0.2961441213653603,0.3125106608797832,0.33502216592780243,-22270.0,-0.7038558786346397
989,クランキークレスト,16854.0,2023-12-13,29835.0,5679.0,0.3776551560460425,0.42440087145969496,0.2259200563479486,-10489.0,-0.6223448439539575
991,L スマスロバジリスク～甲賀忍法帖～絆2 天膳 BLACK EDITION,24144.0,2023-12-27,78223.0,12821.0,0.26379224652087474,0.30474412896462677,0.21878168629592076,-17775.0,-0.7362077534791253
992,Pぱちんこ シン・エヴァンゲリオン Type レイ,43890.0,2023-12-27,88221.0,15180.0,0.2558669400774664,0.27716756781265234,0.23998682476943348,-32660.0,-0.7441330599225336
996,ドラゴンハナハナ～閃光～-30,17168.0,2023-12-27,26803.0,4321.0,0.5608108108108109,0.558109166884304,0.2626706780837769,-7540.0,-0.4391891891891892
997,パチスロ ファイヤードリフト,16254.0,2023-12-27,44913.0,8435.0,0.1223083548664944,0.14585977333956762,0.18067575577949022,-14266.0,-0.8776916451335056
998,L 仮面ライダー 7RIDERS,19583.0,2024-01-17,66631.0,9928.0,0.29888168309247815,0.331512359112125,0.3280620467365028,-13730.0,-0.7011183169075218
999,Lスマスロ バイオハザード:ヴィレッジ,19038.0,2024-01-17,54306.0,5754.0,0.13903771404559304,0.16250506389717526,0.06013208202989225,-16391.0,-0.8609622859544069
1000,Lパチスロ マクロスフロンティア4,20658.0,2024-01-17,60969.0,8854.0,0.1429954497047149,0.17115255293673834,0.13700022588660493,-17704.0,-0.8570045502952851
1004,Pとある魔術の禁書目録2 JMZ,41630.0,2024-01-17,81002.0,10278.0,0.27432140283449435,0.2977210439248414,0.3926834014399689,-30210.0,-0.7256785971655056
1008,Pポチッと一発!おだてブタ2 V1,42870.0,2024-01-17,22970.0,4427.0,0.4007464427338465,0.44706138441445364,0.23537384233114977,-25690.0,-0.5992535572661535
1011,P弾球黙示録カイジ沼5 V1U,37200.0,2024-01-31,77865.0,13007.0,0.20080645161290323,0.21803120785975727,0.27439071269316523,-29730.0,-0.7991935483870968
1012,P真・花の慶次3 99ver.,30040.0,2024-01-31,45822.0,7144.0,0.283288948069241,0.3048972109467068,0.4039753639417693,-21530.0,-0.716711051930759
1013,L GⅠ優駿倶楽部黄金,18491.0,2024-02-14,53379.0,7010.0,0.2523930560813369,0.3036212742838944,0.3420827389443652,-13824.0,-0.7476069439186631
1015,Lゴジラ対エヴァンゲリオン,20163.0,2024-02-21,69098.0,11257.0,0.20021822149481724,0.23285768039595936,0.2666785111486186,-16126.0,-0.7997817785051827
1016,Lストライクウィッチーズ2,16371.0,2024-02-14,58643.0,10794.0,0.30926638568199866,0.35624030148525826,0.33305540114878635,-11308.0,-0.6907336143180014
1017,Lスマスロ コードギアス 反逆のルルーシュ/復活のルルーシュ,20616.0,2024-02-14,57546.0,7514.0,0.18694218083042297,0.2331873631529559,0.2675006654245409,-16762.0,-0.813057819169577
1019,Lパチスロガールズ＆パンツァー 最終章,19712.0,2024-02-14,59096.0,7036.0,0.3648031655844156,0.39762420468390414,0.27018192154633314,-12521.0,-0.6351968344155844
1023,P新世紀エヴァンゲリオン ～未来への咆哮～ PREMIUM MODEL,33200.0,2024-02-14,56607.0,9533.0,0.3253012048192771,0.3458936173971417,0.3964124619741949,-22400.0,-0.6746987951807228
1025,P真・一騎当千～桃園の誓い～129ver.,34840.0,2024-02-14,63016.0,11212.0,0.24799081515499427,0.27551732893233466,0.30636817695326435,-26200.0,-0.7520091848450058
1027,ワードオブライツⅡ,15350.0,2024-02-14,31278.0,5898.0,0.18260586319218242,0.20922053839759575,0.03984401492031197,-12547.0,-0.8173941368078176
1029,Pニュートキオ GREEN V1,22180.0,2024-02-28,14577.0,3176.0,0.44679891794409377,0.4817863757974892,0.5443954659949622,-12270.0,-0.5532010820559062
1030,Pルパン三世 THE FIRST 99ver.,33560.0,2024-02-28,45261.0,9740.0,0.26489868891537544,0.3157685424537681,0.31652977412731004,-24670.0,-0.7351013110846245
1031,Lスマスロキングパルサー,19700.0,2024-03-13,54325.0,8266.0,0.15802030456852792,0.19514035895075932,0.17517541737236875,-16587.0,-0.8419796954314721
1032,Lチバリヨ2,18401.0,2024-03-27,75745.0,11952.0,0.37883810662463996,0.40873985081523534,0.42988621151271755,-11430.0,-0.62116189337536
1033,L南国育ち(2024年),18261.0,2024-03-13,66517.0,7115.0,0.22698647390613877,0.26420313604041074,0.2624033731553057,-14116.0,-0.7730135260938612
1035,PLT OVERLORD魔導王光臨 ME,37390.0,2024-03-13,80631.0,12914.0,0.22893821877507356,0.23907678188289863,0.27675391048474524,-28830.0,-0.7710617812249264
1039,P世紀末・天才バカボン～福神SPEC～ LTH-JH,29120.0,2024-03-13,56315.0,7599.0,0.30494505494505497,0.3211222587232531,0.42742466113962363,-20240.0,-0.695054945054945
1040,P北斗の拳 強敵 LT SSPA,37820.0,2024-03-13,62047.0,10302.0,0.22792173453199366,0.25501635856689286,0.2982915938652689,-29200.0,-0.7720782654680064
1042,P緋弾のアリア ～緋緋神降臨～ ラッキートリガーVer.,40900.0,2024-03-13,81009.0,11836.0,0.2792176039119804,0.29801626979718304,0.3245184183845894,-29480.0,-0.7207823960880195
1045,パチスロ ガメラ2,18676.0,2024-03-13,43093.0,3901.0,0.3213750267723281,0.36247186317963476,0.10330684439887208,-12674.0,-0.6786249732276719
1047,Lスマート沖スロ ドラゴンハナハナ～閃光～,14447.0,2024-03-27,22146.0,4935.0,0.42853187512978475,0.4936783166260273,0.345694022289767,-8256.0,-0.5714681248702153
1048,L忍魂参 ～奥義皆伝ノ章～,21602.0,2024-03-27,71236.0,10708.0,0.1596148504768077,0.1835307990341962,0.19546133731789317,-18154.0,-0.8403851495231923
1049,P sin 七つの大罪 強甘 2400Ver.,31120.0,2024-03-27,49878.0,11343.0,0.2679948586118252,0.2866995468944224,0.3022128184783567,-22780.0,-0.7320051413881749
1050,P咲-Saki-全国編 テンパイ即リーver.,28980.0,2024-03-27,50823.0,8940.0,0.28847481021394067,0.31928457588099873,0.3560402684563758,-20620.0,-0.7115251897860594
1052,Lうる星やつら(2024年),20293.0,2024-04-17,62271.0,9291.0,0.12738382693539643,0.16095774919304331,0.2150468195027446,-17708.0,-0.8726161730646036
1053,Lスマスロ ゴールデンカムイ,21897.0,2024-04-17,69313.0,10470.0,0.2504909348312554,0.2666166519989035,0.4376313276026743,-16412.0,-0.7495090651687446
1054,Lスマスロ ストライク・ザ・ブラッド,18169.0,2024-04-17,42089.0,5952.0,0.20380868512301173,0.22195823136686546,0.08484543010752688,-14466.0,-0.7961913148769882
1056,Pひぐらしのなく頃に 輪廻転生 FM-JT,35890.0,2024-04-17,75223.0,11957.0,0.24630816383393703,0.2624862076758438,0.29062473864681776,-27050.0,-0.753691836166063
1057,Pバイオハザード RE:2 LTver.,35260.0,2024-04-17,75063.0,13045.0,0.24021554169030063,0.2563846369049998,0.21924108853967036,-26790.0,-0.7597844583096994
1060,P大工の源さん超韋駄天2 極源LighT,39170.0,2024-04-17,69829.0,12571.0,0.22006637732958897,0.24333729539303156,0.24357648556200778,-30550.0,-0.779933622670411
1061,ジャグラーガールズSS,21587.0,2024-04-17,34689.0,4928.0,0.40621670449807756,0.4687364870708294,0.4746347402597403,-12818.0,-0.5937832955019224
1062,L押忍!番長4,24372.0,2024-05-01,70046.0,11555.0,0.16014278680452979,0.19462924363989378,0.12877542189528343,-20469.0,-0.8398572131954702
1063,P FAIRY TAIL これが七炎竜の力だ FSA,33110.0,2024-05-01,69866.0,12312.0,0.31410450015101177,0.32834282769873757,0.2976770630279402,-22710.0,-0.6858954998489882
1064,PAハイスクール・フリート オールスター すい～とでハッピー!2400,29270.0,2024-05-01,47071.0,8710.0,0.35155449265459515,0.3638333581185868,0.3413318025258324,-18980.0,-0.6484455073454048
1066,P牙狼11～冴島大河～XX MU,40020.0,2024-05-01,79726.0,13608.0,0.2813593203398301,0.29838446679878583,0.359347442680776,-28760.0,-0.7186406796601699
1068,e新・必殺仕置人 超斬撃199,32380.0,2024-05-08,69715.0,16341.0,0.33323038912909203,0.3445886824930072,0.27893029802337677,-21590.0,-0.6667696108709079
1069,パチスロ ダンジョンに出会いを求めるのは間違っているだろうか2,19337.0,2024-05-01,34008.0,6047.0,0.19025702022030305,0.21494942366501998,0.14552670745824375,-15658.0,-0.809742979779697
1070,Pこの素晴らしい世界に祝福を! 199LT「このラッキートリガーに祝福を!」,16030.0,2024-05-08,30670.0,7188.0,0.5021834061135371,0.530388001304206,0.5034780189204229,-7980.0,-0.4978165938864629
1071,L ウルトラマンティガ,16577.0,2024-05-15,64172.0,9421.0,0.38674066477649754,0.398008477217478,0.41407493896613945,-10166.0,-0.6132593352235024
1073,Lパチスロ 炎炎ノ消防隊(2024年),23397.0,2024-05-15,67315.0,10245.0,0.23567123990255162,0.2713808215108074,0.23826256710590532,-17883.0,-0.7643287600974484
1075,Pゴブリンスレイヤー ラッキートリガーVer,32530.0,2024-05-15,65766.0,10993.0,0.2609898555179834,0.2728005352309704,0.3058309833530428,-24040.0,-0.7390101444820166
1076,Pフィーバー炎炎ノ消防隊 Light ver.,33340.0,2024-05-15,66564.0,12035.0,0.3131373725254949,0.3190313082146506,0.3930203572912339,-22900.0,-0.6868626274745051
1078,P七つの大罪2 神千斬りVER.,28510.0,2024-05-15,53455.0,6256.0,0.3097158891616977,0.33295295108034795,0.4913682864450128,-19680.0,-0.6902841108383023
1080,ニューパルサーSP4 with 太鼓の達人,12966.0,2024-05-15,24065.0,3364.0,0.3576276415239858,0.4605859131518803,0.5820451843043996,-8329.0,-0.6423723584760141
1081,L ToLOVEるダークネス,20949.0,2024-06-12,87670.0,12893.0,0.2624468948398492,0.3042089654385765,0.1496936322035213,-15451.0,-0.7375531051601508
1083,Lスマスロ痛いのは嫌なので防御力に極振りしたいと思います。,19135.0,2024-06-12,54347.0,8984.0,0.29767441860465116,0.32126888328702596,0.24499109528049867,-13439.0,-0.7023255813953488
1084,L聖闘士星矢 海皇覚醒 CUSTOM EDITION,21775.0,2024-06-12,90225.0,11684.0,0.27779563719862227,0.3163646439456913,0.3378123930160904,-15726.0,-0.7222043628013777
1085,P ToLOVEるダークネス H1YZ5,38930.0,2024-06-12,78632.0,12949.0,0.22707423580786026,0.251894902838539,0.25067572785543285,-30090.0,-0.7729257641921398
1086,Pうる星やつら～Eternal Love Song～ L2-K,29000.0,2024-06-12,62424.0,13435.0,0.2882758620689655,0.29243560169165705,0.26758466691477484,-20640.0,-0.7117241379310345
1087,Pギルティクラウン2 プレミアムライブチケット,20550.0,2024-06-12,42842.0,7304.0,0.527007299270073,0.5311843518043042,0.6222617743702081,-9720.0,-0.472992700729927
1088,Pクイーンズブレイド4 UNLIMITED V1D,25660.0,2024-06-12,55481.0,10850.0,0.3386593920498831,0.3462987328995512,0.37327188940092165,-16970.0,-0.661340607950117
1089,Pフィーバー三国戦騎 7500,20460.0,2024-06-12,48721.0,8625.0,0.35581622678396874,0.3589827794995998,0.4209855072463768,-13180.0,-0.6441837732160313
1090,P頭文字D 2nd GFPG,16520.0,2024-06-12,37203.0,5532.0,0.4975786924939467,0.5095825605461926,0.6127982646420824,-8300.0,-0.5024213075060533
1091,P魔法少女まどか☆マギカ3 LM3,44640.0,2024-06-12,90642.0,15696.0,0.5750448028673835,0.6153659451468414,0.5621814475025484,-18970.0,-0.4249551971326165
1092,P魔王学院の不適合者 FMY,28180.0,2024-06-12,60721.0,8565.0,0.3108587650816182,0.3230183956127205,0.4298890834792761,-19420.0,-0.6891412349183819
1093,アオハル♪操 A-LIVE,14995.0,2024-06-12,40967.0,7970.0,0.19339779926642214,0.2292088754363268,0.18795483061480553,-12095.0,-0.8066022007335779
1094,Pラブ嬢 ～極嬢のハーレム体験～ H1YZ6,10370.0,2024-08-21,23059.0,4640.0,0.7107039537126326,0.7626956936554057,0.847198275862069,-3000.0,-0.2892960462873674
1095,沖ドキ!BLACK,16385.0,2024-07-10,58632.0,8467.0,0.5419591089411047,0.5845954427616319,0.5548600448801229,-7505.0,-0.45804089105889534
1096,L アカメが斬る!2,15176.0,2024-07-17,56209.0,9358.0,0.35305745914602005,0.3625398067925065,0.3891857234451806,-9818.0,-0.64694254085398
1097,Lスマスロ真・北斗無双(2024年),19637.0,2024-07-17,72795.0,10758.0,0.18704486428680553,0.20195068342605949,0.08905000929540807,-15964.0,-0.8129551357131944
1098,Lパチスロ 戦姫絶唱シンフォギア 正義の歌,21769.0,2024-07-17,74136.0,10938.0,0.15604759061050116,0.17248030646379628,0.19985372097275553,-18372.0,-0.8439524093894988
1099,Pアズールレーン THE ANIMATION 異次元トリガー M4,41350.0,2024-07-17,84678.0,13376.0,0.43845223700120917,0.464760622593826,0.49229964114832536,-23220.0,-0.5615477629987908
1100,Pフィーバーありふれた職業で世界最強 Light ver.,22920.0,2024-07-17,41871.0,7295.0,0.4803664921465969,0.48828544816221253,0.48060315284441396,-11910.0,-0.5196335078534031
1101,P花の慶次～傾奇一転 L-MX,34180.0,2024-07-17,73370.0,13061.0,0.25277940315974257,0.26408613874880743,0.2959191486103667,-25540.0,-0.7472205968402574
1102,P貞子 FMD,42170.0,2024-07-17,83952.0,20153.0,0.21199905145838274,0.22672479512102153,0.23222349029921102,-33230.0,-0.7880009485416173
1103,e花の慶次～傾奇一転 L2-MX,37600.0,2024-07-17,83802.0,13455.0,0.23962765957446808,0.2478461134579127,0.274842066146414,-28590.0,-0.7603723404255319
1104,ご～やちゃんぷる～-25,8790.0,2024-07-17,34624.0,6095.0,0.622070534698521,0.6388054528650647,0.45447087776866285,-3322.0,-0.377929465301479
1105,ご～やちゃんぷる～-30,7215.0,2024-07-17,28748.0,5630.0,0.6709632709632709,0.6557325727007096,0.6300177619893428,-2374.0,-0.32903672903672904
1106,バハマ30(2024年),10463.0,2024-07-17,22691.0,2986.0,0.504730956704578,0.5815080869067031,1.0,-5182.0,-0.495269043295422
1107,Lスマスロ ゴッドイーター リザレクション,22497.0,2024-07-31,75228.0,10622.0,0.43619149219895986,0.45923060562556495,0.33948408962530596,-12684.0,-0.5638085078010402
1108,Lスロット ゾンビランドサガ,21180.0,2024-07-31,55951.0,11406.0,0.350519357884797,0.3703240335293382,0.4656321234438015,-13756.0,-0.6494806421152031
1109,L賞金首Angel,13586.0,2024-07-31,50695.0,7617.0,0.6643603709701162,0.6934214419568004,0.7086779572009978,-4560.0,-0.3356396290298837
1110,PAこの素晴らしい世界に祝福を! 「このゆる甘99に祝福を!」,24550.0,2024-07-31,35475.0,7028.0,0.42240325865580447,0.42816067653276957,0.47225384177575414,-14180.0,-0.5775967413441955
1111,ミスタージャグラー,21108.0,2024-07-31,35114.0,5749.0,0.42424673109721434,0.49544341288375005,0.38267524786919466,-12153.0,-0.5757532689027857
1112,L D4DJ Pachi-Slot Mix,10928.0,2024-08-21,30616.0,6385.0,0.45955344070278187,0.48203553697413115,0.4722004698512138,-5906.0,-0.5404465592972182
1113,Lスマスロ ゲゲゲの鬼太郎 覚醒,16677.0,2024-08-21,70359.0,11200.0,0.1566828566288901,0.18013331627794596,0.054732142857142854,-14064.0,-0.8433171433711099
1114,Lスマスロ トロピカーナ(2024年),7171.0,2024-08-21,26327.0,4387.0,1.0,1.0,1.0,0.0,0.0
1115,Lワンパンマン,18191.0,2024-08-21,60712.0,9771.0,0.3425320213292287,0.361888918171037,0.31665131511616007,-11960.0,-0.6574679786707712
1116,PAスーパー海物語 IN 地中海2 HLA,28110.0,2024-08-21,32933.0,5245.0,0.39807897545357523,0.4123827164242553,0.3593898951382269,-16920.0,-0.6019210245464247
1117,Pフィーバー機動戦士ガンダムユニコーン 再来 -白き一角獣と黒き獅子- S,35690.0,2024-08-21,80656.0,13771.0,0.2687027178481367,0.2832523308867288,0.23738290610703652,-26100.0,-0.7312972821518633
1118,P百花繚乱 ご奉仕129ver.,25160.0,2024-08-21,49067.0,8520.0,0.4912559618441971,0.4987873723683942,0.339906103286385,-12800.0,-0.5087440381558028
1119,eフィーバー機動戦士ガンダムユニコーン 再来 -白き一角獣と黒き獅子- R,44520.0,2024-08-21,94394.0,15293.0,0.19362084456424078,0.21087145369409072,0.20414568756947624,-35900.0,-0.8063791554357592
1120,e北斗の拳10 GHEG,37620.0,2024-08-21,78270.0,15622.0,0.2551834130781499,0.26988629104382267,0.21937011906286008,-28020.0,-0.74481658692185
1121,Pドラムだ!金ドン 花火外伝 MP,33910.0,2024-08-28,67826.0,14077.0,0.23237982895900913,0.2460413410786424,0.23598778148753285,-26030.0,-0.7676201710409909
1122,Pバンドリ! H1YZ4,37740.0,2024-08-28,77423.0,12085.0,0.20932697403285638,0.22723221781641115,0.2703351261894911,-29840.0,-0.7906730259671436
1123,Pリング 呪いの7日間3 ラッキートリガーVer.,33000.0,2024-08-28,67441.0,10073.0,0.33636363636363636,0.351447932266722,0.48138588305370794,-21900.0,-0.6636363636363637
1124,P七つの美徳 ゴールデンエンジェルタイム スイート99Ver.,22830.0,2024-08-28,33631.0,8012.0,0.4375821287779238,0.4588623591329428,0.3944083874188717,-12840.0,-0.5624178712220762
1125,デジハネP交響詩篇エウレカセブン ANEMONE 99ver.,25650.0,2024-08-28,37711.0,7337.0,0.3497076023391813,0.3735514836519848,0.40711462450592883,-16680.0,-0.6502923976608187
1126,L A-SLOT+ この素晴らしい世界に祝福を!,18791.0,2024-09-11,38105.0,5578.0,0.2160608802086105,0.25479595853562526,0.2088562208676945,-14731.0,-0.7839391197913895
1127,Lパチスロ かぐや様は告らせたい,22569.0,2024-09-11,82254.0,12240.0,0.32004076387965796,0.3347800714858852,0.3675653594771242,-15346.0,-0.679959236120342
1128,Lパチスロ閃乱カグラ2 SHINOVI MASTER,20153.0,2024-09-11,52679.0,6332.0,0.2070659455167965,0.2361662142409689,0.17056222362602652,-15980.0,-0.7929340544832035
1129,PAコマコマ倶楽部with坂本冬美 99確変ループver.,15510.0,2024-09-11,21951.0,4554.0,0.5557704706640877,0.5948248371372603,0.6236275801493193,-6890.0,-0.4442295293359123
1130,PAフィーバーかぐや様は告らせたい Light ver.,23430.0,2024-09-11,40050.0,5041.0,0.382842509603073,0.40464419475655433,0.5443364411823051,-14460.0,-0.617157490396927
1131,Pとある科学の超電磁砲2 JMB,36540.0,2024-09-11,77771.0,11085.0,0.29802955665024633,0.30661814815291044,0.4302210193955796,-25650.0,-0.7019704433497537
1132,Pルパン三世 銭形からの招待状 77Sweet Ver.,26520.0,2024-09-11,45110.0,7131.0,0.41478129713423834,0.4328086898692086,0.6377787126630207,-15520.0,-0.5852187028657617
1133,e 仮面ライダー電王 KL12,39810.0,2024-09-11,84549.0,15191.0,0.21049987440341622,0.22299494967415345,0.24797577513001118,-31430.0,-0.7895001255965838
1134,eキョンシー ライトミドル 新CタイムVer.,19160.0,2024-09-11,39135.0,3603.0,0.5213987473903967,0.5488181934329883,1.0,-9170.0,-0.47860125260960334
1135,eゴッドイーター TRIPLE BURST MJ,30990.0,2024-09-11,71583.0,10201.0,0.38528557599225555,0.3866979590126147,0.5464170179394177,-19050.0,-0.6147144240077445
1136,パチスロL黄門ちゃま天,16245.0,2024-09-11,62164.0,7289.0,0.39402893197907046,0.4168489801171096,0.45342296611332145,-9844.0,-0.6059710680209295
1137,P アズールレーン THE ANIMATION 異次元トリガー M4,18500.0,2024-10-02,40290.0,7008.0,0.5421621621621622,0.5550012410027302,0.6238584474885844,-8470.0,-0.4578378378378378
1138,P 新世紀エヴァンゲリオン ～未来への咆哮～ PREMIUM MODEL,12800.0,2025-01-08,22755.0,5053.0,0.5765625,0.6113821138211382,0.5753018009103503,-5420.0,-0.4234375
1139,P 百花繚乱 ご奉仕129ver.,11750.0,2024-10-09,23850.0,3300.0,0.734468085106383,0.7535010482180293,0.983030303030303,-3120.0,-0.265531914893617
1140,P 魔法少女まどか☆マギカ3 LM3,24500.0,2024-09-18,53144.0,9613.0,0.41836734693877553,0.4267838326057504,0.4750858212836784,-14250.0,-0.5816326530612245
1141,P DD北斗の拳3 V1C,18160.0,2024-09-25,37702.0,8289.0,0.586453744493392,0.6048750729404275,0.5988659669441428,-7510.0,-0.41354625550660795
1142,PAワンパンマン 99ver.,17580.0,2024-09-25,32056.0,6413.0,0.6160409556313993,0.6343274270027452,0.6224855761733978,-6750.0,-0.3839590443686007
1143,Pいくさの子 織田三郎信長伝 GFPF,26520.0,2024-09-25,58161.0,6740.0,0.3503016591251885,0.3617888275648631,0.3759643916913947,-17230.0,-0.6496983408748115
1144,Pメイドインアビス 虹の黄金域 MR,27780.0,2024-09-25,64890.0,10471.0,0.30849532037437005,0.3169979966096471,0.3078025021487919,-19210.0,-0.69150467962563
1145,P攻殻機動隊SAC_2045 199LTver.,34400.0,2024-09-25,69645.0,13223.0,0.23662790697674418,0.24900567162036039,0.24396884216894804,-26260.0,-0.7633720930232558
1146,パチスロハイパーラッシュ(2024年),17293.0,2024-09-25,32961.0,3298.0,0.3365523622274909,0.39094687661175326,0.35324439053972106,-11473.0,-0.6634476377725091
1147,P大海物語4スペシャル BLACK SCA,13300.0,2025-01-08,19056.0,3402.0,0.818796992481203,0.8526973131821999,0.7278071722516167,-2410.0,-0.181203007518797
1148,L 真・一騎当千,21739.0,2024-10-16,70486.0,10335.0,0.2679056074336446,0.3094657095025963,0.21257861635220127,-15915.0,-0.7320943925663554
1149,Lスマスロ 鬼武者3(2024年),20232.0,2024-10-16,66645.0,11363.0,0.12341834717279557,0.137474679270763,0.07964446008976503,-17735.0,-0.8765816528272045
1150,Lスマスロ頭文字D 2nd,20338.0,2024-10-16,61306.0,8531.0,0.21835972071983478,0.25495057580008484,0.26796389637791584,-15897.0,-0.7816402792801652
1151,L今日から俺は!! パチスロ編,21363.0,2024-10-16,59017.0,9781.0,0.18461826522492158,0.20799091787112187,0.02095900214701973,-17419.0,-0.8153817347750784
1152,P CYBORG009 RULE OF SACRIFICE VS SCARL BODY EDITION 199,22360.0,2024-10-16,48091.0,10031.0,0.33899821109123435,0.350793287725354,0.4098295284617685,-14780.0,-0.6610017889087657
1153,P 宇宙戦艦ヤマト2202 超波動 G,24920.0,2024-10-16,55586.0,9726.0,0.40930979133226325,0.42102327924297483,0.4552745219000617,-14720.0,-0.5906902086677368
1154,PAわんわんパラダイスCELEBRATION AGBD,21680.0,2024-10-16,31320.0,3900.0,0.5027675276752768,0.5388250319284802,0.6112820512820513,-10780.0,-0.49723247232472323
1155,Pフィーバー革命機ヴァルヴレイヴ3 Light ver.,20070.0,2024-10-16,33405.0,5153.0,0.5067264573991032,0.5279748540637629,0.6171162429652629,-9900.0,-0.49327354260089684
1156,Pルパン三世 ONE COLLECTION H1YZ4,30920.0,2024-10-16,67875.0,10728.0,0.2807244501940492,0.2929355432780847,0.3642803877703207,-22240.0,-0.7192755498059509
1157,P中森明菜・歌姫伝説～BLACK DIVA 愛～ KD-NS,26700.0,2024-10-16,34309.0,5678.0,0.2951310861423221,0.3568742895450173,0.4209228601620289,-18820.0,-0.7048689138576779
1158,e 乃木坂46 Ⅱ K4,31150.0,2024-10-16,63061.0,10561.0,0.23852327447833066,0.2589238990818414,0.33131332260202634,-23720.0,-0.7614767255216693
1159,P大海物語4スペシャル E,10430.0,2024-10-23,16685.0,2195.0,1.0,1.0,1.0,0.0,0.0
1160,Lスロット Re:ゼロから始める異世界生活 season2,21402.0,2024-10-30,86824.0,12382.0,0.09321558732828708,0.1140468073343776,0.17783879825553223,-19407.0,-0.906784412671713
1161,P弾球黙示録カイジ沼5 ざわっ・・・79Ver.,28150.0,2024-10-30,37977.0,7947.0,0.3868561278863233,0.4071674961160702,0.4285894048068454,-17260.0,-0.6131438721136767
1162,P江頭2:50inナナシーLT V3,32000.0,2024-10-30,58828.0,12228.0,0.3559375,0.35892772149316654,0.4060353287536801,-20610.0,-0.6440625
1163,L 新・必殺仕置人 回胴 CRASH SPEC,16267.0,2024-11-13,54723.0,9290.0,0.3835372225978976,0.3993202127076366,0.35166846071044133,-10028.0,-0.6164627774021024
1164,Lバンドリ!,18116.0,2024-11-13,66682.0,9873.0,0.3807683815411791,0.38494646231366786,0.3231034133495391,-11218.0,-0.6192316184588209
1165,Pモンスターハンターライズ GRPG,28760.0,2024-11-13,66592.0,10371.0,0.2924200278164117,0.30424074963959635,0.337093819303828,-20350.0,-0.7075799721835884
1166,Pラブ嬢 ～極嬢のハーレム体験～ 129ver.,22140.0,2024-11-13,37596.0,5807.0,0.4010840108401084,0.42964677093307796,0.580506285517479,-13260.0,-0.5989159891598916
1167,Pリング 呪いの7日間3 甘デジver.,20550.0,2024-11-13,36032.0,6485.0,0.4457420924574209,0.4559835701598579,0.4877409406322282,-11390.0,-0.5542579075425791
1168,P大海物語5スペシャル ALTA,31690.0,2024-11-13,47163.0,5678.0,0.6617229409908488,0.6950787693742977,0.5232476224022543,-10720.0,-0.33827705900915117
1169,P義風堂々!!～兼続と慶次～3 199ver.,23100.0,2024-11-13,45714.0,7250.0,0.47835497835497837,0.48945618410115066,0.7747586206896552,-12050.0,-0.5216450216450217
1170,P転生したらスライムだった件 NB,38020.0,2024-11-13,71190.0,8217.0,0.32824829037348763,0.34489394577890153,0.49884386028964345,-25540.0,-0.6717517096265123
1171,e スマパチ SSSS.GRIDMAN XVSM,20950.0,2024-11-13,47586.0,8014.0,0.37708830548926014,0.4007691337788425,0.44097828799600697,-13050.0,-0.6229116945107399
1172,eフィーバーからくりサーカス2 魔王ver.,37600.0,2024-11-13,81200.0,13877.0,0.30398936170212765,0.3179926108374384,0.3647762484686892,-26170.0,-0.6960106382978724
1173,e大海物語5スペシャル ELTA4,26320.0,2024-11-13,45731.0,3920.0,0.5425531914893617,0.5397870153725044,0.2943877551020408,-12040.0,-0.4574468085106383
1174,Lスマスロ モンスターハンターライズ,23853.0,2024-11-27,73831.0,11666.0,0.4094243910619209,0.4245371185545367,0.36644951140065146,-14087.0,-0.590575608938079
1175,Lスマート沖スロ 超華祭,14970.0,2024-11-27,32515.0,4875.0,0.513627254509018,0.5562663386129478,0.5103589743589744,-7281.0,-0.486372745490982
1176,Lダブルアタック2 withOZS-1000＆RAPHAEL,11644.0,2024-11-27,39564.0,8856.0,0.6859326691858468,0.7149934283692245,0.6425022583559169,-3657.0,-0.3140673308141532
1177,P にゃんこ大戦争 多様性のネコ M4,40330.0,2024-11-27,84554.0,15404.0,0.2137366724522688,0.2234666603590605,0.24811737211113996,-31710.0,-0.7862633275477312
1178,PA銀河英雄伝説 Die Neue These 遊パチスペック,19560.0,2024-11-27,32066.0,8661.0,0.40644171779141103,0.42200461548057133,0.4349382288419351,-11610.0,-0.593558282208589
1179,L 犬夜叉2,18342.0,2024-12-11,74960.0,10621.0,0.10124304874059535,0.12169156883671291,0.15497599096130307,-16485.0,-0.8987569512594047
1180,Lスマスロ 聖戦士ダンバイン,20908.0,2024-12-11,76375.0,11566.0,0.16113449397359864,0.181328968903437,0.10167733010548158,-17539.0,-0.8388655060264014
1181,Lルパン三世 大航海者の秘宝,20781.0,2024-12-11,75638.0,10168.0,0.24402098070352726,0.2700097834421851,0.2887490165224233,-15710.0,-0.7559790192964727
1182,L桃太郎電鉄 ～パチスロも定番!～,20181.0,2024-12-11,60920.0,12400.0,0.1846291065854021,0.20587655942219305,0.13129032258064516,-16455.0,-0.8153708934145979
1183,P ToLOVEるダークネス 199ver.,26590.0,2024-12-11,55994.0,7177.0,0.32719067318540807,0.34169732471336217,0.4390413821931169,-17890.0,-0.6728093268145919
1184,P ゴジラ対エヴァンゲリオン セカンドインパクト G R,34450.0,2024-12-11,78317.0,14456.0,0.24702467343976778,0.2559086788309052,0.271721084670725,-25940.0,-0.7529753265602322
1185,Pえとたま2 神祭 MY,20460.0,2024-12-11,44398.0,6943.0,0.5386119257086999,0.5332897878282805,0.6949445484660809,-9440.0,-0.4613880742913001
1186,Pフィーバー機動戦士ガンダムSEED LT-Light ver.,23500.0,2024-12-11,49034.0,9546.0,0.3740425531914894,0.37826814047395685,0.39126335637963544,-14710.0,-0.6259574468085106
1187,P盾の勇者の成り上がり GFPC,29960.0,2024-12-11,64917.0,8991.0,0.3404539385847797,0.35254247731718963,0.49705260816371927,-19760.0,-0.6595460614152203
1188,P真・一騎当千～桃園の誓い～ 199LTver.,24470.0,2024-12-11,50945.0,9657.0,0.3498161013485901,0.3628422808911571,0.4423734078906493,-15910.0,-0.6501838986514099
1189,e大工の源さん超韋駄天2 フルスイングLT,22930.0,2024-12-11,51439.0,9153.0,0.5263846489315307,0.5218219638795466,0.6958374303507047,-10860.0,-0.47361535106846925
1190,ウルトラミラクルジャグラー,19249.0,2024-12-11,32929.0,5161.0,0.4613226661125253,0.5107048498284187,0.4665762449137764,-10369.0,-0.5386773338874746
1191,沖ドキ!ゴージャス,13215.0,2025-01-08,47116.0,8815.0,0.7098751418842225,0.7207954834875626,0.5098128190584231,-3834.0,-0.29012485811577754
1192,沖ドキ!ゴージャス-30,16053.0,2025-01-08,58930.0,11017.0,0.6908366037500778,0.7038350585440353,0.5105745665789235,-4963.0,-0.3091633962499221
1193,Lスマスロ 一方通行 とある魔術の禁書目録,19019.0,2024-12-25,66865.0,10804.0,0.13507545086492456,0.14351304868017647,0.09579785264716771,-16450.0,-0.8649245491350754
1194,Lスーパービンゴネオ(2024年),17853.0,2024-12-25,81020.0,14081.0,0.29569260068335856,0.3161811898296717,0.35572757616646544,-12574.0,-0.7043073993166414
1195,Lパチスロ ダンベル何キロ持てる?,18618.0,2024-12-25,74788.0,8642.0,0.18766784831883124,0.23337968658073488,0.10298542004165702,-15124.0,-0.8123321516811688
1196,P STEINS；GATE 0 L2-K,36090.0,2024-12-25,75894.0,14715.0,0.26655583264062066,0.27923155980709935,0.2888209310227659,-26470.0,-0.7334441673593793
1197,e ゴジラ対エヴァンゲリオン セカンドインパクト G～破壊神覚醒～ bA,29240.0,2024-12-25,63095.0,9565.0,0.3030095759233926,0.3113875901418496,0.3361212754835337,-20380.0,-0.6969904240766074
1198,e ソードアート・オンライン 閃光の軌跡 K7,39260.0,2024-12-25,81710.0,15354.0,0.1999490575649516,0.22503977481336435,0.23824410577048327,-31410.0,-0.8000509424350484
1199,L サラリーマン金太郎(2025年),20837.0,2025-01-15,78165.0,10838.0,0.14512645774343716,0.16685217168809569,0.21406163498800518,-17813.0,-0.8548735422565629
1200,Lチバリヨ2プラス,11784.0,2025-01-15,49420.0,8438.0,0.4441615750169722,0.46659247268312426,0.463498459350557,-6550.0,-0.5558384249830278
1201,PA世紀末・天才バカボン～神SPEC凱旋～ 99ver.,22540.0,2025-01-15,42400.0,6096.0,0.41304347826086957,0.427877358490566,0.45144356955380577,-13230.0,-0.5869565217391305
1202,PLTジューシーハニー極嬢 MA,26080.0,2025-01-15,55010.0,11870.0,0.32131901840490795,0.33317578622068716,0.32889637742207245,-17700.0,-0.678680981595092
1203,Pネオモンスターハウス 99Ver.,17420.0,2025-01-15,25436.0,6246.0,0.6486796785304249,0.6670073910992295,0.6802753762407941,-6120.0,-0.3513203214695752
1204,P世界最高の暗殺者、異世界貴族に転生する JMB,24170.0,2025-01-15,52713.0,9551.0,0.3065784029788995,0.3272247832602963,0.43806931211391476,-16760.0,-0.6934215970211005
1205,P戦国乙女7 終焉の関ケ原 L9YY7,37750.0,2025-01-15,76599.0,12459.0,0.21960264900662252,0.24386741341270773,0.2492976964443374,-29460.0,-0.7803973509933775
1206,P清流物語4 ヌシを求めて4000匹 HLC,27530.0,2025-01-15,46357.0,6200.0,0.3138394478750454,0.3343615850896305,0.4532258064516129,-18890.0,-0.6861605521249546
1207,e ULTRAMAN 2400★80,24100.0,2025-01-15,55195.0,9779.0,0.35809128630705395,0.36782317238880335,0.4152776357500767,-15470.0,-0.6419087136929461
1208,eぱちんこ押忍!番長 漢の頂 L09,45590.0,2025-01-15,93971.0,18682.0,0.17525773195876287,0.192261442359877,0.19992506155657852,-37600.0,-0.8247422680412371
1209,eフィーバー戦姫絶唱シンフォギア4 キャロルver.,32410.0,2025-01-15,70708.0,8469.0,0.33137920394939835,0.3423516433784013,0.43724170504191756,-21670.0,-0.6686207960506017
1210,スターハナハナ-30,19761.0,2025-01-15,26397.0,4341.0,0.4015485046303325,0.45156646588627497,0.2082469477079014,-11826.0,-0.5984514953696676
1211,L A-SLOT+ ディスクアップ ULTRAREMIX,23016.0,2025-01-29,44403.0,1522.0,0.43217761557177614,0.48850302907461207,-0.4021024967148489,-13069.0,-0.5678223844282239
1212,L にゃんこ大戦争 超神速,19605.0,2025-01-29,72864.0,12279.0,0.13318031114511605,0.16334541062801933,0.1737112142682629,-16994.0,-0.8668196888548839
1213,Lスマート沖スロ スターハナハナ,17653.0,2025-01-29,23678.0,4145.0,0.3636209142921883,0.4450967142495143,0.5597104945717732,-11234.0,-0.6363790857078117
1214,Lパチスロ シン・エヴァンゲリオン,20451.0,2025-01-29,65284.0,9693.0,0.11045914625201701,0.12989400159303965,0.1171979779222119,-18192.0,-0.889540853747983
1215,L七つの魔剣が支配する,23517.0,2025-01-29,64878.0,12133.0,0.2589190798146022,0.29959308240081384,0.27709552460232423,-17428.0,-0.7410809201853978
1216,L島娘(2025年),13684.0,2025-01-29,70071.0,3842.0,0.30290850628471205,0.323871501762498,-0.09292035398230089,-9539.0,-0.6970914937152879
1217,PA花の慶次 裂 99ver.,25590.0,2025-01-29,41908.0,6455.0,0.3399765533411489,0.3629855874773313,0.42664601084430676,-16890.0,-0.6600234466588512
1218,Pゲゲゲの鬼太郎 獅子奮迅 99ver.,28340.0,2025-01-29,45967.0,7870.0,0.37473535638673255,0.3881262644940936,0.4312579415501906,-17720.0,-0.6252646436132675
1219,Pハネモノ ファミリースタジアム MD,40500.0,2025-01-29,28727.0,8986.0,0.2822222222222222,0.2800501270581683,0.156354328956154,-29070.0,-0.7177777777777777
1220,Pブラックラグーン4 EXTRA BULLET 129ver.,28660.0,2025-01-29,59283.0,10944.0,0.2958827634333566,0.3104768652058769,0.28326023391812866,-20180.0,-0.7041172365666434
1221,P花の慶次 裂 蓮極129ver.,27540.0,2025-01-29,55924.0,10173.0,0.29557007988380535,0.30646949431371145,0.3186867197483535,-19400.0,-0.7044299201161947
1222,L 東京喰種,23893.0,2025-02-12,87404.0,13480.0,0.4432260494705562,0.4685597913138987,0.2378338278931751,-13303.0,-0.5567739505294438
1223,Lスマスロ シャーマンキング,19845.0,2025-02-12,79365.0,14519.0,0.30561854371378183,0.3002079002079002,0.2252221227357256,-13780.0,-0.6943814562862182
1224,Lスマスロスーパーブラックジャック(2025年),21608.0,2025-02-12,68968.0,10700.0,0.2715198074787116,0.29452789699570814,0.3165420560747664,-15741.0,-0.7284801925212884
1225,Lパチスロ ありふれた職業で世界最強,18086.0,2025-02-12,60913.0,8986.0,0.2148623244498507,0.22890023476105265,0.17160026708212775,-14200.0,-0.7851376755501492
1226,P 冬のソナタ My Memory M7,23830.0,2025-02-12,41054.0,5288.0,0.404951741502308,0.43683928484435136,0.6094931921331316,-14180.0,-0.5950482584976919
1227,PLT OVERLORD魔導王光臨 129ver.,20850.0,2025-02-12,44311.0,6149.0,0.4848920863309353,0.5122881451558304,0.506586436818995,-10740.0,-0.5151079136690647
1228,Pとある魔術の禁書目録2 Light PREMIUM 2000 ver.,27340.0,2025-02-12,51588.0,10046.0,0.2761521580102414,0.29107544390168255,0.2709536133784591,-19790.0,-0.7238478419897586
1229,Pぱちんこ シン・エヴァンゲリオン 129 LT ver.,30400.0,2025-02-12,59874.0,10867.0,0.2565789473684211,0.27148678892340583,0.27845771602098096,-22600.0,-0.743421052631579
1230,Pフィーバー戦姫絶唱シンフォギア4 199ver.,26280.0,2025-02-12,57352.0,11395.0,0.3013698630136986,0.3065106709443437,0.30118473014480035,-18360.0,-0.6986301369863014
1231,P愛の不時着 MF,18790.0,2025-02-12,41313.0,6161.0,0.532197977647685,0.5470190981047128,0.6602824216847915,-8790.0,-0.46780202235231505
1232,eルパン三世 ONE COLLECTION 超ブチヌキLT ver.,25460.0,2025-02-12,56450.0,10146.0,0.37549096622152395,0.38850310008857397,0.4414547604967475,-15900.0,-0.624509033778476
1233,e蒼天の拳 羅龍 SREN,33610.0,2025-02-12,74534.0,12402.0,0.25111573936328474,0.26436257278557435,0.28430898242219,-25170.0,-0.7488842606367153
1234,e閃乱カグラ LTM-JF,28480.0,2025-02-12,64714.0,9389.0,0.3377808988764045,0.3481163272244028,0.4730003195228459,-18860.0,-0.6622191011235955
1235,Pクイーンズブレイド4 ナナエルver.,26200.0,2025-02-26,44316.0,10020.0,0.29847328244274807,0.31891416192797184,0.3538922155688623,-18380.0,-0.7015267175572519
1236,Pデビルマン THE FINAL N4-S,25050.0,2025-02-26,48674.0,8233.0,0.37924151696606784,0.40867814438920164,0.42062431677395845,-15550.0,-0.6207584830339321
1237,P緋弾のアリア ～緋緋神降臨～ 199Ver.,31090.0,2025-02-26,64803.0,12531.0,0.250241235123834,0.26248784778482476,0.27435958822121137,-23310.0,-0.749758764876166
1238,L Sister Quest(2025年),19735.0,2025-03-12,74677.0,13170.0,0.21575880415505447,0.2184340560011784,0.11412300683371299,-15477.0,-0.7842411958449456
1239,L スマスロ バイオハザード5(2025年),23589.0,2025-03-12,69512.0,11668.0,0.24761541396413583,0.27153584992519275,0.2442577991086733,-17748.0,-0.7523845860358642
1240,Lてぃだどんどん,7921.0,2025-03-12,32042.0,5865.0,0.7030677944703951,0.7123462954871731,0.6896845694799659,-2352.0,-0.29693220552960486
1241,L回胴黙示録カイジ 狂宴,20833.0,2025-03-12,66533.0,11442.0,0.2050112801804829,0.22672959283363142,0.14438035308512498,-16562.0,-0.7949887198195171
1242,L少女☆歌劇 レヴュースタァライト -The SLOT-,22657.0,2025-03-12,48801.0,8535.0,0.3149137132012182,0.34509538738960266,0.30837727006444055,-15522.0,-0.6850862867987818
1243,P FAIRY TAIL 89Ver.,25950.0,2025-03-12,50543.0,9508.0,0.27360308285163776,0.2943434303464377,0.33887252839713927,-18850.0,-0.7263969171483622
1244,P リングにかけろ1 L5-S,20930.0,2025-03-12,41296.0,7103.0,0.4572384137601529,0.4694643549012011,0.5057018161340279,-11360.0,-0.5427615862398472
1245,P 俺の妹がこんなに可愛いわけがない。 M3,26200.0,2025-03-12,53036.0,8112.0,0.3427480916030534,0.3543065087864847,0.42467948717948717,-17220.0,-0.6572519083969466
1246,PA大海物語5 ブラック LT99ver.,26470.0,2025-03-12,40736.0,5778.0,0.5349452210049113,0.5376080125687352,0.6053997923156802,-12310.0,-0.4650547789950888
1247,Pバンドリ! Light ver.,22310.0,2025-03-12,33605.0,5792.0,0.4491259524876737,0.4747805386103258,0.41678176795580113,-12290.0,-0.5508740475123263
1248,eフィーバーダンジョンに出会いを求めるのは間違っているだろうか2 G,28280.0,2025-03-12,61094.0,7677.0,0.3783592644978784,0.38877794873473664,0.48274065390126353,-17580.0,-0.6216407355021216
1249,L 仮面ライダー電王,13067.0,2025-03-26,48614.0,7340.0,0.12145098339328078,0.1327395400501913,0.08337874659400545,-11480.0,-0.8785490166067192
1250,P モモキュンソード 速撃3000+,31510.0,2025-03-26,71172.0,9877.0,0.35449063789273244,0.37114314618108246,0.4505416624481118,-20340.0,-0.6455093621072675
1251,PAひぐらしのなく頃に 輪廻転生 99Ver.,26400.0,2025-03-26,41011.0,6408.0,0.3125,0.34473677793762647,0.4232209737827715,-18150.0,-0.6875
1252,PA魔王学院の不適合者 魔王再臨 99Ver,25720.0,2025-03-26,44373.0,11641.0,0.28499222395023327,0.30166993441957946,0.3065887810325573,-18390.0,-0.7150077760497667
1253,Pうまい棒2 V3,35890.0,2025-03-26,75578.0,13229.0,0.23293396489272777,0.25670168567572577,0.3000982689545695,-27530.0,-0.7670660351072722
1254,Pうる星やつら～Eternal Love Song～ 129ver.,22940.0,2025-03-26,40663.0,8277.0,0.46512641673932,0.467697907188353,0.5180620997946116,-12270.0,-0.53487358326068
1255,e真・北斗無双 第5章 ドデカSTART,41450.0,2025-03-26,81817.0,15351.0,0.16212303980699638,0.1791192539447792,0.22760732199856687,-34730.0,-0.8378769601930036
1256,Lうしおととら白面決戦VH,14757.0,2025-04-16,58884.0,6586.0,0.10679677441214339,0.11529447727735888,0.006225326450045551,-13181.0,-0.8932032255878566
1257,Lゴジラ(2025年),18087.0,2025-04-16,87632.0,9503.0,0.2999944711671366,0.320111374840241,-0.005366726296958855,-12661.0,-0.7000055288328634
1258,Lスマスロ マギアレコード 魔法少女まどか☆マギカ外伝,24210.0,2025-04-16,67387.0,9730.0,0.2962412226352747,0.3261311528929912,0.2157245632065776,-17038.0,-0.7037587773647254
1259,Lスマート沖スロ アメイジングライブ,11887.0,2025-04-16,37126.0,5193.0,0.6786405316732566,0.7489360555944621,1.0,-3820.0,-0.3213594683267435
1260,Pアナザーゴッドハーデス-獄炎- SB,26410.0,2025-04-16,55090.0,9938.0,0.2828474062854979,0.29250317662007624,0.34805795934795736,-18940.0,-0.7171525937145021
1261,Pフィーバーうたわれるもの 199ver.,25360.0,2025-04-16,57669.0,10274.0,0.32018927444794953,0.3257035842480362,0.3249951333463111,-17240.0,-0.6798107255520505
1262,P少女☆歌劇 レヴュースタァライト ラッキートリガー4500,28860.0,2025-04-16,61468.0,9625.0,0.30076230076230076,0.32034554564976897,0.4587012987012987,-20180.0,-0.6992376992376992
1263,e シン・ウルトラマン K3,31580.0,2025-04-16,76203.0,13332.0,0.23654211526282456,0.24300880542760783,0.25735073507350736,-24110.0,-0.7634578847371755
1264,eフィーバーうたわれるもの Z,24350.0,2025-04-16,54278.0,8384.0,0.42874743326488707,0.42991635653487603,0.5050095419847328,-13910.0,-0.5712525667351129
1265,e牙狼 神速神撃3000LT,37490.0,2025-04-16,88143.0,13153.0,0.22192584689250466,0.2317143732344032,0.27871968372234474,-29170.0,-0.7780741531074953
1266,Lスマスロ アイドルマスター ミリオンライブ! ネクストプロローグ,16244.0,2025-04-30,54097.0,10678.0,0.13925141590741197,0.156422722147254,0.1628582131485297,-13982.0,-0.860748584092588
1267,L吉宗(2025年),22895.0,2025-05-07,91957.0,15479.0,0.2835990390915047,0.29198429700838435,0.21693907875185736,-16402.0,-0.7164009609084953
1268,L麻雀物語(2025年),21122.0,2025-04-30,71067.0,10635.0,0.21191175078117602,0.2322878410514022,0.2161730136342266,-16646.0,-0.7880882492188239
1269,Pゾンビランドサガ SCPC,28780.0,2025-04-30,61688.0,14633.0,0.2640722724113968,0.2698255738555311,0.23932208022961798,-21180.0,-0.7359277275886031
1270,P痛いのは嫌なので防御力に極振りしたいと思います。 FHZ,27640.0,2025-04-30,61342.0,11737.0,0.3125904486251809,0.3245410974536207,0.31669080685013207,-19000.0,-0.6874095513748191
1271,e 東京喰種 W,43260.0,2025-05-07,92899.0,15456.0,0.4727230698104484,0.4934283469143909,0.2851966873706004,-22810.0,-0.5272769301895516
1272,Lスマスロ ようこそ実力至上主義の教室へ,20081.0,2025-05-14,64329.0,12126.0,0.15547034510233554,0.17185095369118128,0.11207323107372588,-16959.0,-0.8445296548976644
1273,Lスマスロ 緑ドン VIVA!情熱南米編 REVIVAL,20604.0,2025-05-14,67643.0,7654.0,0.1915647447097651,0.21406501781411233,0.2197543767964463,-16657.0,-0.8084352552902349
1274,Lパチスロ 機動戦士ガンダムSEED,17790.0,2025-05-14,74361.0,10196.0,0.15205171444631815,0.1681930043974664,0.14299725382502942,-15085.0,-0.8479482855536818
1275,P ToLOVEるダークネス 100ver.,24100.0,2025-05-14,38702.0,4933.0,0.391701244813278,0.4287375329440339,0.5540239205351712,-14660.0,-0.6082987551867219
1276,P 宇宙戦艦ヤマト2202 超波動 森雪 199LT ver.,20450.0,2025-05-14,39818.0,7235.0,0.4880195599022005,0.5145913908282687,0.6181064270905321,-10470.0,-0.5119804400977995
1277,P 織田信奈の野望 下剋上 V1D,26140.0,2025-05-14,53885.0,10602.0,0.3114001530221882,0.3309455321518048,0.3366345972458027,-18000.0,-0.6885998469778117
1278,PLT世界でいちばん強くなりたい!2 MQ,20090.0,2025-05-14,42602.0,7477.0,0.39771030363364857,0.4169522557626403,0.513574963220543,-12100.0,-0.6022896963663514
1279,Pフィーバー機動戦士ガンダムユニコーン再来 129ver.,21960.0,2025-05-14,44348.0,6951.0,0.7108378870673953,0.7384549472355011,0.8490864623795137,-6350.0,-0.28916211293260474
1280,P乗物娘 with CYBER JAPAN DANCERS 2nd season LM3,17060.0,2025-05-14,30312.0,5637.0,0.5240328253223916,0.5565452626022698,0.6169948554195495,-8120.0,-0.47596717467760846
1281,P攻殻機動隊SAC_2045 大入りLTver,23620.0,2025-05-14,45021.0,9919.0,0.3636748518204911,0.38008929166389016,0.37927210404274625,-15030.0,-0.6363251481795089
1282,P海物語 極JAPAN HTH,32330.0,2025-05-14,54983.0,6049.0,0.24528301886792453,0.2643362493861739,0.3866754835510002,-24400.0,-0.7547169811320755
1283,e 仮面ライダーBLACK KRJ2,31320.0,2025-05-14,66537.0,10896.0,0.25191570881226055,0.26532605918511504,0.3331497797356828,-23430.0,-0.7480842911877394
1284,デジハネP北斗の拳 慈母 SSPC,29140.0,2025-05-14,38401.0,10347.0,0.2765957446808511,0.31233561625999323,0.31149125350343093,-21080.0,-0.723404255319149
1285,P【超甘LT】江頭2:50inナナシー 奇跡の99%,19750.0,2025-05-21,29555.0,5053.0,0.8,0.8192522415834884,1.0,-3950.0,-0.2
1286,L ToLOVEるダークネス TRANCE ver.8.7,20577.0,2025-05-28,95410.0,10713.0,0.35981921562910046,0.3916570590084897,0.1422570708485018,-13173.0,-0.6401807843708995
1287,L花笠,17125.0,2025-05-28,61108.0,5911.0,0.2291970802919708,0.28341624664528375,0.548299780071054,-13200.0,-0.7708029197080292
1288,Pフィーバー機動戦士ガンダムユニコーン 再来 129ver.,12900.0,2025-06-04,27135.0,4892.0,0.6689922480620155,0.6648608807812788,0.6539247751430908,-4270.0,-0.3310077519379845
1289,L ULTRAMAN,12154.0,2025-06-11,42762.0,4680.0,0.19384564752344907,0.22169215658762453,0.3211538461538462,-9798.0,-0.806154352476551
1290,L スマスロ デビル メイ クライ 5 スタイリッシュトライブ,20235.0,2025-06-11,71936.0,14701.0,0.27284408203607613,0.28136120996441283,0.23658254540507448,-14714.0,-0.7271559179639239
1291,LBスマスロニューパルサーBT,15242.0,2025-06-11,33984.0,5353.0,0.2375672483925994,0.2817208097928437,0.22809639454511488,-11621.0,-0.7624327516074006
1292,LBパチスロ1000ちゃんA,16173.0,2025-06-11,31707.0,4178.0,0.2663080442713164,0.32589018197874287,0.2848252752513164,-11866.0,-0.7336919557286836
1293,LBプレミアムうまい棒,15435.0,2025-06-11,34170.0,5757.0,0.2831227729186913,0.3329528826455955,0.4339065485495918,-11065.0,-0.7168772270813087
1294,LB翔べ!ハーレムエース,17444.0,2025-06-11,35891.0,8223.0,0.3408048612703508,0.3821849488729765,0.31326766386963395,-11499.0,-0.6591951387296492
1295,Lいざ!番長,23607.0,2025-06-11,77328.0,11870.0,0.30105477188969376,0.32213428512311193,0.2605728727885425,-16500.0,-0.6989452281103062
1296,Lスマスロ ギルティクラウン2,19849.0,2025-06-11,57652.0,10338.0,0.19144541286714695,0.20665371539582322,0.1657960920874444,-16049.0,-0.808554587132853
1297,P DD北斗の拳3 百突99ver.,18150.0,2025-06-11,27993.0,6761.0,0.4550964187327824,0.4769049405208445,0.43499482325099836,-9890.0,-0.5449035812672176
1298,PA海物語3R3 LBA(クリスタルシェル),18180.0,2025-06-11,21451.0,2940.0,0.5748074807480749,0.6079903034823552,0.7717687074829932,-7730.0,-0.4251925192519252
1299,PLT激デジ ジューシーハニー極嬢 77LT-ARB,18290.0,2025-06-11,33850.0,4646.0,0.4412247129579005,0.4670605612998523,0.6246233318984072,-10220.0,-0.5587752870420996
1300,Pフィーバーマクロスフロンティア5 LT-Light ver.,19390.0,2025-06-11,36629.0,6738.0,0.4584837545126354,0.4632395096781239,0.4997031760166221,-10500.0,-0.5415162454873647
1301,P緋弾のアリア ～緋緋神降臨～ 88Ver.,20440.0,2025-06-11,37072.0,6628.0,0.38796477495107634,0.40459106603366424,0.4923053711526856,-12510.0,-0.6120352250489237
1302,e 新・必殺仕置人S 超斬撃99,19820.0,2025-06-11,39847.0,6478.0,0.45408678102926336,0.4669862223002986,0.5535659154059895,-10820.0,-0.5459132189707366
1303,eフィーバー彼女、お借りします H,29500.0,2025-06-11,65769.0,7391.0,0.27627118644067794,0.2878103665860816,0.43958868894601544,-21350.0,-0.7237288135593221
1304,e冴えない彼女の育てかた LX04,25550.0,2025-06-11,58650.0,10229.0,0.36634050880626223,0.3678090366581415,0.368853260338254,-16190.0,-0.6336594911937378
1305,e範馬刃牙 XAM2,34740.0,2025-06-11,80787.0,11492.0,0.22394933793897526,0.231844232364118,0.30412460842325095,-26960.0,-0.7760506620610248
1306,デジハネPモンスターハンターライズ GSPB,15150.0,2025-06-11,29722.0,6750.0,0.5036303630363036,0.5249310275217011,0.530962962962963,-7520.0,-0.49636963696369635
1307,L 絶対衝激～PLATONIC HEART～,15454.0,2025-06-18,37918.0,12583.0,0.1677235667141193,0.17685531937338467,0.11467853453071604,-12862.0,-0.8322764332858806
1308,デカスタP戦国無双 HM3,25550.0,2025-06-18,52863.0,8975.0,0.41800391389432484,0.418534702911299,0.498941504178273,-14870.0,-0.5819960861056751
1309,LBアレックス ブライト,19822.0,2025-07-16,38684.0,4717.0,0.3972858440117042,0.46732499224485574,0.3555225779096884,-11947.0,-0.6027141559882958
1310,LBパチスロ ヱヴァンゲリヲン ～約束の扉～,21246.0,2025-07-16,38875.0,6052.0,0.3059870093194013,0.3492990353697749,0.34071381361533376,-14745.0,-0.6940129906805987
1311,Lわたしの幸せな結婚,18335.0,2025-07-16,60949.0,7143.0,0.4088355604035997,0.4204991058097754,0.22861542769144616,-10839.0,-0.5911644395964003
1312,PA CYBORG009 RULE OF SACRIFICE LT99Ver,21800.0,2025-07-16,40787.0,8420.0,0.36743119266055047,0.3755608404638733,0.3648456057007126,-13790.0,-0.6325688073394495
1313,PAフィーバー機動戦士ガンダムユニコーン 再来 99ver.,18260.0,2025-07-16,31021.0,5004.0,0.5372398685651698,0.55484994036298,0.5577537969624301,-8450.0,-0.46276013143483025
1314,Pドラムだ!金ドン 花火外伝 99ver.,18250.0,2025-07-16,33078.0,6820.0,0.49095890410958903,0.5121228611161497,0.546041055718475,-9290.0,-0.5090410958904109
1315,e 犬夜叉3.0 LTM-TS,21400.0,2025-07-16,48965.0,7097.0,0.5289719626168224,0.5372613090983356,0.7074820346625335,-10080.0,-0.47102803738317756
1316,eフィーバー炎炎ノ消防隊2 シンラver.,32610.0,2025-07-16,74576.0,9544.0,0.2425636307881018,0.2546931988843596,0.44488683989941324,-24700.0,-0.7574363692118982
1317,eフィーバー炎炎ノ消防隊2 紅丸ver.,38460.0,2025-07-16,86140.0,10829.0,0.2139885595423817,0.22944044578592987,0.26558315633945884,-30230.0,-0.7860114404576183
1318,e一方通行 とある魔術の禁書目録 JKZ,36220.0,2025-07-16,77183.0,12080.0,0.23467697404748758,0.24702330824145213,0.275,-27720.0,-0.7653230259525124
1319,e冒険島 EHLC2,20490.0,2025-07-16,48292.0,6677.0,0.5714982918496828,0.5842582622380519,0.6562827617193351,-8780.0,-0.42850170815031724
1320,e東京リベンジャーズ GFEC,43960.0,2025-07-16,97656.0,14682.0,0.2804822565969063,0.29502539526501187,0.3436861463015938,-31630.0,-0.7195177434030937
1321,ハイビリターン-30,15162.0,2025-07-16,47181.0,6091.0,0.47539902387547817,0.5593989105784108,0.47167952717123623,-7954.0,-0.5246009761245218
1322,PAコマコマ倶楽部with坂本冬美 89STver.,19430.0,2025-07-30,25734.0,5002.0,0.4915079773546063,0.5173700163208207,0.5631747301079568,-9880.0,-0.5084920226453937
1323,e マギアレコード 魔法少女まどか☆マギカ外伝 KRJ1,37600.0,2025-07-30,84462.0,12926.0,0.23085106382978723,0.24190760341928916,0.267677549125793,-28920.0,-0.7691489361702127
1324,デカスタe花の慶次～傾奇一転 H6,30340.0,2025-07-30,63125.0,8536.0,0.27356624917600525,0.28464158415841584,0.3581302717900656,-22040.0,-0.7264337508239948
1325,L アズールレーン THE ANIMATION,20623.0,2025-08-13,72979.0,11272.0,0.3480095039518984,0.3777113964291097,0.24875798438608943,-13446.0,-0.6519904960481017
1326,L ダーリン・イン・ザ・フランキス,15997.0,2025-08-13,63470.0,8635.0,0.37844595861724073,0.4049472191586576,0.40277938621887666,-9943.0,-0.6215540413827593
1327,LBマタドールⅢ,11401.0,2025-08-13,23440.0,5840.0,0.5603017279186037,0.6089163822525597,0.5594178082191781,-5013.0,-0.4396982720813964
1328,Lパチスロ 転生したら剣でした,16915.0,2025-08-13,52432.0,9225.0,0.36470588235294116,0.3858712236801953,0.2898644986449864,-10746.0,-0.6352941176470588
1329,L咲-Saki- 頂上決戦,16837.0,2025-08-13,54359.0,9831.0,0.3678208707014314,0.3950035872624588,0.3411657003356729,-10644.0,-0.6321791292985687
1330,Pクイーンズブレイド奈落 5400,16520.0,2025-08-13,35662.0,7058.0,0.4703389830508475,0.49226066962032416,0.47378860867101164,-8750.0,-0.5296610169491526
1331,Pフィーバー戦姫絶唱シンフォギア4 LT-Light ver.,23320.0,2025-08-13,43541.0,9757.0,0.3572041166380789,0.36641326565765603,0.32571487137439786,-14990.0,-0.6427958833619211
1332,Pフィーバー戦姫絶唱シンフォギア4 Light ver.,21610.0,2025-08-13,35372.0,8085.0,0.35955576122165667,0.37032115797806175,0.3126777983920841,-13840.0,-0.6404442387783433
1333,eシャーマンキング MH,23860.0,2025-08-13,56930.0,9714.0,0.3294216261525566,0.3306868083611453,0.30049413218035825,-16000.0,-0.6705783738474435
1334,eシャーマンキング でっけぇえなver.,29180.0,2025-08-13,65560.0,14222.0,0.24126113776559288,0.24655277608297743,0.24581634088032625,-22140.0,-0.7587388622344071
1335,e牙狼12黄金騎士極限 XX-MJ,39080.0,2025-08-13,90589.0,15221.0,0.43167860798362334,0.43361776816169734,0.30720714801918403,-22210.0,-0.5683213920163767
1336,e真・一騎当千～軍神覚醒～ 319大入りver.,35780.0,2025-08-13,76742.0,16300.0,0.25936277249860257,0.2855802559224414,0.26858895705521474,-26500.0,-0.7406372275013974
1337,e黄門ちゃま寿限無 LLサイズ 9HC3,25830.0,2025-08-13,61810.0,15109.0,0.38714672861014326,0.3943698430674648,0.3411211860480508,-15830.0,-0.6128532713898568
1338,e GODZILLA7 TYPE-CRASH,28390.0,2025-08-27,62621.0,8961.0,0.32159210989785136,0.3285798693728941,0.2938288137484656,-19260.0,-0.6784078901021486
1339,e女神のカフェテラス JLZ,36320.0,2025-08-27,84610.0,12624.0,0.36040748898678415,0.3726864436827798,0.38751584283903673,-23230.0,-0.6395925110132159
1340,LBトリプルクラウン(2025年),3197.0,2025-09-10,7631.0,1217.0,1.0,1.0,1.0,0.0,0.0
1341,もっと!クレアの秘宝伝～女神の歌声と太陽の子供達～,3744.0,2025-09-10,7058.0,1955.0,1.0,1.0,1.0,0.0,0.0
1342,ドンちゃん2(2019年),2580.0,2025-09-10,5299.0,824.0,1.0,1.0,1.0,0.0,0.0
1343,ネオアイムジャグラーEX,18781.0,2025-09-10,31150.0,4367.0,0.5481071295458175,0.6304012841091493,0.5049232882986031,-8487.0,-0.4518928704541824
1344,LBクレアの秘宝伝 ～はじまりの扉と太陽の石～ ボーナストリガーver.,21766.0,2025-09-17,42867.0,8272.0,0.2969309932922907,0.36407959502647724,0.30851063829787234,-15303.0,-0.7030690067077092
1345,Lスマスロ ドルアーガの塔,14837.0,2025-09-17,35769.0,9231.0,0.40641639145379793,0.4405770359808773,0.30798396706749,-8807.0,-0.5935836085462021
1346,Lスマスロ 東京リベンジャーズ,22807.0,2025-09-17,71179.0,9026.0,0.3184110141623186,0.3366582840444513,0.312098382450698,-15545.0,-0.6815889858376815
1347,P FAIRY TAIL 超一夜Ver.,21610.0,2025-09-17,44029.0,9038.0,0.3688107357704766,0.3763882895364419,0.37641071033414475,-13640.0,-0.6311892642295234
1348,P アズールレーン THE ANIMATION 異次元トリガー 79ver.,24350.0,2025-09-17,40991.0,7847.0,0.35277207392197124,0.3739113463931107,0.3335032496495476,-15760.0,-0.6472279260780287
1349,PAぱちんこ シン・エヴァンゲリオン PREMIUM MODEL,16760.0,2025-09-17,29536.0,4793.0,0.48568019093078757,0.49668201516793065,0.5051116211141248,-8620.0,-0.5143198090692124
1350,P戦国乙女7 終焉の関ケ原 LLサイズ 299ver.,29550.0,2025-09-17,63327.0,15555.0,0.2490693739424704,0.26116822208536644,0.25207328833172615,-22190.0,-0.7509306260575296
1351,SLOTドルアーガの塔,15062.0,2025-09-17,34837.0,9169.0,0.38255211791262783,0.4080718776014008,0.30799432871632676,-9300.0,-0.6174478820873722
1352,eパリピ孔明 NB,16910.0,2025-09-17,37188.0,5228.0,0.6552335895919574,0.6711842529848339,0.8649579188982403,-5830.0,-0.34476641040804257
1353,eフィーバーブルーロック MZ,35390.0,2025-09-17,83559.0,10479.0,0.3498163322972591,0.3573881927739681,0.563889684130165,-23010.0,-0.6501836677027409
1354,デジハネP 頭文字D せかんど GCPC,16890.0,2025-09-17,34284.0,5970.0,0.4404973357015986,0.45729786489324464,0.4289782244556114,-9450.0,-0.5595026642984015
1355,LBマジカルハロウィン ボーナストリガー,14747.0,2025-10-01,35570.0,9655.0,0.4117447616464366,0.42749508012369974,0.3698601760745728,-8675.0,-0.5882552383535634
1356,P【超甘LT】豊丸のとあるパチンコにしみけん参戦 感度UP1/39,14610.0,2025-10-01,26792.0,5604.0,1.0,1.0,1.0,0.0,0.0
1357,Pルパン三世 ONE COLLECTION 100ver.,22410.0,2025-10-01,42447.0,8960.0,0.38821954484605087,0.39762527387094493,0.4578125,-13710.0,-0.6117804551539491
1358,デカスタPデビルマン THE FINAL 179ver.,10210.0,2025-10-01,21091.0,2533.0,1.0,1.0,1.0,0.0,0.0
1359,Lスマスロ バベル(2025年),10753.0,2025-10-16,41004.0,8119.0,0.6549800055798382,0.6665447273436738,0.6611651681241533,-3710.0,-0.3450199944201618
1360,Lスマスロ 新鬼武者3,21888.0,2025-10-16,72359.0,10748.0,0.3312317251461988,0.3454580632678727,0.28340156308150355,-14638.0,-0.6687682748538012
1361,L主役は銭形5,19711.0,2025-10-16,84005.0,11340.0,0.3342296179798082,0.3483364085471103,0.272663139329806,-13123.0,-0.6657703820201918
1362,P 冬のソナタ My Memory SWEET Version,15810.0,2025-10-16,21657.0,3247.0,0.6015180265654649,0.6408089763125087,0.6347397597782568,-6300.0,-0.3984819734345351
1363,PAフィーバーダンジョンに出会いを求めるのは間違っているだろうか2 LT-Light ver.,18000.0,2025-10-16,34562.0,6747.0,0.5188888888888888,0.5286731091950697,0.5575811471765229,-8660.0,-0.4811111111111111
1364,Pスーパー海物語IN沖縄6 LTP,29750.0,2025-10-16,46337.0,4237.0,0.3842016806722689,0.39504068023393835,0.4300212414444182,-18320.0,-0.6157983193277311
1365,e ベルセルク無双 第2章 H3,21770.0,2025-10-16,49054.0,7491.0,0.4000918695452457,0.4119949443470461,0.5235616072620478,-13060.0,-0.5999081304547542
1366,e 聖戦士ダンバイン3 ZEROSONIC GREA,28440.0,2025-10-16,66291.0,12780.0,0.26371308016877637,0.2719524520673998,0.2935054773082942,-20940.0,-0.7362869198312236
1367,eとある科学の超電磁砲 PHASE NEXT LTRSY,35410.0,2025-10-16,82701.0,11913.0,0.632589663936741,0.6556752639024921,0.8096197431377486,-13010.0,-0.36741033606325896
1368,eガールズ＆パンツァー 最終章 LAH1,31210.0,2025-10-16,73509.0,12675.0,0.3854533803268183,0.39091811886979827,0.43684418145956605,-19180.0,-0.6145466196731817
1369,L 荒野のコトブキ飛行隊,15913.0,2025-10-29,52049.0,10342.0,0.40143279079997485,0.4071740091068032,0.35176948365886673,-9525.0,-0.5985672092000252
1370,LB SHAKE BONUS TRIGGER,18546.0,2025-10-29,39350.0,4302.0,0.4496926560983501,0.5152986022871665,0.39655973965597396,-10206.0,-0.5503073439016499
1371,PA義風堂々!!～兼続と慶次～3 99Ver.,17710.0,2025-10-29,32864.0,7216.0,0.4449463579898362,0.4531402142161636,0.5602827050997783,-9830.0,-0.5550536420101637
1372,Pゴッドイーター199 ゴッドトリガーVER.,25000.0,2025-10-29,57307.0,6767.0,0.3348,0.3404819655539463,0.5414511600413773,-16630.0,-0.6652
1373,デカスタP STEINS；GATE 0 まゆしぃば～じょん,27270.0,2025-10-29,36406.0,7072.0,0.29776310964429775,0.3412349612701203,0.4243495475113122,-19150.0,-0.7022368903557022
1374,L 絶対衝激Ⅳ,16014.0,2025-11-12,54822.0,13225.0,0.36605470213563135,0.38630476815876835,0.31379962192816635,-10152.0,-0.6339452978643687
1375,Lスマスロ とある科学の超電磁砲2,20731.0,2025-11-12,65375.0,10443.0,0.30572572476002124,0.32890248565965585,0.3248108781001628,-14393.0,-0.6942742752399788
1376,Lパチスロ 革命機ヴァルヴレイヴ2,21592.0,2025-11-12,81340.0,8728.0,0.33002964060763246,0.3509589377919843,0.23968835930339139,-14466.0,-0.6699703593923676
1377,P Re:ゼロから始める異世界生活 鬼がかり 199ver.,31020.0,2025-11-12,69229.0,14768.0,0.3110896196002579,0.3298906527611261,0.35265438786565545,-21370.0,-0.6889103803997421
1378,P Re:ゼロから始める異世界生活 鬼がかり 99ver.,26840.0,2025-11-12,51427.0,14218.0,0.30812220566318926,0.3170707993855368,0.2743001828667886,-18570.0,-0.6918777943368107
1379,P いくさの子 戦極最強 ドデカ199ver.,18190.0,2025-11-12,39250.0,10793.0,0.5662451896646509,0.5691464968152866,0.4510330769943482,-7890.0,-0.4337548103353491
1380,Pはねものファインプレー H3,26810.0,2025-11-12,19066.0,3848.0,0.4289444237224916,0.45211371026958985,0.4391891891891892,-15310.0,-0.5710555762775084
1381,P転生したらスライムだった件 129ver.,22460.0,2025-11-12,35663.0,3572.0,0.45325022261798753,0.47878753890586884,0.6539753639417694,-12280.0,-0.5467497773820125
1382,e ノーゲーム・ノーライフ 199Ver.,29330.0,2025-11-12,71028.0,15042.0,0.36720081827480394,0.36541927127330065,0.32349421619465496,-18560.0,-0.632799181725196
1383,e ノーゲーム・ノーライフ 319Ver.,28020.0,2025-11-12,65285.0,13933.0,0.26873661670235544,0.2861606800949682,0.3580707672432355,-20490.0,-0.7312633832976445
1384,e 仮面ライダー電王 デカヘソ239,25330.0,2025-11-12,54726.0,10329.0,0.32293722858270824,0.34639842122574277,0.4573530835511666,-17150.0,-0.6770627714172918
1385,eとある科学の超電磁砲 PHASE NEXT LT RSY,17550.0,2025-11-12,42182.0,7465.0,0.486039886039886,0.4883836707600398,0.4263898191560616,-9020.0,-0.513960113960114
1386,eフィーバーもののがたり F,21300.0,2025-11-12,50178.0,7968.0,0.3741784037558685,0.38650404559767226,0.46247489959839355,-13330.0,-0.6258215962441315
1387,eルパン三世VSキャッツ・アイ MAH4,27660.0,2025-11-12,61820.0,8416.0,0.29790310918293567,0.3169362665803947,0.4580560836501901,-19420.0,-0.7020968908170644
1388,e源外伝 EPISODE OF -大龍- EHLG,18520.0,2025-11-12,40685.0,5934.0,0.47570194384449244,0.4906476588423252,0.6651499831479609,-9710.0,-0.5242980561555075
1389,e花の慶次～黄金の一撃 H4,34970.0,2025-11-12,76693.0,10681.0,0.2656562768086932,0.28370255434003105,0.41709577754891863,-25680.0,-0.7343437231913068
1390,Lスマスロネオプラネット,18534.0,2025-11-26,57993.0,9816.0,0.41248516240423005,0.44000137947683343,0.356560717196414,-10889.0,-0.58751483759577
1391,Pメイドインアビス 奈落の連環蝕 SL,20250.0,2025-11-26,41401.0,7165.0,0.43407407407407406,0.4415593826236081,0.46210746685275644,-11460.0,-0.5659259259259259
1392,e女神のカフェテラス FLX,25850.0,2026-01-07,60103.0,11266.0,0.655705996131528,0.6742758264978453,0.6119296999822474,-8900.0,-0.344294003868472
1393,Lスマスロ 化物語,25041.0,2025-12-10,72744.0,11619.0,0.27283255461043887,0.291226767843396,0.1533694810224632,-18209.0,-0.7271674453895611
1394,Lバーニングエクスプレス,14402.0,2025-12-10,52215.0,8686.0,0.5554784057769754,0.5656612084650005,0.3983421597973751,-6402.0,-0.44452159422302456
1395,Lプリズムナナ(2025年),19305.0,2025-12-10,75346.0,12669.0,0.30225330225330227,0.33620895601624506,0.3470676454337359,-13470.0,-0.6977466977466977
1396,L銀河英雄伝説 Die Neue These,19800.0,2025-12-10,63112.0,10457.0,0.3892424242424242,0.3989890987450881,0.268623888304485,-12093.0,-0.6107575757575757
1397,PAフィーバーからくりサーカス2 Light ver.,21990.0,2025-12-10,42858.0,7442.0,0.42746703046839474,0.42958140837183256,0.42972319269013703,-12590.0,-0.5725329695316053
1398,PA海物語 極JAPAN Withナギナミ HBD,21990.0,2025-12-10,29454.0,4340.0,0.4292860391086858,0.45134786446662595,0.5285714285714286,-12550.0,-0.5707139608913142
1399,PA野生の王国Ⅵ N2,20550.0,2025-12-10,29299.0,5901.0,0.4116788321167883,0.4478651148503362,0.5000847314014574,-12090.0,-0.5883211678832116
1400,e アズールレーン2 THE ANIMATION 超次元 K6,35030.0,2025-12-10,77788.0,12178.0,0.23237225235512418,0.24267239162852883,0.3080144522910166,-26890.0,-0.7676277476448758
1401,e 北斗の拳11 暴凶星 SHEF,41060.0,2025-12-10,93998.0,16578.0,0.22211397954213347,0.22955807570373837,0.21335504885993486,-31940.0,-0.7778860204578666
1402,eうしおととら～神のせSPEC～ 150ver.,27100.0,2025-12-10,61682.0,8138.0,0.36125461254612545,0.37754936610356343,0.6162447775866307,-17310.0,-0.6387453874538745
1403,e地獄少女 7500Ver.,38410.0,2025-12-10,90309.0,13740.0,0.20801874511845875,0.21832818434486043,0.2601892285298399,-30420.0,-0.7919812548815413
1404,L 無職転生 ～異世界行ったら本気だす～,23962.0,2025-12-31,76730.0,14467.0,0.3696269092730156,0.39521699465658805,0.33973871569779496,-15105.0,-0.6303730907269844
1405,LB不二子BT,21343.0,2025-12-31,37970.0,5977.0,0.3275078480063721,0.3830129049249407,0.2683620545424126,-14353.0,-0.6724921519936279
1406,Lスマスロ 沖ドキ!DUO アンコール,13610.0,2026-01-07,55501.0,5129.0,0.46083761939750184,0.49011729518387054,0.5509845973874049,-7338.0,-0.5391623806024982
1407,Lスマスロ 秘宝伝(2025年),20819.0,2025-12-31,63321.0,10573.0,0.2996301455401316,0.3242999952622353,0.34607017875721174,-14581.0,-0.7003698544598684
1408,P沖ドキ!ドキドキ弾丸ツアー LG,28130.0,2025-12-31,58461.0,19772.0,0.3021685033771774,0.3080002052650485,0.3029030952862634,-19630.0,-0.6978314966228226
1409,e 新世紀エヴァンゲリオン ～はじまりの記憶～ R,43930.0,2025-12-31,99424.0,15982.0,0.27430002276348736,0.28947738976504667,0.20729570767113,-31880.0,-0.7256999772365126
1410,LBスマート沖スロ ニューキングハナハナV,15718.0,2026-01-14,27333.0,2805.0,0.5874157017432243,0.6416419712435517,0.6235294117647059,-6485.0,-0.4125842982567757
1411,Lスマスロ 北斗の拳 転生の章2,23410.0,2026-01-14,77132.0,9028.0,0.34873985476292185,0.3875175024633096,0.09326539654408507,-15246.0,-0.6512601452370782
1412,Lスマスロ鉄拳6,21538.0,2026-01-14,73492.0,10517.0,0.34018943263069923,0.35316769172154794,0.23637919558809548,-14211.0,-0.6598105673693008
1413,P ゴジラ対エヴァンゲリオン2 超デカシルバー,23760.0,2026-01-14,46463.0,6431.0,0.4234006734006734,0.4391020812259217,0.5692738298864873,-13700.0,-0.5765993265993266
1414,PA清流物語4 ウキウキ79ver.,21780.0,2026-01-14,30136.0,4328.0,0.42240587695133147,0.46399654897796655,0.5316543438077634,-12580.0,-0.5775941230486685
1415,Pフィーバーうたわれるもの LT-Light ver.,20190.0,2026-01-14,37463.0,7021.0,0.5215453194650818,0.5349011024210555,0.5343968095712861,-9660.0,-0.4784546805349183
1416,Pフィーバー彼女、お借りします LT-Light ver.,23250.0,2026-01-14,46567.0,10217.0,0.4486021505376344,0.4547855777696652,0.40236860135069,-12820.0,-0.5513978494623656
1417,SBニューキングハナハナV-30,17810.0,2026-01-14,29478.0,3252.0,0.711341942728804,0.7747811927539182,0.5365928659286593,-5141.0,-0.288658057271196
1418,e ゴジラ対エヴァンゲリオン2 超デカゴールド,28490.0,2026-01-14,64458.0,8284.0,0.2772902772902773,0.2920040956902169,0.3901496861419604,-20590.0,-0.7227097227097227
1419,e ソードアート・オンライン 閃光の軌跡 99Ver.,27010.0,2026-01-14,51098.0,6350.0,0.31469825990373934,0.33486633527731025,0.4611023622047244,-18510.0,-0.6853017400962607
1420,e 盾の勇者の成り上がり アルティメット199ver.,23500.0,2026-01-14,59101.0,10287.0,0.3527659574468085,0.361973570667163,0.46495576941771166,-15210.0,-0.6472340425531915
1421,eようこそ実力至上主義の教室へ MA,36650.0,2026-01-14,82568.0,10450.0,0.24447476125511597,0.2591076446080806,0.2922488038277512,-27690.0,-0.7555252387448841
1422,e吉宗 極乗3000ver.,29220.0,2026-01-14,65852.0,9847.0,0.2864476386036961,0.2981230638401263,0.3994109881182086,-20850.0,-0.7135523613963038
1423,P【超甘LT】華牌RR 1/49×99de遊タイム,13960.0,2026-01-28,23802.0,4527.0,0.6318051575931232,0.646290227711957,0.7506074663132317,-5140.0,-0.3681948424068768
1424,P閃乱カグラ 189大入りver.,30540.0,2026-01-28,60938.0,13355.0,0.24034053700065489,0.250713840296695,0.28678397603893674,-23200.0,-0.7596594629993452
1425,e ULTRAMAN 4500超ライト,21160.0,2026-01-28,48225.0,7967.0,0.44281663516068054,0.44968377397615344,0.3764277645286808,-11790.0,-0.5571833648393195
1426,e範馬刃牙 199ver.,30330.0,2026-01-28,71986.0,10613.0,0.2891526541378173,0.3026977467840969,0.31037406953735985,-21560.0,-0.7108473458621827
1427,Lスマスロ ゴブリンスレイヤーⅡ,18694.0,2026-02-11,79374.0,11580.0,0.2936771156520809,0.3134653664928062,0.36459412780656303,-13204.0,-0.7063228843479191
1428,Lスマスロ ハナビ(2026年),19150.0,2026-02-11,30309.0,3607.0,0.40715404699738905,0.49397868619881885,0.5611311339062933,-11353.0,-0.592845953002611
1429,Lスマスロ 攻殻機動隊(2026年),22509.0,2026-02-11,68014.0,11034.0,0.4258296681327469,0.46946216955332726,0.29535979699111836,-12924.0,-0.5741703318672531
1430,Lパチスロ 炎炎ノ消防隊2,23410.0,2026-02-11,73563.0,12848.0,0.40115335326783425,0.41571170289411796,0.2459526774595268,-14019.0,-0.5988466467321657
1431,Lパチスロうみねこのなく頃に2,24203.0,2026-02-18,35513.0,899.0,0.5181589059207536,0.5981753160814349,-0.7675194660734149,-11662.0,-0.48184109407924636
1432,L範馬刃牙,18960.0,2026-02-11,62922.0,11378.0,0.34720464135021095,0.3661676361209116,0.33626296361399194,-12377.0,-0.652795358649789
1433,PA乗物娘 with CYBER JAPAN DANCERS 2nd season 77ver.,17160.0,2026-02-11,23562.0,4476.0,0.6048951048951049,0.6338596044478397,0.7625111706881144,-6780.0,-0.3951048951048951
1434,P俺の妹がこんなに可愛いわけがない。 攻略!!スキップ159ver.,21060.0,2026-02-11,44163.0,5458.0,0.6115859449192782,0.6256142019337454,0.5910589959692195,-8180.0,-0.38841405508072174
1435,P冴えない彼女の育てかた 99ver.,23220.0,2026-02-11,47810.0,10615.0,0.3496985357450474,0.3621418113365405,0.3183231276495525,-15100.0,-0.6503014642549526
1436,P黄門ちゃま寿限無 99ver.,21180.0,2026-02-11,41340.0,5368.0,0.4003777148253069,0.41265118529269473,0.5450819672131147,-12700.0,-0.5996222851746931
1437,e 真・北斗無双 第5章 夢幻闘双 SCEA,22660.0,2026-02-11,59335.0,9965.0,0.3031774051191527,0.3055195078789922,0.40501756146512796,-15790.0,-0.6968225948808473
1438,eフィーバーBASTARD!! -暗黒の破壊神- G,25520.0,2026-02-11,61347.0,10202.0,0.32053291536050155,0.3270412571111872,0.3979611840815526,-17340.0,-0.6794670846394985
1439,e異世界でチート能力を手にした俺は現実世界をも無双する ～レベルアップは人生を変えた～ FSZ,24520.0,2026-02-11,56356.0,10685.0,0.3209624796084829,0.3253424657534247,0.37482452035563874,-16650.0,-0.6790375203915171
1440,P黄門ちゃま寿限無 LLサイズ 259ver.,9520.0,2026-02-18,17747.0,4560.0,1.0,1.0,1.0,0.0,0.0
1441,P 俺の妹がこんなに可愛いわけがない。 攻略!!スキップ159ver.,11950.0,2026-03-04,25764.0,3632.0,0.7364016736401674,0.7343580189411582,0.9526431718061674,-3150.0,-0.26359832635983266
1442,LBスマスロ サンダーV(2026年),17645.0,2026-03-11,34164.0,2977.0,0.5185604987248512,0.5938414705537993,0.5566006046355392,-8495.0,-0.4814395012751488
1443,Lスマスロ 甲鉄城のカバネリ 海門決戦,25917.0,2026-03-11,73667.0,10497.0,0.49284253578732107,0.5406355627350102,0.2203486710488711,-13144.0,-0.5071574642126789
1444,P Re:ゼロから始める異世界生活 season2 129ver.,26460.0,2026-03-11,57946.0,10347.0,0.36432350718065004,0.3715528250440065,0.4048516478206243,-16820.0,-0.63567649281935
1445,P Re:ゼロから始める異世界生活 season2 249ver.,23030.0,2026-03-11,52748.0,10420.0,0.3321754233608337,0.34137787214681126,0.3115163147792706,-15380.0,-0.6678245766391663
1446,P戦国乙女7 終焉の関ケ原 99ver.,23890.0,2026-03-11,41336.0,7119.0,0.37254081205525325,0.3886926649893555,0.44346116027531957,-14990.0,-0.6274591879447468
1447,P痛いのは嫌なので防御力に極振りしたいと思います。 極振り129ver,21570.0,2026-03-11,46585.0,8049.0,0.36114974501622626,0.3716432328002576,0.42141880979003604,-13780.0,-0.6388502549837738
1448,e 甲鉄城のカバネリ2 咲かせや燦然 GFEA,31560.0,2026-03-11,76620.0,12734.0,0.33396704689480355,0.33621769772905247,0.4021517198052458,-21020.0,-0.6660329531051965
1449,e 魔法少女まどか☆マギカ3 時間遡行～始まりの願い～ LPM1,36780.0,2026-03-11,81625.0,12259.0,0.21533442088091354,0.2296477794793262,0.24757321151806835,-28860.0,-0.7846655791190864
1450,eアクダマドライブ EHLT,26380.0,2026-03-11,61390.0,12442.0,0.3858984078847612,0.39400553836129665,0.42252049509725126,-16200.0,-0.6141015921152388
1451,eフィーバーダンベル何キロ持てる？2 F,24910.0,2026-03-11,58676.0,9151.0,0.3079084704937776,0.3165007839661872,0.3649874330674243,-17240.0,-0.6920915295062224
1452,eワンパンマン2～正義執行 LM10,29420.0,2026-03-11,61890.0,8831.0,0.27532290958531613,0.2907577960898368,0.39474578190465404,-21320.0,-0.7246770904146839
1453,e牙狼11～冴島大河～ 魔戒BURST Ver.,24790.0,2026-03-11,55545.0,11224.0,0.3259378781766841,0.33387343595283103,0.30514967925873127,-16710.0,-0.6740621218233158
1454,P モモキュンソード 速撃99ver.,21930.0,2026-03-25,42271.0,9154.0,0.444140446876425,0.45437770575571906,0.45816036705265456,-12190.0,-0.555859553123575
1455,Pえとたま2 神祭 干支甘,20130.0,2026-03-25,38197.0,6773.0,0.4426229508196721,0.453622012199911,0.4833899306068212,-11220.0,-0.5573770491803278
1456,e スマパチ SSSS.GRIDMAN メガSTART 159ver.,25200.0,2026-03-25,50688.0,14592.0,0.25952380952380955,0.2729442866161616,0.2604851973684211,-18660.0,-0.7404761904761905
1457,e 乃木坂46 Ⅱ SWEET Version,25240.0,2026-03-25,43552.0,10361.0,0.3589540412044374,0.390728324761205,0.39600424669433454,-16180.0,-0.6410459587955626
1458,LB A-SLOT+ 異世界かるてっと BT,17968.0,2026-04-15,41080.0,5790.0,0.4208593054318789,0.488047711781889,0.35837651122625214,-10406.0,-0.5791406945681211
1459,Lアクダマドライブ,18728.0,2026-04-15,82397.0,15182.0,0.26895557454079455,0.2947801497627341,0.3118824924252404,-13691.0,-0.7310444254592054
1460,Lスマスロヨルムンガンド,19824.0,2026-04-15,68616.0,13388.0,0.309271589991929,0.31752069488166024,0.23476247385718554,-13693.0,-0.6907284100080711
1461,L真打 吉宗,21102.0,2026-04-15,86415.0,17605.0,0.5762960856790825,0.587351732916739,0.46969610905992615,-8941.0,-0.4237039143209175
1462,L虚構推理,21268.0,2026-04-15,72399.0,13807.0,0.37845589618205755,0.3947982706943466,0.2639240964728036,-13219.0,-0.6215441038179425
1463,P にゃんこ大戦争 多様性のネコ 神さまにおまかせ88ver.,25870.0,2026-04-15,48295.0,7105.0,0.3649014302280634,0.37097007971839735,0.3207600281491907,-16430.0,-0.6350985697719366
1464,P ウルトラマンメビウス デカヘソ319,23930.0,2026-04-15,52680.0,9723.0,0.4229001253656498,0.4306378132118451,0.4192121773115294,-13810.0,-0.5770998746343502
1465,e 終末のワルキューレ EREA,24790.0,2026-04-15,65498.0,13665.0,0.4336425978217023,0.4259824727472595,0.41573362605195757,-14040.0,-0.5663574021782977
1466,eラグナドール 妖しき皇帝と終焉の夜叉姫 CMB,24900.0,2026-04-15,57396.0,9879.0,0.4746987951807229,0.47442330475991357,0.5521813948780241,-13080.0,-0.5253012048192771
1467,eリコリス・リコイル M3,43280.0,2026-04-15,95087.0,14884.0,0.5217190388170055,0.5524624817272603,0.5233808116097823,-20700.0,-0.47828096118299446
1468,e転生したらスライムだった件2 MF,38020.0,2026-04-15,85739.0,13663.0,0.25749605470804837,0.2692940202241687,0.26655932079338357,-28230.0,-0.7425039452919516
1469,Lアニマルスロットドッチ,15856.0,2026-05-06,52747.0,11592.0,0.5362638748738647,0.5712362788405028,0.5023291925465838,-7353.0,-0.4637361251261352
1470,Lスマスロ ミリオンゴッド-神々の軌跡-,25831.0,2026-04-29,105058.0,31730.0,0.5150013549610932,0.5288888042795408,0.38635360857232903,-12528.0,-0.4849986450389067
1471,Lパチスロ 機動戦士ガンダムユニコーン 覚醒DRIVE,17976.0,2026-04-29,71117.0,11127.0,0.3257676902536716,0.3404389948957352,0.30142895659207336,-12120.0,-0.6742323097463284
1472,e86-エイティシックス- MAM2,34780.0,2026-04-29,80603.0,17746.0,0.3269120184013801,0.34485068793965484,0.32717232052293477,-23410.0,-0.6730879815986199
1473,eフィーバーキン肉マン,39650.0,2026-04-29,90932.0,16726.0,0.33417402269861285,0.34506004486869307,0.3317589381800789,-26400.0,-0.6658259773013872
1474,eリング 最恐領域 RHA,32480.0,2026-04-29,76765.0,12840.0,0.30603448275862066,0.31794437569204714,0.3501557632398754,-22540.0,-0.6939655172413793
1475,Lスマスロ スーパーリオエース2,20080.0,2026-05-20,69105.0,12091.0,0.4478585657370518,0.4638159322769698,0.3864858158961211,-11087.0,-0.5521414342629483
1476,Lスマスロ バイオハザードRE:3,19152.0,2026-05-20,68859.0,11311.0,0.3559419381787803,0.362712209006811,0.34656529042524975,-12335.0,-0.6440580618212197
1477,Lスマスロ ビッグドリーム THE GOLDEN PUSHER,17776.0,2026-05-20,96008.0,16614.0,0.3560981098109811,0.3693858845096242,0.418622848200313,-11446.0,-0.6439018901890189
1478,Lタクトオーパス デスティニー,19554.0,2026-05-20,57635.0,9535.0,0.44246701442160175,0.4734276047540557,0.47697954902988987,-10902.0,-0.5575329855783983
1479,Pクイーンズブレイド奈落 ナナエル79Ver.,17330.0,2026-05-20,35192.0,6906.0,0.5626081938834391,0.5630256876562855,0.49304952215464815,-7580.0,-0.43739180611656087
1480,PフィーバークィーンⅡ YS,22600.0,2026-05-20,25638.0,3207.0,0.4761061946902655,0.5051876121382323,0.7090739008419084,-11840.0,-0.5238938053097345
1481,e バイオハザード6 APN,29830.0,2026-05-20,71354.0,12337.0,0.37814280925243043,0.38478571628780445,0.45862041014833427,-18550.0,-0.6218571907475695
1482,eひきこまり吸血姫の悶々 FHV,32390.0,2026-05-20,70145.0,10476.0,0.5727076258104353,0.603535533537672,0.7209812905689195,-13840.0,-0.42729237418956467
1483,eまわるん超ワープ ギンギラパラダイス VIVA FESTA HTA2,22380.0,2026-05-20,46896.0,6098.0,0.4812332439678284,0.4891248720573183,0.5323056739914727,-11610.0,-0.5187667560321716
1484,eカケグルイ 7500ver,30650.0,2026-05-20,75448.0,10624.0,0.3608482871125612,0.3658016117060757,0.4439006024096386,-19590.0,-0.6391517128874388
1485,eライザのアトリエ 常闇の女王と秘密の隠れ家 K3,25900.0,2026-05-20,58664.0,10613.0,0.39575289575289574,0.41193917905359334,0.37491755394327714,-15650.0,-0.6042471042471043
1486,eルパン三世VSキャッツ・アイ 157ver. 極限突破ブッた斬り7500,22490.0,2026-05-20,50722.0,8341.0,0.3872832369942196,0.40544536887346716,0.47824001918235226,-13780.0,-0.6127167630057804
1487,デカスタP戦国無双 100ver.,20520.0,2026-05-20,35329.0,5976.0,0.45857699805068225,0.46865181578872883,0.4722222222222222,-11110.0,-0.5414230019493177
1488,LBスロットGALFY,16148.0,2026-06-03,35433.0,3811.0,0.5258855585831063,0.6058758784184235,0.5198110732091314,-7656.0,-0.47411444141689374
1489,P 犬夜叉3.0 大入り 甘SPEC,27180.0,2026-06-03,52179.0,10603.0,0.44150110375275936,0.4540523965580023,0.4297840233896067,-15180.0,-0.5584988962472406
1490,Lスマスロ BIRDIE WING -Golf Girls’ Story-,14424.0,2026-06-17,55834.0,9048.0,0.7167914586799778,0.7238958340795931,0.6375994694960212,-4085.0,-0.2832085413200222
1491,Lスロット ソードアート・オンラインⅡ,24160.0,2026-06-17,95926.0,18382.0,0.9433774834437086,0.9652023434730939,0.8889130671308889,-1368.0,-0.05662251655629139
1492,L戦国乙女5 業火を穿つ宿焔の双刃,24933.0,2026-06-17,78850.0,10602.0,0.9314161954036818,0.9733544705136334,0.9941520467836257,-1710.0,-0.06858380459631813
1493,P 魔法少女まどか☆マギカ3 キュゥべえver.,24480.0,2026-06-17,46770.0,7196.0,0.8243464052287581,0.8468890314304041,0.8799332962757087,-4300.0,-0.17565359477124182
1494,PAスーパー海物語IN沖縄6 Withえなこ RBD,22850.0,2026-06-17,27618.0,4187.0,0.7846827133479213,0.8069375045260337,0.9555767852877955,-4920.0,-0.21531728665207878
1495,PA花の慶次～傾奇一転 87ver.,20380.0,2026-06-17,29458.0,6218.0,0.8130520117762512,0.8465272591486184,0.9043100675458347,-3810.0,-0.18694798822374878
1496,e 化物語 鬼99ver.,20090.0,2026-06-17,45809.0,9163.0,0.8033847685415629,0.8132681350826256,0.8174178762414056,-3950.0,-0.19661523145843704
1497,e 学園黙示録ハイスクール・オブ・ザ・デッド3 V1A,20410.0,2026-06-17,47673.0,10171.0,0.6972072513473787,0.7066473685314538,0.7024874643594533,-6180.0,-0.3027927486526213
1498,e 東京喰種 超デカ 超一撃 ver.,43930.0,2026-06-17,94685.0,13047.0,0.9394491236057364,0.9650419813064371,1.0,-2660.0,-0.060550876394263604
1499,eソードアート・オンライン オルタナティブ ガンゲイル・オンライン M08,30150.0,2026-06-17,74425.0,10834.0,0.7784411276948591,0.7957003694994962,0.8615469817242016,-6680.0,-0.22155887230514096
1500,eフィーバー デッドマウント・デスプレイ 魂神9000,23160.0,2026-06-17,55035.0,8924.0,0.8052677029360967,0.8186063414190969,0.9825190497534738,-4510.0,-0.19473229706390327
1501,e冥妃転生 CMP,20280.0,2026-06-17,48018.0,7553.0,0.7795857988165681,0.797076096463826,0.9571031378260294,-4470.0,-0.22041420118343194
1502,遊moreLT PエガブレイブVVV AX4,21760.0,2026-06-17,28189.0,13219.0,0.7049632352941176,0.7095675618148923,0.6622286103336107,-6420.0,-0.29503676470588236
