machine_id,machine_name,active_status,latest_data_date,days_since_last_seen,weeks_since_last_seen,latest_out_per_unit,latest_sales_per_unit,latest_profit_per_unit,data_count
241,SLOTバジリスク～甲賀忍法帖～絆2,準現役,2025-09-10,287,41.0,1634.0,4987.0,1277.0,86
253,パチスロ ケロット4,準現役,2025-09-10,287,41.0,4825.0,10970.0,3132.0,81
293,サンダーVライトニング,準現役,2025-09-10,287,41.0,3591.0,7173.0,1275.0,2
307,パチスロ モンキーターンⅣ,準現役,2025-09-10,287,41.0,2216.0,7208.0,454.0,21
337,シャア専用パチスロ 逆襲の赤い彗星,準現役,2025-12-10,196,28.0,6288.0,21267.0,4225.0,54
395,アイムジャグラーEX(2020年),現役,2026-06-24,0,0.0,7937.0,15726.0,2229.0,232
397,パチスロひぐらしのなく頃に祭2,準現役,2025-09-10,287,41.0,6793.0,12004.0,-264.0,17
411,パチスロ頭文字D,準現役,2025-09-10,287,41.0,2883.0,8178.0,654.0,91
432,パチスロ BIOHAZARD 7 resident evil,準現役,2025-09-10,287,41.0,2885.0,9681.0,1409.0,91
442,PAわんわんパラダイスV GBA,準現役,2024-10-30,602,86.0,9480.0,14513.0,2773.0,183
453,パチスロ北斗の拳 宿命,準現役,2025-09-10,287,41.0,1879.0,6345.0,654.0,18
469,ニューパルサーSPⅢ,準現役,2025-09-10,287,41.0,3104.0,7445.0,1893.0,73
492,P大海物語4 スペシャル BLACK SCA,準現役,2024-09-25,637,91.0,11590.0,16737.0,2367.0,140
503,チバリヨ-30(2021年),準現役,2025-09-10,287,41.0,3225.0,10109.0,966.0,110
511,P NEW TOKIO ハカマタイプ,現役,2026-06-24,0,0.0,15490.0,9597.0,734.0,184
533,SLOT劇場版魔法少女まどか☆マギカ[前編]始まりの物語／[後編]永遠の物語,準現役,2025-09-10,287,41.0,1782.0,5733.0,1593.0,8
554,PA乗物娘 WITH CYBERJAPAN(R) DANCERS 77ver.,準現役,2025-05-07,413,59.0,10660.0,15096.0,3378.0,168
567,ファンキージャグラー2,現役,2026-06-24,0,0.0,9179.0,17754.0,2624.0,229
569,Pうまい棒 4500～10500,準現役,2025-04-09,441,63.0,7030.0,16151.0,5047.0,121
576,P 009 RE:CYBORG ACCELERATOR EDITION M4-K,現役,2026-06-10,14,2.0,7490.0,14945.0,3415.0,141
599,P野生の王国GO 99ver.,準現役,2025-12-03,203,29.0,8480.0,12715.0,2736.0,152
604,パチスロうまい棒(2021年),準現役,2025-09-10,287,41.0,1133.0,3213.0,547.0,14
605,マイジャグラーⅤ,現役,2026-06-24,0,0.0,13892.0,24246.0,2714.0,227
611,パチスロ 戦姫絶唱シンフォギア 勇気の歌,準現役,2025-09-10,287,41.0,2233.0,7337.0,800.0,75
612,沖ドキ!DUO,準現役,2025-09-10,287,41.0,2522.0,10630.0,1880.0,103
613,沖ドキ!DUO-30,準現役,2025-09-10,287,41.0,2119.0,9249.0,1973.0,91
615,P Re:ゼロから始める異世界生活 鬼がかりver.,準現役,2025-02-05,504,72.0,8770.0,19274.0,3564.0,139
621,バーサスリヴァイズ,準現役,2025-09-10,287,41.0,7200.0,11888.0,627.0,111
628,パチスロ ディスクアップ2,準現役,2025-09-10,287,41.0,8519.0,15505.0,-511.0,134
630,パチスロアラジンAクラシック,準現役,2025-09-10,287,41.0,2401.0,9168.0,1135.0,41
633,押忍!番長ZERO,準現役,2025-09-10,287,41.0,4388.0,13942.0,2425.0,104
642,ハナハナホウオウ～天翔～,準現役,2025-09-10,287,41.0,3570.0,6784.0,1865.0,71
643,ハナハナホウオウ～天翔～-30,準現役,2026-01-07,168,24.0,10265.0,15933.0,3411.0,183
650,SLOTマッピー,準現役,2025-09-10,287,41.0,8250.0,12842.0,-1788.0,35
665,ニューパルサーDXⅢ,準現役,2025-09-10,287,41.0,4355.0,9087.0,1828.0,38
670,沖ドキ!2-30,準現役,2025-09-10,287,41.0,3239.0,9111.0,2549.0,18
681,パチスロ この素晴らしい世界に祝福を!,現役,2026-06-24,0,0.0,7443.0,18008.0,2377.0,202
684,新ハナビ,準現役,2025-12-10,196,28.0,8762.0,13584.0,172.0,96
705,PAコマコマ倶楽部with坂本冬美 99ver.,準現役,2024-11-20,581,83.0,8470.0,12542.0,2822.0,125
723,スーパーハナハナ2-30,準現役,2026-04-08,77,11.0,6938.0,20497.0,4946.0,121
724,ニューゲッターマウス,準現役,2025-09-10,287,41.0,3732.0,6642.0,886.0,33
727,パチスロ 甲鉄城のカバネリ,準現役,2025-09-10,287,41.0,4991.0,15813.0,1239.0,98
740,黄門ちゃま喝2,準現役,2025-09-10,287,41.0,3000.0,9980.0,2279.0,62
744,パチスロ 新鬼武者2,準現役,2025-09-10,287,41.0,4075.0,12941.0,1211.0,77
747,PA新海物語 ARBB,準現役,2025-10-22,245,35.0,9360.0,10960.0,1673.0,65
764,パチスロペルソナ5,準現役,2025-09-10,287,41.0,3000.0,8357.0,1018.0,31
774,パチスロ バイオハザード RE:2,準現役,2025-09-10,287,41.0,3838.0,11336.0,1519.0,68
776,パチスロハードボイルド(2022年),準現役,2025-09-10,287,41.0,3215.0,8133.0,701.0,32
783,ハッピージャグラーVⅢ,現役,2026-06-24,0,0.0,8132.0,15587.0,2458.0,184
795,花火絶景,準現役,2025-09-10,287,41.0,1665.0,6018.0,822.0,16
798,Lパチスロ 革命機ヴァルヴレイヴ,準現役,2025-11-12,224,32.0,6678.0,26314.0,2286.0,132
799,L HEY!エリートサラリーマン鏡,準現役,2025-09-10,287,41.0,4359.0,13340.0,1755.0,31
816,沖ドキ!GOLD,現役,2026-06-24,0,0.0,6463.0,25221.0,3803.0,172
817,沖ドキ!GOLD-30,現役,2026-06-24,0,0.0,6590.0,25078.0,3052.0,174
820,Pスーパー海物語IN沖縄5 夜桜超旋風 99ver.,現役,2026-06-24,0,0.0,10830.0,16303.0,3220.0,171
828,パチスロ モンスターハンターワールド:アイスボーン,準現役,2025-09-10,287,41.0,2273.0,6838.0,1192.0,42
830,P大海物語5 MTE2,現役,2026-06-24,0,0.0,17570.0,28572.0,2203.0,168
831,P宇宙戦艦ヤマト2202 -ONLY ONE- LIGHT ver.,現役,2026-06-24,0,0.0,8790.0,16897.0,2735.0,137
841,パチスロ盾の勇者の成り上がり,準現役,2025-09-10,287,41.0,2178.0,6527.0,1088.0,14
849,パチスロ機動戦士ガンダムユニコーン,準現役,2025-09-10,287,41.0,1536.0,5420.0,287.0,22
850,戦国コレクション5,準現役,2025-09-10,287,41.0,1432.0,6153.0,1201.0,36
851,P 009 RE:CYBORG ACCELERATOR EDITION 99ver.,現役,2026-06-24,0,0.0,11150.0,17549.0,3931.0,162
854,キングハナハナ-30(2023年),現役,2026-06-24,0,0.0,10784.0,17227.0,1227.0,163
858,Lスマスロ北斗の拳,準現役,2025-09-10,287,41.0,7380.0,24216.0,1572.0,117
864,Lゴブリンスレイヤー,準現役,2026-02-11,133,19.0,6048.0,26996.0,6112.0,46
866,Pフィーバー炎炎ノ消防隊 G,準現役,2024-09-04,658,94.0,9230.0,20181.0,3244.0,68
868,アナザーゴッドハーデス-解き放たれし槍撃ver.-,準現役,2025-09-10,287,41.0,2059.0,9699.0,1318.0,18
870,L主役は銭形4,準現役,2025-09-10,287,41.0,4577.0,18505.0,1980.0,61
875,P北斗の拳 暴凶星 SFPA,準現役,2026-01-14,161,23.0,9910.0,20905.0,3503.0,133
878,パチスロ 炎炎ノ消防隊,準現役,2025-09-10,287,41.0,3027.0,10205.0,1307.0,65
880,Lスロット ソードアート・オンライン,現役,2026-06-17,7,1.0,8683.0,24420.0,1822.0,48
899,パチスロコードギアス 反逆のルルーシュ3 C.C.&Kallen ver.,準現役,2025-09-10,287,41.0,4717.0,9987.0,736.0,31
906,Lパチスロ からくりサーカス,準現役,2025-10-29,238,34.0,5721.0,23525.0,2958.0,115
907,PA大海物語5 Withアグネス・ラム ARBC,現役,2026-06-24,0,0.0,12610.0,15114.0,2156.0,148
914,ゴーゴージャグラー3,現役,2026-06-24,0,0.0,11045.0,20278.0,2524.0,149
916,パチスロナイツ,準現役,2025-09-10,287,41.0,3552.0,8855.0,1228.0,27
917,PフィーバークィーンⅡ30th ANNIVERSARY EDITION V,準現役,2026-04-22,63,9.0,9180.0,12504.0,2554.0,21
919,パチスロ 戦国†恋姫,準現役,2026-03-04,112,16.0,9248.0,17216.0,1261.0,90
923,Lぱちスロ 乃木坂46,準現役,2025-09-10,287,41.0,3760.0,13599.0,1086.0,41
925,Lスマスロキン肉マン～7人の悪魔超人編～,現役,2026-06-10,14,2.0,6970.0,31749.0,4127.0,53
936,P新世紀エヴァンゲリオン～未来への咆哮～,準現役,2026-05-13,42,6.0,11080.0,24086.0,3259.0,122
938,L戦国乙女4 戦乱に閃く炯眼の軍師,現役,2026-06-17,7,1.0,7373.0,23457.0,1899.0,98
943,パチスロ傷物語 -始マリノ刻-,準現役,2025-09-10,287,41.0,1702.0,6727.0,1010.0,12
944,ファミスタ回胴版!!,準現役,2025-09-10,287,41.0,5101.0,12176.0,1557.0,41
945,回胴式遊技機 グランベルム,準現役,2025-09-10,287,41.0,3329.0,9904.0,1724.0,31
946,L戦国コレクション5超極楽LOOP,準現役,2025-09-10,287,41.0,3922.0,16052.0,990.0,53
947,L麻雀格闘倶楽部 覚醒,準現役,2025-09-10,287,41.0,6028.0,17430.0,2182.0,67
953,Lスマスロ転生したらスライムだった件,準現役,2025-09-10,287,41.0,3368.0,11177.0,1098.0,15
966,L ひぐらしのなく頃に 業,準現役,2025-09-10,287,41.0,5984.0,12354.0,744.0,9
967,Lスマスロとある魔術の禁書目録,準現役,2025-09-10,287,41.0,3974.0,13143.0,1023.0,28
974,P真・北斗無双 第4章 下剋上闘 GRPJ,準現役,2024-07-24,700,100.0,8540.0,19407.0,3205.0,34
976,パチスロ交響詩篇エウレカセブン HI-EVOLUTION ZERO TYPE-ART,準現役,2025-12-03,203,29.0,6683.0,13012.0,1929.0,64
979,e Re:ゼロから始める異世界生活 season2 M13,準現役,2026-01-07,168,24.0,12320.0,28387.0,4738.0,99
982,LスマスロモンキーターンⅤ,現役,2026-06-24,0,0.0,7775.0,25311.0,1157.0,120
983,Lマジカルハロウィン8,準現役,2025-09-10,287,41.0,4931.0,12807.0,2218.0,37
984,Lラブ嬢3～Wご指名はいかがですか?～,現役,2026-06-17,7,1.0,5760.0,21317.0,4354.0,74
985,L花の慶次～佐渡攻めの章～,準現役,2024-07-24,700,100.0,5003.0,19622.0,3874.0,29
988,P大海物語5 ブラック HCL,現役,2026-06-24,0,0.0,9370.0,16489.0,2645.0,116
989,クランキークレスト,準現役,2025-09-10,287,41.0,6365.0,12662.0,1283.0,77
991,L スマスロバジリスク～甲賀忍法帖～絆2 天膳 BLACK EDITION,現役,2026-06-17,7,1.0,6369.0,23838.0,2805.0,38
992,Pぱちんこ シン・エヴァンゲリオン Type レイ,準現役,2025-05-07,413,59.0,11230.0,24452.0,3643.0,67
996,ドラゴンハナハナ～閃光～-30,現役,2026-06-24,0,0.0,9628.0,14959.0,1135.0,126
997,パチスロ ファイヤードリフト,準現役,2025-09-10,287,41.0,1988.0,6551.0,1524.0,11
998,L 仮面ライダー 7RIDERS,準現役,2024-07-10,714,102.0,5853.0,22089.0,3257.0,25
999,Lスマスロ バイオハザード:ヴィレッジ,準現役,2025-09-10,287,41.0,2647.0,8825.0,346.0,10
1000,Lパチスロ マクロスフロンティア4,準現役,2025-09-10,287,41.0,2954.0,10435.0,1213.0,18
1004,Pとある魔術の禁書目録2 JMZ,準現役,2024-08-21,672,96.0,11420.0,24116.0,4036.0,29
1008,Pポチッと一発!おだてブタ2 V1,現役,2026-06-24,0,0.0,17180.0,10269.0,1042.0,122
1011,P弾球黙示録カイジ沼5 V1U,準現役,2024-10-09,623,89.0,7470.0,16977.0,3569.0,34
1012,P真・花の慶次3 99ver.,準現役,2024-07-31,693,99.0,8510.0,13971.0,2886.0,21
1013,L GⅠ優駿倶楽部黄金,準現役,2025-09-10,287,41.0,4667.0,16207.0,2398.0,32
1015,Lゴジラ対エヴァンゲリオン,準現役,2025-09-10,287,41.0,4037.0,16090.0,3002.0,50
1016,Lストライクウィッチーズ2,準現役,2024-08-06,687,98.1,5063.0,20891.0,3595.0,26
1017,Lスマスロ コードギアス 反逆のルルーシュ/復活のルルーシュ,準現役,2025-09-10,287,41.0,3854.0,13419.0,2010.0,10
1019,Lパチスロガールズ＆パンツァー 最終章,準現役,2025-12-03,203,29.0,7191.0,23498.0,1901.0,21
1023,P新世紀エヴァンゲリオン ～未来への咆哮～ PREMIUM MODEL,準現役,2024-09-11,651,93.0,10800.0,19580.0,3779.0,30
1025,P真・一騎当千～桃園の誓い～129ver.,準現役,2024-12-18,553,79.0,8640.0,17362.0,3435.0,38
1027,ワードオブライツⅡ,準現役,2025-09-10,287,41.0,2803.0,6544.0,235.0,10
1029,Pニュートキオ GREEN V1,準現役,2024-11-27,574,82.0,9910.0,7023.0,1729.0,20
1030,Pルパン三世 THE FIRST 99ver.,準現役,2025-05-28,392,56.0,8890.0,14292.0,3083.0,54
1031,Lスマスロキングパルサー,準現役,2025-09-10,287,41.0,3113.0,10601.0,1448.0,18
1032,Lチバリヨ2,現役,2026-06-24,0,0.0,6971.0,30960.0,5138.0,115
1033,L南国育ち(2024年),準現役,2025-09-10,287,41.0,4145.0,17574.0,1867.0,23
1035,PLT OVERLORD魔導王光臨 ME,準現役,2024-07-10,714,102.0,8560.0,19277.0,3574.0,14
1039,P世紀末・天才バカボン～福神SPEC～ LTH-JH,準現役,2024-09-04,658,94.0,8880.0,18084.0,3248.0,24
1040,P北斗の拳 強敵 LT SSPA,準現役,2025-04-02,448,64.0,8620.0,15823.0,3073.0,48
1042,P緋弾のアリア ～緋緋神降臨～ ラッキートリガーVer.,準現役,2024-09-04,658,94.0,11420.0,24142.0,3841.0,25
1045,パチスロ ガメラ2,準現役,2025-09-10,287,41.0,6002.0,15620.0,403.0,31
1047,Lスマート沖スロ ドラゴンハナハナ～閃光～,準現役,2025-09-10,287,41.0,6191.0,10933.0,1706.0,51
1048,L忍魂参 ～奥義皆伝ノ章～,準現役,2025-09-10,287,41.0,3448.0,13074.0,2093.0,19
1049,P sin 七つの大罪 強甘 2400Ver.,準現役,2024-08-28,665,95.0,8340.0,14300.0,3428.0,20
1050,P咲-Saki-全国編 テンパイ即リーver.,準現役,2024-08-06,687,98.1,8360.0,16227.0,3183.0,14
1052,Lうる星やつら(2024年),準現役,2025-09-10,287,41.0,2585.0,10023.0,1998.0,23
1053,Lスマスロ ゴールデンカムイ,準現役,2026-04-29,56,8.0,5485.0,18480.0,4582.0,18
1054,Lスマスロ ストライク・ザ・ブラッド,準現役,2025-09-10,287,41.0,3703.0,9342.0,505.0,10
1056,Pひぐらしのなく頃に 輪廻転生 FM-JT,準現役,2024-07-10,714,102.0,8840.0,19745.0,3475.0,11
1057,Pバイオハザード RE:2 LTver.,準現役,2024-10-09,623,89.0,8470.0,19245.0,2860.0,25
1060,P大工の源さん超韋駄天2 極源LighT,準現役,2024-10-09,623,89.0,8620.0,16992.0,3062.0,25
1061,ジャグラーガールズSS,現役,2026-06-24,0,0.0,8769.0,16260.0,2339.0,110
1062,L押忍!番長4,準現役,2025-09-10,287,41.0,3903.0,13633.0,1488.0,28
1063,P FAIRY TAIL これが七炎竜の力だ FSA,準現役,2024-09-04,658,94.0,10400.0,22940.0,3665.0,18
1064,PAハイスクール・フリート オールスター すい～とでハッピー!2400,準現役,2024-09-04,658,94.0,10290.0,17126.0,2973.0,18
1066,P牙狼11～冴島大河～XX MU,準現役,2025-01-08,532,76.0,11260.0,23789.0,4890.0,22
1068,e新・必殺仕置人 超斬撃199,準現役,2024-08-21,672,96.0,10790.0,24023.0,4558.0,16
1069,パチスロ ダンジョンに出会いを求めるのは間違っているだろうか2,準現役,2025-09-10,287,41.0,3679.0,7310.0,880.0,12
1070,Pこの素晴らしい世界に祝福を! 199LT「このラッキートリガーに祝福を!」,準現役,2024-07-31,693,99.0,8050.0,16267.0,3619.0,13
1071,L ウルトラマンティガ,準現役,2024-07-10,714,102.0,6411.0,25541.0,3901.0,9
1073,Lパチスロ 炎炎ノ消防隊(2024年),準現役,2025-09-10,287,41.0,5514.0,18268.0,2441.0,36
1075,Pゴブリンスレイヤー ラッキートリガーVer,準現役,2024-09-11,651,93.0,8490.0,17941.0,3362.0,17
1076,Pフィーバー炎炎ノ消防隊 Light ver.,準現役,2025-01-08,532,76.0,10440.0,21236.0,4730.0,24
1078,P七つの大罪2 神千斬りVER.,準現役,2024-07-03,721,103.0,8830.0,17798.0,3074.0,7
1080,ニューパルサーSP4 with 太鼓の達人,準現役,2025-09-10,287,41.0,4637.0,11084.0,1958.0,17
1081,L ToLOVEるダークネス,準現役,2025-09-10,287,41.0,5498.0,26670.0,1930.0,59
1083,Lスマスロ痛いのは嫌なので防御力に極振りしたいと思います。,準現役,2025-09-10,287,41.0,5696.0,17460.0,2201.0,42
1084,L聖闘士星矢 海皇覚醒 CUSTOM EDITION,現役,2026-06-03,21,3.0,6049.0,28544.0,3947.0,26
1085,P ToLOVEるダークネス H1YZ5,準現役,2024-12-04,567,81.0,8840.0,19807.0,3246.0,24
1086,Pうる星やつら～Eternal Love Song～ L2-K,準現役,2024-08-28,665,95.0,8360.0,18255.0,3595.0,11
1087,Pギルティクラウン2 プレミアムライブチケット,準現役,2024-07-10,714,102.0,10830.0,22757.0,4545.0,5
1088,Pクイーンズブレイド4 UNLIMITED V1D,準現役,2024-07-31,693,99.0,8690.0,19213.0,4050.0,8
1089,Pフィーバー三国戦騎 7500,準現役,2024-08-06,687,98.1,7280.0,17490.0,3631.0,8
1090,P頭文字D 2nd GFPG,準現役,2024-06-26,728,104.0,8220.0,18958.0,3390.0,3
1091,P魔法少女まどか☆マギカ3 LM3,準現役,2024-09-11,651,93.0,25670.0,55778.0,8824.0,13
1092,P魔王学院の不適合者 FMY,準現役,2024-08-06,687,98.1,8760.0,19614.0,3682.0,9
1093,アオハル♪操 A-LIVE,準現役,2025-09-10,287,41.0,2900.0,9390.0,1498.0,17
1094,Pラブ嬢 ～極嬢のハーレム体験～ H1YZ6,準現役,2024-11-06,595,85.0,7370.0,17587.0,3931.0,11
1095,沖ドキ!BLACK,現役,2026-06-24,0,0.0,8880.0,34276.0,4698.0,98
1096,L アカメが斬る!2,準現役,2024-08-06,687,98.1,5358.0,20378.0,3642.0,4
1097,Lスマスロ真・北斗無双(2024年),準現役,2025-09-10,287,41.0,3673.0,14701.0,958.0,11
1098,Lパチスロ 戦姫絶唱シンフォギア 正義の歌,準現役,2025-09-10,287,41.0,3397.0,12787.0,2186.0,15
1099,Pアズールレーン THE ANIMATION 異次元トリガー M4,準現役,2024-09-11,651,93.0,18130.0,39355.0,6585.0,8
1100,Pフィーバーありふれた職業で世界最強 Light ver.,準現役,2024-08-06,687,98.1,11010.0,20445.0,3506.0,4
1101,P花の慶次～傾奇一転 L-MX,準現役,2024-09-11,651,93.0,8640.0,19376.0,3865.0,8
1102,P貞子 FMD,準現役,2025-05-14,406,58.0,8940.0,19034.0,4680.0,42
1103,e花の慶次～傾奇一転 L2-MX,準現役,2024-09-25,637,91.0,9010.0,20770.0,3698.0,10
1104,ご～やちゃんぷる～-25,準現役,2024-07-31,693,99.0,5468.0,22118.0,2770.0,3
1105,ご～やちゃんぷる～-30,準現役,2024-07-31,693,99.0,4841.0,18851.0,3547.0,3
1106,バハマ30(2024年),準現役,2024-08-06,687,98.1,5281.0,13195.0,2986.0,4
1107,Lスマスロ ゴッドイーター リザレクション,準現役,2026-01-07,168,24.0,9813.0,34547.0,3606.0,69
1108,Lスロット ゾンビランドサガ,準現役,2026-05-06,49,7.0,7424.0,20720.0,5311.0,28
1109,L賞金首Angel,準現役,2024-08-06,687,98.1,9026.0,35153.0,5398.0,2
1110,PAこの素晴らしい世界に祝福を! 「このゆる甘99に祝福を!」,準現役,2024-09-04,658,94.0,10370.0,15189.0,3319.0,5
1111,ミスタージャグラー,現役,2026-06-24,0,0.0,8955.0,17397.0,2200.0,95
1112,L D4DJ Pachi-Slot Mix,準現役,2024-09-18,644,92.0,5022.0,14758.0,3015.0,5
1113,Lスマスロ ゲゲゲの鬼太郎 覚醒,準現役,2025-09-10,287,41.0,2613.0,12674.0,613.0,14
1114,Lスマスロ トロピカーナ(2024年),準現役,2024-08-21,672,96.0,7171.0,26327.0,4387.0,1
1115,Lワンパンマン,準現役,2024-10-02,630,90.0,6231.0,21971.0,3094.0,7
1116,PAスーパー海物語 IN 地中海2 HLA,準現役,2024-10-23,609,87.0,11190.0,13581.0,1885.0,9
1117,Pフィーバー機動戦士ガンダムユニコーン 再来 -白き一角獣と黒き獅子- S,準現役,2024-10-09,623,89.0,9590.0,22846.0,3269.0,8
1118,P百花繚乱 ご奉仕129ver.,準現役,2024-09-11,651,93.0,12360.0,24474.0,2896.0,4
1119,eフィーバー機動戦士ガンダムユニコーン 再来 -白き一角獣と黒き獅子- R,準現役,2025-03-19,462,66.0,8620.0,19905.0,3122.0,29
1120,e北斗の拳10 GHEG,準現役,2025-01-22,518,74.0,9600.0,21124.0,3427.0,22
1121,Pドラムだ!金ドン 花火外伝 MP,準現役,2024-12-04,567,81.0,7880.0,16688.0,3322.0,15
1122,Pバンドリ! H1YZ4,準現役,2024-11-20,581,83.0,7900.0,17593.0,3267.0,12
1123,Pリング 呪いの7日間3 ラッキートリガーVer.,準現役,2025-01-08,532,76.0,11100.0,23702.0,4849.0,17
1124,P七つの美徳 ゴールデンエンジェルタイム スイート99Ver.,準現役,2024-09-18,644,92.0,9990.0,15432.0,3160.0,4
1125,デジハネP交響詩篇エウレカセブン ANEMONE 99ver.,準現役,2024-10-02,630,90.0,8970.0,14087.0,2987.0,6
1126,L A-SLOT+ この素晴らしい世界に祝福を!,準現役,2025-09-10,287,41.0,4060.0,9709.0,1165.0,14
1127,Lパチスロ かぐや様は告らせたい,準現役,2026-05-06,49,7.0,7223.0,27537.0,4499.0,82
1128,Lパチスロ閃乱カグラ2 SHINOVI MASTER,準現役,2025-09-10,287,41.0,4173.0,12441.0,1080.0,23
1129,PAコマコマ倶楽部with坂本冬美 99確変ループver.,準現役,2024-12-18,553,79.0,8620.0,13057.0,2840.0,13
1130,PAフィーバーかぐや様は告らせたい Light ver.,準現役,2024-10-30,602,86.0,8970.0,16206.0,2744.0,8
1131,Pとある科学の超電磁砲2 JMB,準現役,2025-01-08,532,76.0,10890.0,23846.0,4769.0,11
1132,Pルパン三世 銭形からの招待状 77Sweet Ver.,準現役,2025-01-08,532,76.0,11000.0,19524.0,4548.0,17
1133,e 仮面ライダー電王 KL12,準現役,2025-01-22,518,74.0,8380.0,18854.0,3767.0,19
1134,eキョンシー ライトミドル 新CタイムVer.,準現役,2024-09-25,637,91.0,9990.0,21478.0,3603.0,3
1135,eゴッドイーター TRIPLE BURST MJ,準現役,2025-01-08,532,76.0,11940.0,27681.0,5574.0,17
1136,パチスロL黄門ちゃま天,準現役,2024-10-09,623,89.0,6401.0,25913.0,3305.0,5
1137,P アズールレーン THE ANIMATION 異次元トリガー M4,準現役,2025-05-07,413,59.0,10030.0,22361.0,4372.0,22
1138,P 新世紀エヴァンゲリオン ～未来への咆哮～ PREMIUM MODEL,準現役,2025-10-01,266,38.0,7380.0,13912.0,2907.0,35
1139,P 百花繚乱 ご奉仕129ver.,準現役,2024-12-04,567,81.0,8630.0,17971.0,3244.0,9
1140,P 魔法少女まどか☆マギカ3 LM3,準現役,2025-08-13,315,45.0,10250.0,22681.0,4567.0,46
1141,P DD北斗の拳3 V1C,準現役,2024-10-09,623,89.0,10650.0,22805.0,4964.0,3
1142,PAワンパンマン 99ver.,準現役,2024-10-09,623,89.0,10830.0,20334.0,3992.0,3
1143,Pいくさの子 織田三郎信長伝 GFPF,準現役,2024-10-16,616,88.0,9290.0,21042.0,2534.0,4
1144,Pメイドインアビス 虹の黄金域 MR,準現役,2024-10-16,616,88.0,8570.0,20570.0,3223.0,4
1145,P攻殻機動隊SAC_2045 199LTver.,準現役,2024-11-20,581,83.0,8140.0,17342.0,3226.0,9
1146,パチスロハイパーラッシュ(2024年),準現役,2025-09-10,287,41.0,5820.0,12886.0,1165.0,34
1147,P大海物語4スペシャル BLACK SCA,現役,2026-06-24,0,0.0,10890.0,16249.0,2476.0,78
1148,L 真・一騎当千,準現役,2025-09-10,287,41.0,5824.0,21813.0,2197.0,29
1149,Lスマスロ 鬼武者3(2024年),準現役,2025-09-10,287,41.0,2497.0,9162.0,905.0,7
1150,Lスマスロ頭文字D 2nd,準現役,2025-09-10,287,41.0,4441.0,15630.0,2286.0,15
1151,L今日から俺は!! パチスロ編,準現役,2025-09-10,287,41.0,3944.0,12275.0,205.0,15
1152,P CYBORG009 RULE OF SACRIFICE VS SCARL BODY EDITION 199,準現役,2024-12-04,567,81.0,7580.0,16870.0,4111.0,8
1153,P 宇宙戦艦ヤマト2202 超波動 G,準現役,2024-11-06,595,85.0,10200.0,23403.0,4428.0,4
1154,PAわんわんパラダイスCELEBRATION AGBD,現役,2026-06-24,0,0.0,10900.0,16876.0,2384.0,75
1155,Pフィーバー革命機ヴァルヴレイヴ3 Light ver.,準現役,2024-11-06,595,85.0,10170.0,17637.0,3180.0,4
1156,Pルパン三世 ONE COLLECTION H1YZ4,準現役,2025-02-19,490,70.0,8680.0,19883.0,3908.0,16
1157,P中森明菜・歌姫伝説～BLACK DIVA 愛～ KD-NS,準現役,2025-11-05,231,33.0,7880.0,12244.0,2390.0,27
1158,e 乃木坂46 Ⅱ K4,準現役,2024-12-04,567,81.0,7430.0,16328.0,3499.0,8
1159,P大海物語4スペシャル E,準現役,2024-10-23,609,87.0,10430.0,16685.0,2195.0,1
1160,Lスロット Re:ゼロから始める異世界生活 season2,準現役,2025-09-10,287,41.0,1995.0,9902.0,2202.0,11
1161,P弾球黙示録カイジ沼5 ざわっ・・・79Ver.,現役,2026-06-24,0,0.0,10890.0,15463.0,3406.0,82
1162,P江頭2:50inナナシーLT V3,準現役,2025-01-08,532,76.0,11390.0,21115.0,4965.0,10
1163,L 新・必殺仕置人 回胴 CRASH SPEC,準現役,2024-12-18,553,79.0,6239.0,21852.0,3267.0,6
1164,Lバンドリ!,準現役,2026-03-25,91,13.0,6898.0,25669.0,3190.0,9
1165,Pモンスターハンターライズ GRPG,準現役,2025-01-22,518,74.0,8410.0,20260.0,3496.0,10
1166,Pラブ嬢 ～極嬢のハーレム体験～ 129ver.,準現役,2025-02-05,504,72.0,8880.0,16153.0,3371.0,12
1167,Pリング 呪いの7日間3 甘デジver.,準現役,2024-12-11,560,80.0,9160.0,16430.0,3163.0,5
1168,P大海物語5スペシャル ALTA,現役,2026-06-24,0,0.0,20970.0,32782.0,2971.0,80
1169,P義風堂々!!～兼続と慶次～3 199ver.,準現役,2025-01-08,532,76.0,11050.0,22375.0,5617.0,8
1170,P転生したらスライムだった件 NB,準現役,2025-01-08,532,76.0,12480.0,24553.0,4099.0,8
1171,e スマパチ SSSS.GRIDMAN XVSM,準現役,2024-12-11,560,80.0,7900.0,19071.0,3534.0,5
1172,eフィーバーからくりサーカス2 魔王ver.,準現役,2026-01-07,168,24.0,11430.0,25821.0,5062.0,45
1173,e大海物語5スペシャル ELTA4,現役,2026-06-24,0,0.0,14280.0,24685.0,1154.0,72
1174,Lスマスロ モンスターハンターライズ,準現役,2026-01-07,168,24.0,9766.0,31344.0,4275.0,52
1175,Lスマート沖スロ 超華祭,準現役,2024-12-11,560,80.0,7689.0,18087.0,2488.0,3
1176,Lダブルアタック2 withOZS-1000＆RAPHAEL,準現役,2024-12-04,567,81.0,7987.0,28288.0,5690.0,2
1177,P にゃんこ大戦争 多様性のネコ M4,準現役,2025-07-30,329,47.0,8620.0,18895.0,3822.0,33
1178,PA銀河英雄伝説 Die Neue These 遊パチスペック,準現役,2024-12-25,546,78.0,7950.0,13532.0,3767.0,5
1179,L 犬夜叉2,準現役,2025-09-10,287,41.0,1857.0,9122.0,1646.0,7
1180,Lスマスロ 聖戦士ダンバイン,準現役,2025-09-10,287,41.0,3369.0,13849.0,1176.0,13
1181,Lルパン三世 大航海者の秘宝,準現役,2025-09-10,287,41.0,5071.0,20423.0,2936.0,18
1182,L桃太郎電鉄 ～パチスロも定番!～,準現役,2025-09-10,287,41.0,3726.0,12542.0,1628.0,11
1183,P ToLOVEるダークネス 199ver.,準現役,2025-02-05,504,72.0,8700.0,19133.0,3151.0,8
1184,P ゴジラ対エヴァンゲリオン セカンドインパクト G R,準現役,2025-02-05,504,72.0,8510.0,20042.0,3928.0,8
1185,Pえとたま2 神祭 MY,準現役,2025-01-08,532,76.0,11020.0,23677.0,4825.0,4
1186,Pフィーバー機動戦士ガンダムSEED LT-Light ver.,準現役,2025-01-15,525,75.0,8790.0,18548.0,3735.0,5
1187,P盾の勇者の成り上がり GFPC,準現役,2025-02-05,504,72.0,10200.0,22886.0,4469.0,8
1188,P真・一騎当千～桃園の誓い～ 199LTver.,準現役,2025-02-19,490,70.0,8560.0,18485.0,4272.0,9
1189,e大工の源さん超韋駄天2 フルスイングLT,準現役,2025-01-08,532,76.0,12070.0,26842.0,6369.0,4
1190,ウルトラミラクルジャグラー,現役,2026-06-24,0,0.0,8880.0,16817.0,2408.0,77
1191,沖ドキ!ゴージャス,現役,2026-06-24,0,0.0,9381.0,33961.0,4494.0,77
1192,沖ドキ!ゴージャス-30,現役,2026-06-24,0,0.0,11090.0,41477.0,5625.0,77
1193,Lスマスロ 一方通行 とある魔術の禁書目録,準現役,2025-09-10,287,41.0,2569.0,9596.0,1035.0,6
1194,Lスーパービンゴネオ(2024年),準現役,2026-04-29,56,8.0,5279.0,25617.0,5009.0,35
1195,Lパチスロ ダンベル何キロ持てる?,準現役,2025-09-10,287,41.0,3494.0,17454.0,890.0,10
1196,P STEINS；GATE 0 L2-K,準現役,2025-03-05,476,68.0,9620.0,21192.0,4250.0,10
1197,e ゴジラ対エヴァンゲリオン セカンドインパクト G～破壊神覚醒～ bA,準現役,2025-02-05,504,72.0,8860.0,19647.0,3215.0,6
1198,e ソードアート・オンライン 閃光の軌跡 K7,現役,2026-06-24,0,0.0,7850.0,18388.0,3658.0,39
1199,L サラリーマン金太郎(2025年),準現役,2025-09-10,287,41.0,3024.0,13042.0,2320.0,12
1200,Lチバリヨ2プラス,現役,2026-05-27,28,4.0,5234.0,23059.0,3911.0,29
1201,PA世紀末・天才バカボン～神SPEC凱旋～ 99ver.,準現役,2025-02-12,497,71.0,9310.0,18142.0,2752.0,5
1202,PLTジューシーハニー極嬢 MA,準現役,2025-03-12,469,67.0,8380.0,18328.0,3904.0,9
1203,Pネオモンスターハウス 99Ver.,準現役,2025-08-13,315,45.0,11300.0,16966.0,4249.0,30
1204,P世界最高の暗殺者、異世界貴族に転生する JMB,準現役,2025-03-19,462,66.0,7410.0,17249.0,4184.0,9
1205,P戦国乙女7 終焉の関ケ原 L9YY7,準現役,2025-07-09,350,50.0,8290.0,18680.0,3106.0,22
1206,P清流物語4 ヌシを求めて4000匹 HLC,準現役,2025-04-09,441,63.0,8640.0,15500.0,2810.0,12
1207,e ULTRAMAN 2400★80,準現役,2025-02-05,504,72.0,8630.0,20302.0,4061.0,4
1208,eぱちんこ押忍!番長 漢の頂 L09,準現役,2026-02-04,140,20.0,7990.0,18067.0,3735.0,50
1209,eフィーバー戦姫絶唱シンフォギア4 キャロルver.,準現役,2025-03-05,476,68.0,10740.0,24207.0,3703.0,8
1210,スターハナハナ-30,現役,2026-06-24,0,0.0,7935.0,11920.0,904.0,55
1211,L A-SLOT+ ディスクアップ ULTRAREMIX,現役,2026-06-24,0,0.0,9947.0,21691.0,-612.0,47
1212,L にゃんこ大戦争 超神速,準現役,2025-09-10,287,41.0,2611.0,11902.0,2133.0,8
1213,Lスマート沖スロ スターハナハナ,準現役,2025-09-10,287,41.0,6419.0,10539.0,2320.0,22
1214,Lパチスロ シン・エヴァンゲリオン,準現役,2025-09-10,287,41.0,2259.0,8480.0,1136.0,7
1215,L七つの魔剣が支配する,準現役,2026-04-01,84,12.0,6089.0,19437.0,3362.0,42
1216,L島娘(2025年),準現役,2025-09-10,287,41.0,4145.0,22694.0,-357.0,11
1217,PA花の慶次 裂 99ver.,準現役,2025-04-09,441,63.0,8700.0,15212.0,2754.0,10
1218,Pゲゲゲの鬼太郎 獅子奮迅 99ver.,準現役,2025-05-07,413,59.0,10620.0,17841.0,3394.0,15
1219,Pハネモノ ファミリースタジアム MD,現役,2026-06-24,0,0.0,11430.0,8045.0,1405.0,57
1220,Pブラックラグーン4 EXTRA BULLET 129ver.,準現役,2025-04-23,427,61.0,8480.0,18406.0,3100.0,13
1221,P花の慶次 裂 蓮極129ver.,準現役,2025-04-09,441,63.0,8140.0,17139.0,3242.0,11
1222,L 東京喰種,現役,2026-06-24,0,0.0,10590.0,40954.0,3206.0,69
1223,Lスマスロ シャーマンキング,現役,2026-06-17,7,1.0,6065.0,23826.0,3270.0,54
1224,Lスマスロスーパーブラックジャック(2025年),準現役,2026-04-01,84,12.0,5867.0,20313.0,3387.0,50
1225,Lパチスロ ありふれた職業で世界最強,準現役,2025-09-10,287,41.0,3886.0,13943.0,1542.0,13
1226,P 冬のソナタ My Memory M7,準現役,2025-03-26,455,65.0,9650.0,17934.0,3223.0,7
1227,PLT OVERLORD魔導王光臨 129ver.,準現役,2025-03-12,469,67.0,10110.0,22700.0,3115.0,5
1228,Pとある魔術の禁書目録2 Light PREMIUM 2000 ver.,準現役,2025-11-05,231,33.0,7550.0,15016.0,2722.0,35
1229,Pぱちんこ シン・エヴァンゲリオン 129 LT ver.,準現役,2025-10-01,266,38.0,7800.0,16255.0,3026.0,32
1230,Pフィーバー戦姫絶唱シンフォギア4 199ver.,準現役,2025-04-09,441,63.0,7920.0,17579.0,3432.0,9
1231,P愛の不時着 MF,準現役,2025-02-26,483,69.0,10000.0,22599.0,4068.0,3
1232,eルパン三世 ONE COLLECTION 超ブチヌキLT ver.,準現役,2025-05-07,413,59.0,9560.0,21931.0,4479.0,12
1233,e蒼天の拳 羅龍 SREN,準現役,2025-04-23,427,61.0,8440.0,19704.0,3526.0,11
1234,e閃乱カグラ LTM-JF,準現役,2025-05-07,413,59.0,9620.0,22528.0,4441.0,11
1235,Pクイーンズブレイド4 ナナエルver.,準現役,2025-09-10,287,41.0,7820.0,14133.0,3546.0,23
1236,Pデビルマン THE FINAL N4-S,準現役,2025-04-09,441,63.0,9500.0,19892.0,3463.0,6
1237,P緋弾のアリア ～緋緋神降臨～ 199Ver.,準現役,2025-04-16,434,62.0,7780.0,17010.0,3438.0,8
1238,L Sister Quest(2025年),準現役,2025-09-10,287,41.0,4258.0,16312.0,1503.0,11
1239,L スマスロ バイオハザード5(2025年),準現役,2025-09-17,280,40.0,5841.0,18875.0,2850.0,27
1240,Lてぃだどんどん,準現役,2025-03-19,462,66.0,5569.0,22825.0,4045.0,2
1241,L回胴黙示録カイジ 狂宴,準現役,2025-09-10,287,41.0,4271.0,15085.0,1652.0,14
1242,L少女☆歌劇 レヴュースタァライト -The SLOT-,現役,2026-06-03,21,3.0,7135.0,16841.0,2632.0,56
1243,P FAIRY TAIL 89Ver.,準現役,2025-11-05,231,33.0,7100.0,14877.0,3222.0,27
1244,P リングにかけろ1 L5-S,準現役,2025-03-26,455,65.0,9570.0,19387.0,3592.0,3
1245,P 俺の妹がこんなに可愛いわけがない。 M3,準現役,2025-04-02,448,64.0,8980.0,18791.0,3445.0,4
1246,PA大海物語5 ブラック LT99ver.,現役,2026-06-24,0,0.0,14160.0,21900.0,3498.0,64
1247,Pバンドリ! Light ver.,準現役,2025-04-09,441,63.0,10020.0,15955.0,2414.0,5
1248,eフィーバーダンジョンに出会いを求めるのは間違っているだろうか2 G,準現役,2025-04-09,441,63.0,10700.0,23752.0,3706.0,5
1249,L 仮面ライダー電王,準現役,2025-09-10,287,41.0,1587.0,6453.0,612.0,5
1250,P モモキュンソード 速撃3000+,準現役,2025-05-07,413,59.0,11170.0,26415.0,4450.0,7
1251,PAひぐらしのなく頃に 輪廻転生 99Ver.,準現役,2025-06-11,378,54.0,8250.0,14138.0,2712.0,12
1252,PA魔王学院の不適合者 魔王再臨 99Ver,準現役,2025-08-06,322,46.0,7330.0,13386.0,3569.0,14
1253,Pうまい棒2 V3,準現役,2025-12-31,175,25.0,8360.0,19401.0,3970.0,36
1254,Pうる星やつら～Eternal Love Song～ 129ver.,準現役,2025-05-07,413,59.0,10670.0,19018.0,4288.0,7
1255,e真・北斗無双 第5章 ドデカSTART,準現役,2025-10-01,266,38.0,6720.0,14655.0,3494.0,23
1256,Lうしおととら白面決戦VH,準現役,2025-09-10,287,41.0,1576.0,6789.0,41.0,4
1257,Lゴジラ(2025年),準現役,2025-09-10,287,41.0,5426.0,28052.0,-51.0,7
1258,Lスマスロ マギアレコード 魔法少女まどか☆マギカ外伝,現役,2026-06-17,7,1.0,7172.0,21977.0,2099.0,59
1259,Lスマート沖スロ アメイジングライブ,準現役,2025-04-23,427,61.0,8067.0,27805.0,5193.0,2
1260,Pアナザーゴッドハーデス-獄炎- SB,準現役,2025-05-21,399,57.0,7470.0,16114.0,3459.0,6
1261,Pフィーバーうたわれるもの 199ver.,準現役,2025-06-04,385,55.0,8120.0,18783.0,3339.0,8
1262,P少女☆歌劇 レヴュースタァライト ラッキートリガー4500,準現役,2025-08-06,322,46.0,8680.0,19691.0,4415.0,16
1263,e シン・ウルトラマン K3,準現役,2025-05-21,399,57.0,7470.0,18518.0,3431.0,6
1264,eフィーバーうたわれるもの Z,準現役,2025-05-07,413,59.0,10440.0,23335.0,4234.0,4
1265,e牙狼 神速神撃3000LT,準現役,2025-07-09,350,50.0,8320.0,20424.0,3666.0,12
1266,Lスマスロ アイドルマスター ミリオンライブ! ネクストプロローグ,準現役,2025-09-10,287,41.0,2262.0,8462.0,1739.0,5
1267,L吉宗(2025年),準現役,2026-02-04,140,20.0,6493.0,26850.0,3358.0,38
1268,L麻雀物語(2025年),準現役,2025-09-10,287,41.0,4476.0,16508.0,2299.0,12
1269,Pゾンビランドサガ SCPC,準現役,2025-07-02,357,51.0,7600.0,16645.0,3502.0,8
1270,P痛いのは嫌なので防御力に極振りしたいと思います。 FHZ,準現役,2025-07-09,350,50.0,8640.0,19908.0,3717.0,9
1271,e 東京喰種 W,現役,2026-06-24,0,0.0,20450.0,45839.0,4408.0,57
1272,Lスマスロ ようこそ実力至上主義の教室へ,準現役,2025-09-10,287,41.0,3122.0,11055.0,1359.0,6
1273,Lスマスロ 緑ドン VIVA!情熱南米編 REVIVAL,準現役,2025-09-10,287,41.0,3947.0,14480.0,1682.0,8
1274,Lパチスロ 機動戦士ガンダムSEED,準現役,2025-09-10,287,41.0,2705.0,12507.0,1458.0,6
1275,P ToLOVEるダークネス 100ver.,準現役,2025-06-11,378,54.0,9440.0,16593.0,2733.0,5
1276,P 宇宙戦艦ヤマト2202 超波動 森雪 199LT ver.,準現役,2025-06-04,385,55.0,9980.0,20490.0,4472.0,4
1277,P 織田信奈の野望 下剋上 V1D,準現役,2025-07-09,350,50.0,8140.0,17833.0,3569.0,7
1278,PLT世界でいちばん強くなりたい!2 MQ,準現役,2025-06-04,385,55.0,7990.0,17763.0,3840.0,4
1279,Pフィーバー機動戦士ガンダムユニコーン再来 129ver.,準現役,2025-05-28,392,56.0,15610.0,32749.0,5902.0,3
1280,P乗物娘 with CYBER JAPAN DANCERS 2nd season LM3,準現役,2025-06-04,385,55.0,8940.0,16870.0,3478.0,4
1281,P攻殻機動隊SAC_2045 大入りLTver,準現役,2025-07-02,357,51.0,8590.0,17112.0,3762.0,7
1282,P海物語 極JAPAN HTH,準現役,2025-11-05,231,33.0,7930.0,14534.0,2339.0,23
1283,e 仮面ライダーBLACK KRJ2,準現役,2025-07-02,357,51.0,7890.0,17654.0,3630.0,7
1284,デジハネP北斗の拳 慈母 SSPC,現役,2026-06-24,0,0.0,8060.0,11994.0,3223.0,52
1285,P【超甘LT】江頭2:50inナナシー 奇跡の99%,準現役,2025-06-04,385,55.0,15800.0,24213.0,5053.0,3
1286,L ToLOVEるダークネス TRANCE ver.8.7,現役,2026-06-24,0,0.0,7404.0,37368.0,1524.0,52
1287,L花笠,準現役,2025-09-10,287,41.0,3925.0,17319.0,3241.0,5
1288,Pフィーバー機動戦士ガンダムユニコーン 再来 129ver.,準現役,2025-07-23,336,48.0,8630.0,18041.0,3199.0,7
1289,L ULTRAMAN,準現役,2025-09-10,287,41.0,2356.0,9480.0,1503.0,2
1290,L スマスロ デビル メイ クライ 5 スタイリッシュトライブ,準現役,2025-10-29,238,34.0,5521.0,20240.0,3478.0,19
1291,LBスマスロニューパルサーBT,準現役,2025-09-10,287,41.0,3621.0,9574.0,1221.0,5
1292,LBパチスロ1000ちゃんA,準現役,2025-09-10,287,41.0,4307.0,10333.0,1190.0,5
1293,LBプレミアムうまい棒,準現役,2025-09-10,287,41.0,4370.0,11377.0,2498.0,6
1294,LB翔べ!ハーレムエース,準現役,2025-09-10,287,41.0,5945.0,13717.0,2576.0,11
1295,Lいざ!番長,準現役,2026-02-04,140,20.0,7107.0,24910.0,3093.0,32
1296,Lスマスロ ギルティクラウン2,準現役,2025-09-10,287,41.0,3800.0,11914.0,1714.0,7
1297,P DD北斗の拳3 百突99ver.,準現役,2025-07-23,336,48.0,8260.0,13350.0,2941.0,6
1298,PA海物語3R3 LBA(クリスタルシェル),準現役,2025-07-02,357,51.0,10450.0,13042.0,2269.0,3
1299,PLT激デジ ジューシーハニー極嬢 77LT-ARB,準現役,2025-09-24,273,39.0,8070.0,15810.0,2902.0,12
1300,Pフィーバーマクロスフロンティア5 LT-Light ver.,準現役,2025-07-30,329,47.0,8890.0,16968.0,3367.0,6
1301,P緋弾のアリア ～緋緋神降臨～ 88Ver.,準現役,2025-09-10,287,41.0,7930.0,14999.0,3263.0,12
1302,e 新・必殺仕置人S 超斬撃99,準現役,2025-07-16,343,49.0,9000.0,18608.0,3586.0,5
1303,eフィーバー彼女、お借りします H,準現役,2025-09-10,287,41.0,8150.0,18929.0,3249.0,11
1304,e冴えない彼女の育てかた LX04,準現役,2025-07-30,329,47.0,9360.0,21572.0,3773.0,7
1305,e範馬刃牙 XAM2,準現役,2025-08-27,301,43.0,7780.0,18730.0,3495.0,10
1306,デジハネPモンスターハンターライズ GSPB,準現役,2025-07-09,350,50.0,7630.0,15602.0,3584.0,4
1307,L 絶対衝激～PLATONIC HEART～,準現役,2025-09-10,287,41.0,2592.0,6706.0,1443.0,6
1308,デカスタP戦国無双 HM3,準現役,2025-08-13,315,45.0,10680.0,22125.0,4478.0,8
1309,LBアレックス ブライト,準現役,2026-04-29,56,8.0,7875.0,18078.0,1677.0,37
1310,LBパチスロ ヱヴァンゲリヲン ～約束の扉～,準現役,2025-11-05,231,33.0,6501.0,13579.0,2062.0,16
1311,Lわたしの幸せな結婚,準現役,2025-09-10,287,41.0,7496.0,25629.0,1633.0,9
1312,PA CYBORG009 RULE OF SACRIFICE LT99Ver,準現役,2025-09-10,287,41.0,8010.0,15318.0,3072.0,8
1313,PAフィーバー機動戦士ガンダムユニコーン 再来 99ver.,準現役,2025-08-06,322,46.0,9810.0,17212.0,2791.0,4
1314,Pドラムだ!金ドン 花火外伝 99ver.,準現役,2025-08-06,322,46.0,8960.0,16940.0,3724.0,4
1315,e 犬夜叉3.0 LTM-TS,準現役,2025-07-30,329,47.0,11320.0,26307.0,5021.0,3
1316,eフィーバー炎炎ノ消防隊2 シンラver.,準現役,2025-09-17,280,40.0,7910.0,18994.0,4246.0,9
1317,eフィーバー炎炎ノ消防隊2 紅丸ver.,準現役,2025-11-05,231,33.0,8230.0,19764.0,2876.0,15
1318,e一方通行 とある魔術の禁書目録 JKZ,準現役,2025-11-05,231,33.0,8500.0,19066.0,3322.0,15
1319,e冒険島 EHLC2,準現役,2025-08-06,322,46.0,11710.0,28215.0,4382.0,4
1320,e東京リベンジャーズ GFEC,準現役,2026-01-07,168,24.0,12330.0,28811.0,5046.0,23
1321,ハイビリターン-30,現役,2026-06-24,0,0.0,7208.0,26393.0,2873.0,48
1322,PAコマコマ倶楽部with坂本冬美 89STver.,準現役,2025-09-10,287,41.0,9550.0,13314.0,2817.0,6
1323,e マギアレコード 魔法少女まどか☆マギカ外伝 KRJ1,準現役,2025-09-03,294,42.0,8680.0,20432.0,3460.0,5
1324,デカスタe花の慶次～傾奇一転 H6,準現役,2025-09-17,280,40.0,8300.0,17968.0,3057.0,7
1325,L アズールレーン THE ANIMATION,現役,2026-06-10,14,2.0,7177.0,27565.0,2804.0,42
1326,L ダーリン・イン・ザ・フランキス,準現役,2025-10-01,266,38.0,6054.0,25702.0,3478.0,8
1327,LBマタドールⅢ,準現役,2025-09-10,287,41.0,6388.0,14273.0,3267.0,5
1328,Lパチスロ 転生したら剣でした,準現役,2025-10-22,245,35.0,6169.0,20232.0,2674.0,10
1329,L咲-Saki- 頂上決戦,準現役,2025-10-01,266,38.0,6193.0,21472.0,3354.0,8
1330,Pクイーンズブレイド奈落 5400,準現役,2025-09-10,287,41.0,7770.0,17555.0,3344.0,4
1331,Pフィーバー戦姫絶唱シンフォギア4 LT-Light ver.,準現役,2025-12-03,203,29.0,8330.0,15954.0,3178.0,15
1332,Pフィーバー戦姫絶唱シンフォギア4 Light ver.,準現役,2025-10-29,238,34.0,7770.0,13099.0,2528.0,8
1333,eシャーマンキング MH,準現役,2025-09-17,280,40.0,7860.0,18826.0,2919.0,5
1334,eシャーマンキング でっけぇえなver.,準現役,2025-10-22,245,35.0,7040.0,16164.0,3496.0,9
1335,e牙狼12黄金騎士極限 XX-MJ,現役,2026-06-24,0,0.0,16870.0,39281.0,4676.0,43
1336,e真・一騎当千～軍神覚醒～ 319大入りver.,現役,2026-06-24,0,0.0,9280.0,21916.0,4378.0,43
1337,e黄門ちゃま寿限無 LLサイズ 9HC3,準現役,2026-01-07,168,24.0,10000.0,24376.0,5154.0,16
1338,e GODZILLA7 TYPE-CRASH,準現役,2025-09-24,273,39.0,9130.0,20576.0,2633.0,5
1339,e女神のカフェテラス JLZ,現役,2026-06-24,0,0.0,13090.0,31533.0,4892.0,25
1340,LBトリプルクラウン(2025年),準現役,2025-09-10,287,41.0,3197.0,7631.0,1217.0,1
1341,もっと!クレアの秘宝伝～女神の歌声と太陽の子供達～,準現役,2025-09-10,287,41.0,3744.0,7058.0,1955.0,1
1342,ドンちゃん2(2019年),準現役,2025-09-10,287,41.0,2580.0,5299.0,824.0,1
1343,ネオアイムジャグラーEX,現役,2026-06-24,0,0.0,10294.0,19637.0,2205.0,41
1344,LBクレアの秘宝伝 ～はじまりの扉と太陽の石～ ボーナストリガーver.,現役,2026-06-24,0,0.0,6463.0,15607.0,2552.0,34
1345,Lスマスロ ドルアーガの塔,準現役,2025-11-12,224,32.0,6030.0,15759.0,2843.0,8
1346,Lスマスロ 東京リベンジャーズ,準現役,2026-01-21,154,22.0,7262.0,23963.0,2817.0,17
1347,P FAIRY TAIL 超一夜Ver.,準現役,2025-11-12,224,32.0,7970.0,16572.0,3402.0,8
1348,P アズールレーン THE ANIMATION 異次元トリガー 79ver.,現役,2026-06-03,21,3.0,8590.0,15327.0,2617.0,36
1349,PAぱちんこ シン・エヴァンゲリオン PREMIUM MODEL,準現役,2025-10-16,251,35.9,8140.0,14670.0,2421.0,4
1350,P戦国乙女7 終焉の関ケ原 LLサイズ 299ver.,準現役,2026-04-08,77,11.0,7360.0,16539.0,3921.0,20
1351,SLOTドルアーガの塔,準現役,2025-11-19,217,31.0,5762.0,14216.0,2824.0,9
1352,eパリピ孔明 NB,準現役,2025-09-24,273,39.0,11080.0,24960.0,4522.0,2
1353,eフィーバーブルーロック MZ,準現役,2026-01-07,168,24.0,12380.0,29863.0,5909.0,15
1354,デジハネP 頭文字D せかんど GCPC,準現役,2025-10-16,251,35.9,7440.0,15678.0,2561.0,4
1355,LBマジカルハロウィン ボーナストリガー,準現役,2025-12-03,203,29.0,6072.0,15206.0,3571.0,9
1356,P【超甘LT】豊丸のとあるパチンコにしみけん参戦 感度UP1/39,準現役,2025-10-01,266,38.0,14610.0,26792.0,5604.0,1
1357,Pルパン三世 ONE COLLECTION 100ver.,準現役,2026-01-21,154,22.0,8700.0,16878.0,4102.0,15
1358,デカスタPデビルマン THE FINAL 179ver.,準現役,2025-10-01,266,38.0,10210.0,21091.0,2533.0,1
1359,Lスマスロ バベル(2025年),準現役,2025-10-22,245,35.0,7043.0,27331.0,5368.0,2
1360,Lスマスロ 新鬼武者3,準現役,2026-02-18,126,18.0,7250.0,24997.0,3046.0,18
1361,L主役は銭形5,準現役,2026-02-25,119,17.0,6588.0,29262.0,3092.0,18
1362,P 冬のソナタ My Memory SWEET Version,準現役,2025-11-05,231,33.0,9510.0,13878.0,2061.0,4
1363,PAフィーバーダンジョンに出会いを求めるのは間違っているだろうか2 LT-Light ver.,準現役,2025-11-05,231,33.0,9340.0,18272.0,3762.0,4
1364,Pスーパー海物語IN沖縄6 LTP,現役,2026-06-24,0,0.0,11430.0,18305.0,1822.0,34
1365,e ベルセルク無双 第2章 H3,準現役,2025-11-05,231,33.0,8710.0,20210.0,3922.0,4
1366,e 聖戦士ダンバイン3 ZEROSONIC GREA,準現役,2025-12-10,196,28.0,7500.0,18028.0,3751.0,9
1367,eとある科学の超電磁砲 PHASE NEXT LTRSY,準現役,2025-11-05,231,33.0,22400.0,54225.0,9645.0,4
1368,eガールズ＆パンツァー 最終章 LAH1,準現役,2026-01-07,168,24.0,12030.0,28736.0,5537.0,12
1369,L 荒野のコトブキ飛行隊,準現役,2025-11-19,217,31.0,6388.0,21193.0,3638.0,4
1370,LB SHAKE BONUS TRIGGER,現役,2026-06-24,0,0.0,8340.0,20277.0,1706.0,33
1371,PA義風堂々!!～兼続と慶次～3 99Ver.,準現役,2026-01-28,147,21.0,7880.0,14892.0,4043.0,10
1372,Pゴッドイーター199 ゴッドトリガーVER.,準現役,2025-11-19,217,31.0,8370.0,19512.0,3664.0,4
1373,デカスタP STEINS；GATE 0 まゆしぃば～じょん,現役,2026-06-24,0,0.0,8120.0,12423.0,3001.0,31
1374,L 絶対衝激Ⅳ,準現役,2025-12-24,182,26.0,5862.0,21178.0,4150.0,6
1375,Lスマスロ とある科学の超電磁砲2,準現役,2026-04-08,77,11.0,6338.0,21502.0,3392.0,17
1376,Lパチスロ 革命機ヴァルヴレイヴ2,現役,2026-06-24,0,0.0,7126.0,28547.0,2092.0,28
1377,P Re:ゼロから始める異世界生活 鬼がかり 199ver.,準現役,2026-03-04,112,16.0,9650.0,22838.0,5208.0,16
1378,P Re:ゼロから始める異世界生活 鬼がかり 99ver.,準現役,2026-02-04,140,20.0,8270.0,16306.0,3900.0,12
1379,P いくさの子 戦極最強 ドデカ199ver.,準現役,2025-12-03,203,29.0,10300.0,22339.0,4868.0,4
1380,Pはねものファインプレー H3,準現役,2026-04-15,70,10.0,11500.0,8620.0,1690.0,20
1381,P転生したらスライムだった件 129ver.,準現役,2025-12-10,196,28.0,10180.0,17075.0,2336.0,5
1382,e ノーゲーム・ノーライフ 199Ver.,準現役,2026-01-07,168,24.0,10770.0,25955.0,4866.0,8
1383,e ノーゲーム・ノーライフ 319Ver.,準現役,2025-12-24,182,26.0,7530.0,18682.0,4989.0,6
1384,e 仮面ライダー電王 デカヘソ239,準現役,2026-03-04,112,16.0,8180.0,18957.0,4724.0,15
1385,eとある科学の超電磁砲 PHASE NEXT LT RSY,準現役,2026-02-11,133,19.0,8530.0,20601.0,3183.0,13
1386,eフィーバーもののがたり F,準現役,2026-04-08,77,11.0,7970.0,19394.0,3685.0,21
1387,eルパン三世VSキャッツ・アイ MAH4,準現役,2026-02-04,140,20.0,8240.0,19593.0,3855.0,12
1388,e源外伝 EPISODE OF -大龍- EHLG,準現役,2025-12-03,203,29.0,8810.0,19962.0,3947.0,4
1389,e花の慶次～黄金の一撃 H4,準現役,2026-05-13,42,6.0,9290.0,21758.0,4455.0,20
1390,Lスマスロネオプラネット,準現役,2026-01-14,161,23.0,7645.0,25517.0,3500.0,7
1391,Pメイドインアビス 奈落の連環蝕 SL,準現役,2025-12-10,196,28.0,8790.0,18281.0,3311.0,3
1392,e女神のカフェテラス FLX,準現役,2026-03-25,91,13.0,16950.0,40526.0,6894.0,17
1393,Lスマスロ 化物語,準現役,2026-05-20,35,5.0,6832.0,21185.0,1782.0,23
1394,Lバーニングエクスプレス,準現役,2026-01-14,161,23.0,8000.0,29536.0,3460.0,5
1395,Lプリズムナナ(2025年),現役,2026-06-17,7,1.0,5835.0,25332.0,4397.0,26
1396,L銀河英雄伝説 Die Neue These,準現役,2026-02-04,140,20.0,7707.0,25181.0,2809.0,8
1397,PAフィーバーからくりサーカス2 Light ver.,準現役,2026-01-21,154,22.0,9400.0,18411.0,3198.0,6
1398,PA海物語 極JAPAN Withナギナミ HBD,準現役,2026-04-01,84,12.0,9440.0,13294.0,2294.0,9
1399,PA野生の王国Ⅵ N2,準現役,2026-04-22,63,9.0,8460.0,13122.0,2951.0,16
1400,e アズールレーン2 THE ANIMATION 超次元 K6,準現役,2026-03-25,91,13.0,8140.0,18877.0,3751.0,13
1401,e 北斗の拳11 暴凶星 SHEF,現役,2026-06-24,0,0.0,9120.0,21578.0,3537.0,28
1402,eうしおととら～神のせSPEC～ 150ver.,準現役,2026-02-04,140,20.0,9790.0,23288.0,5015.0,8
1403,e地獄少女 7500Ver.,現役,2026-06-10,14,2.0,7990.0,19717.0,3575.0,26
1404,L 無職転生 ～異世界行ったら本気だす～,準現役,2026-05-13,42,6.0,8857.0,30325.0,4915.0,17
1405,LB不二子BT,現役,2026-05-27,28,4.0,6990.0,14543.0,1604.0,21
1406,Lスマスロ 沖ドキ!DUO アンコール,現役,2026-05-27,28,4.0,6272.0,27202.0,2826.0,21
1407,Lスマスロ 秘宝伝(2025年),準現役,2026-03-11,105,15.0,6238.0,20535.0,3659.0,11
1408,P沖ドキ!ドキドキ弾丸ツアー LG,準現役,2026-05-13,42,6.0,8500.0,18006.0,5989.0,20
1409,e 新世紀エヴァンゲリオン ～はじまりの記憶～ R,現役,2026-06-24,0,0.0,12050.0,28781.0,3313.0,26
1410,LBスマート沖スロ ニューキングハナハナV,現役,2026-06-24,0,0.0,9233.0,17538.0,1749.0,24
1411,Lスマスロ 北斗の拳 転生の章2,現役,2026-06-24,0,0.0,8164.0,29890.0,842.0,21
1412,Lスマスロ鉄拳6,準現役,2026-04-08,77,11.0,7327.0,25955.0,2486.0,13
1413,P ゴジラ対エヴァンゲリオン2 超デカシルバー,準現役,2026-02-25,119,17.0,10060.0,20402.0,3661.0,7
1414,PA清流物語4 ウキウキ79ver.,準現役,2026-03-18,98,14.0,9200.0,13983.0,2301.0,10
1415,Pフィーバーうたわれるもの LT-Light ver.,準現役,2026-02-04,140,20.0,10530.0,20039.0,3752.0,4
1416,Pフィーバー彼女、お借りします LT-Light ver.,準現役,2026-03-04,112,16.0,10430.0,21178.0,4111.0,8
1417,SBニューキングハナハナV-30,現役,2026-06-24,0,0.0,12669.0,22839.0,1745.0,24
1418,e ゴジラ対エヴァンゲリオン2 超デカゴールド,準現役,2026-03-18,98,14.0,7900.0,18822.0,3232.0,10
1419,e ソードアート・オンライン 閃光の軌跡 99Ver.,現役,2026-06-24,0,0.0,8500.0,17111.0,2928.0,15
1420,e 盾の勇者の成り上がり アルティメット199ver.,準現役,2026-02-25,119,17.0,8290.0,21393.0,4783.0,7
1421,eようこそ実力至上主義の教室へ MA,現役,2026-06-10,14,2.0,8960.0,21394.0,3054.0,22
1422,e吉宗 極乗3000ver.,準現役,2026-04-22,63,9.0,8370.0,19632.0,3933.0,15
1423,P【超甘LT】華牌RR 1/49×99de遊タイム,準現役,2026-02-25,119,17.0,8820.0,15383.0,3398.0,5
1424,P閃乱カグラ 189大入りver.,現役,2026-06-24,0,0.0,7340.0,15278.0,3830.0,21
1425,e ULTRAMAN 4500超ライト,準現役,2026-02-11,133,19.0,9370.0,21686.0,2999.0,3
1426,e範馬刃牙 199ver.,準現役,2026-03-25,91,13.0,8770.0,21790.0,3294.0,8
1427,Lスマスロ ゴブリンスレイヤーⅡ,準現役,2026-03-18,98,14.0,5490.0,24881.0,4222.0,6
1428,Lスマスロ ハナビ(2026年),現役,2026-06-24,0,0.0,7797.0,14972.0,2024.0,20
1429,Lスマスロ 攻殻機動隊(2026年),現役,2026-06-24,0,0.0,9585.0,31930.0,3259.0,20
1430,Lパチスロ 炎炎ノ消防隊2,現役,2026-06-24,0,0.0,9391.0,30581.0,3160.0,20
1431,Lパチスロうみねこのなく頃に2,現役,2026-06-24,0,0.0,12541.0,21243.0,-690.0,20
1432,L範馬刃牙,準現役,2026-04-01,84,12.0,6583.0,23040.0,3826.0,8
1433,PA乗物娘 with CYBER JAPAN DANCERS 2nd season 77ver.,準現役,2026-03-04,112,16.0,10380.0,14935.0,3413.0,4
1434,P俺の妹がこんなに可愛いわけがない。 攻略!!スキップ159ver.,準現役,2026-02-25,119,17.0,12880.0,27629.0,3226.0,3
1435,P冴えない彼女の育てかた 99ver.,現役,2026-06-10,14,2.0,8120.0,17314.0,3379.0,14
1436,P黄門ちゃま寿限無 99ver.,準現役,2026-04-15,70,10.0,8480.0,17059.0,2926.0,10
1437,e 真・北斗無双 第5章 夢幻闘双 SCEA,準現役,2026-04-01,84,12.0,6870.0,18128.0,4036.0,8
1438,eフィーバーBASTARD!! -暗黒の破壊神- G,準現役,2026-04-08,77,11.0,8180.0,20063.0,4060.0,8
1439,e異世界でチート能力を手にした俺は現実世界をも無双する ～レベルアップは人生を変えた～ FSZ,準現役,2026-04-15,70,10.0,7870.0,18335.0,4005.0,10
1440,P黄門ちゃま寿限無 LLサイズ 259ver.,準現役,2026-02-18,126,18.0,9520.0,17747.0,4560.0,1
1441,P 俺の妹がこんなに可愛いわけがない。 攻略!!スキップ159ver.,準現役,2026-03-25,91,13.0,8800.0,18920.0,3460.0,2
1442,LBスマスロ サンダーV(2026年),現役,2026-06-24,0,0.0,9150.0,20288.0,1657.0,16
1443,Lスマスロ 甲鉄城のカバネリ 海門決戦,現役,2026-06-24,0,0.0,12773.0,39827.0,2313.0,16
1444,P Re:ゼロから始める異世界生活 season2 129ver.,現役,2026-06-24,0,0.0,9640.0,21530.0,4189.0,16
1445,P Re:ゼロから始める異世界生活 season2 249ver.,現役,2026-06-03,21,3.0,7650.0,18007.0,3246.0,12
1446,P戦国乙女7 終焉の関ケ原 99ver.,現役,2026-06-24,0,0.0,8900.0,16067.0,3157.0,16
1447,P痛いのは嫌なので防御力に極振りしたいと思います。 極振り129ver,現役,2026-06-10,14,2.0,7790.0,17313.0,3392.0,12
1448,e 甲鉄城のカバネリ2 咲かせや燦然 GFEA,準現役,2026-05-13,42,6.0,10540.0,25761.0,5121.0,10
1449,e 魔法少女まどか☆マギカ3 時間遡行～始まりの願い～ LPM1,現役,2026-06-17,7,1.0,7920.0,18745.0,3035.0,15
1450,eアクダマドライブ EHLT,準現役,2026-05-13,42,6.0,10180.0,24188.0,5257.0,10
1451,eフィーバーダンベル何キロ持てる？2 F,現役,2026-06-03,21,3.0,7670.0,18571.0,3340.0,13
1452,eワンパンマン2～正義執行 LM10,現役,2026-06-10,14,2.0,8100.0,17995.0,3486.0,14
1453,e牙狼11～冴島大河～ 魔戒BURST Ver.,準現役,2026-04-22,63,9.0,8080.0,18545.0,3425.0,7
1454,P モモキュンソード 速撃99ver.,準現役,2026-05-13,42,6.0,9740.0,19207.0,4194.0,8
1455,Pえとたま2 神祭 干支甘,準現役,2026-04-15,70,10.0,8910.0,17327.0,3274.0,4
1456,e スマパチ SSSS.GRIDMAN メガSTART 159ver.,準現役,2026-05-20,35,5.0,6540.0,13835.0,3801.0,8
1457,e 乃木坂46 Ⅱ SWEET Version,準現役,2026-05-06,49,7.0,9060.0,17017.0,4103.0,7
1458,LB A-SLOT+ 異世界かるてっと BT,現役,2026-06-24,0,0.0,7562.0,20049.0,2075.0,11
1459,Lアクダマドライブ,現役,2026-06-24,0,0.0,5037.0,24289.0,4735.0,10
1460,Lスマスロヨルムンガンド,準現役,2026-05-20,35,5.0,6131.0,21787.0,3143.0,6
1461,L真打 吉宗,現役,2026-06-24,0,0.0,12161.0,50756.0,8269.0,11
1462,L虚構推理,現役,2026-06-24,0,0.0,8049.0,28583.0,3644.0,11
1463,P にゃんこ大戦争 多様性のネコ 神さまにおまかせ88ver.,現役,2026-06-17,7,1.0,9440.0,17916.0,2279.0,10
1464,P ウルトラマンメビウス デカヘソ319,準現役,2026-05-13,42,6.0,10120.0,22686.0,4076.0,5
1465,e 終末のワルキューレ EREA,準現役,2026-05-13,42,6.0,10750.0,27901.0,5681.0,5
1466,eラグナドール 妖しき皇帝と終焉の夜叉姫 CMB,準現役,2026-05-13,42,6.0,11820.0,27230.0,5455.0,5
1467,eリコリス・リコイル M3,現役,2026-06-24,0,0.0,22580.0,52532.0,7790.0,11
1468,e転生したらスライムだった件2 MF,現役,2026-06-24,0,0.0,9790.0,23089.0,3642.0,11
1469,Lアニマルスロットドッチ,現役,2026-06-24,0,0.0,8503.0,30131.0,5823.0,9
1470,Lスマスロ ミリオンゴッド-神々の軌跡-,現役,2026-06-24,0,0.0,13303.0,55564.0,12259.0,9
1471,Lパチスロ 機動戦士ガンダムユニコーン 覚醒DRIVE,準現役,2026-05-20,35,5.0,5856.0,24211.0,3354.0,4
1472,e86-エイティシックス- MAM2,現役,2026-06-24,0,0.0,11370.0,27796.0,5806.0,9
1473,eフィーバーキン肉マン,現役,2026-06-24,0,0.0,13250.0,31377.0,5549.0,9
1474,eリング 最恐領域 RHA,現役,2026-06-24,0,0.0,9940.0,24407.0,4496.0,9
1475,Lスマスロ スーパーリオエース2,現役,2026-06-24,0,0.0,8993.0,32052.0,4673.0,6
1476,Lスマスロ バイオハザードRE:3,現役,2026-06-24,0,0.0,6817.0,24976.0,3920.0,6
1477,Lスマスロ ビッグドリーム THE GOLDEN PUSHER,現役,2026-06-24,0,0.0,6330.0,35464.0,6955.0,6
1478,Lタクトオーパス デスティニー,現役,2026-06-24,0,0.0,8652.0,27286.0,4548.0,6
1479,Pクイーンズブレイド奈落 ナナエル79Ver.,現役,2026-06-10,14,2.0,9750.0,19814.0,3405.0,4
1480,PフィーバークィーンⅡ YS,現役,2026-06-24,0,0.0,10760.0,12952.0,2274.0,6
1481,e バイオハザード6 APN,現役,2026-06-24,0,0.0,11280.0,27456.0,5658.0,6
1482,eひきこまり吸血姫の悶々 FHV,現役,2026-06-24,0,0.0,18550.0,42335.0,7553.0,6
1483,eまわるん超ワープ ギンギラパラダイス VIVA FESTA HTA2,現役,2026-06-10,14,2.0,10770.0,22938.0,3246.0,4
1484,eカケグルイ 7500ver,現役,2026-06-24,0,0.0,11060.0,27599.0,4716.0,6
1485,eライザのアトリエ 常闇の女王と秘密の隠れ家 K3,現役,2026-06-10,14,2.0,10250.0,24166.0,3979.0,4
1486,eルパン三世VSキャッツ・アイ 157ver. 極限突破ブッた斬り7500,現役,2026-06-17,7,1.0,8710.0,20565.0,3989.0,5
1487,デカスタP戦国無双 100ver.,現役,2026-06-24,0,0.0,9410.0,16557.0,2822.0,6
1488,LBスロットGALFY,現役,2026-06-24,0,0.0,8492.0,21468.0,1981.0,4
1489,P 犬夜叉3.0 大入り 甘SPEC,現役,2026-06-24,0,0.0,12000.0,23692.0,4557.0,4
1490,Lスマスロ BIRDIE WING -Golf Girls’ Story-,現役,2026-06-24,0,0.0,10339.0,40418.0,5769.0,2
1491,Lスロット ソードアート・オンラインⅡ,現役,2026-06-24,0,0.0,22792.0,92588.0,16340.0,2
1492,L戦国乙女5 業火を穿つ宿焔の双刃,現役,2026-06-24,0,0.0,23223.0,76749.0,10540.0,2
1493,P 魔法少女まどか☆マギカ3 キュゥべえver.,現役,2026-06-24,0,0.0,20180.0,39609.0,6332.0,2
1494,PAスーパー海物語IN沖縄6 Withえなこ RBD,現役,2026-06-24,0,0.0,17930.0,22286.0,4001.0,2
1495,PA花の慶次～傾奇一転 87ver.,現役,2026-06-24,0,0.0,16570.0,24937.0,5623.0,2
1496,e 化物語 鬼99ver.,現役,2026-06-24,0,0.0,16140.0,37255.0,7490.0,2
1497,e 学園黙示録ハイスクール・オブ・ザ・デッド3 V1A,現役,2026-06-24,0,0.0,14230.0,33688.0,7145.0,2
1498,e 東京喰種 超デカ 超一撃 ver.,現役,2026-06-24,0,0.0,41270.0,91375.0,13047.0,2
1499,eソードアート・オンライン オルタナティブ ガンゲイル・オンライン M08,現役,2026-06-24,0,0.0,23470.0,59220.0,9334.0,2
1500,eフィーバー デッドマウント・デスプレイ 魂神9000,現役,2026-06-24,0,0.0,18650.0,45052.0,8768.0,2
1501,e冥妃転生 CMP,現役,2026-06-24,0,0.0,15810.0,38274.0,7229.0,2
1502,遊moreLT PエガブレイブVVV AX4,現役,2026-06-24,0,0.0,15340.0,20002.0,8754.0,2
